"paper_table_order","paper_common_name","species","route","source_id","region","specificity","rung","dep_class","t_pathway","t_config","h_usemode","h_lifestage","h_config","review_flag","evidence","note","coder_id"
1,"Baardman","Umbrina robinsoni","H","Attwood et al. (2016) - Seasonally and spatially referenced estimates of recreational shore-angling effort, catch composition, catch rates and total catch in the Goukamma Marine Protected Area, South Africa.pdf","East","Medium",0,,"not_applicable","not_applicable","non-kelp","unspecified","not_applicable","no","Belman (34 fish, 2.7%) caught in the non-kelp Goukamma MPA; catches widely dispersed along the western half of the MPA. Level-0 observed_alternative on the habitat route.",,"agent:opus:rfbf-v7.1"
1,"Baardman","Umbrina robinsoni","H","Bullock et al. (2021) - A decade of surf-zone linefish monitoring in the Dwesa-Cwebe Marine Protected Area.pdf","East","Medium",0,,"not_applicable","not_applicable","non-kelp","unspecified","not_applicable","no","Baardman was captured (n=16) in the Dwesa-Cwebe MPA surf zone on the Eastern Cape east coast, beyond the eastern kelp limit. Observed occupying non-kelp East-coast habitat with no kelp or diet data: level-0 habitat observed_alternative. Trophic route unassessed.",,"agent:opus:rfbf-v7.1"
1,"Baardman","Umbrina robinsoni","H","Day (1970) - The biology of False Bay, South Africa.pdf","West","Low",0,,"not_applicable","not_applicable","non-kelp","unspecified","not_applicable","yes","The baardman congregates along shallow sandy shores, an occupied non-kelp habitat at the sampled place and time (level 0 observed alternative). Flagged for review for the same identity uncertainty as R07.",,"agent:opus:rfbf-v7.1"
1,"Baardman","Umbrina robinsoni","H","Dicken (2010) - The ichthyofauna in the Port of Ngqura, South Africa.pdf","East","Medium",0,,"not_applicable","not_applicable","non-kelp","adult","not_applicable","no","Baardman (all mature) caught at the dolosse (non-kelp) habitat in Algoa Bay east of the kelp limit. Level-0 observed_alternative on the habitat route.",,"agent:opus:rfbf-v7.1"
1,"Baardman","Umbrina robinsoni","H","Dicken et al. (2012) - Long-term catch and effort trends in Eastern Cape Angling Week competitions.pdf","East","Medium",0,,"not_applicable","not_applicable","non-kelp","both","not_applicable","no","Eastern Cape shore fishery east of the kelp limit; Table 1 records Umbrina robinsoni caught in non-kelp habitat (50 fish). Level-0 observed_alternative on the habitat route. Trophic route unassessed (no diet data).",,"agent:opus:rfbf-v7.1"
1,"Baardman","Umbrina robinsoni","H","Dunlop & Mann (2013)-An assessment of participation catch and effort in the offshore boat based line fishery in KZN.pdf","East","Low",0,,"not_applicable","not_applicable","non-kelp","unspecified","not_applicable","no","East-region KZN catch survey; no kelp. Baardman (inshore sciaenid) recorded in recreational and charter catches, documenting occurrence in non-kelp KZN inshore waters. Level-0 observed_alternative, habitat route.",,"agent:opus:rfbf-v7.1"
1,"Baardman","Umbrina robinsoni","H","Geldenhuys (2015) - Quantitative fish survey of the submarine canyons of the iSimangaliso Wetland Park.pdf","East","Medium",0,,"not_applicable","not_applicable","non-kelp","unspecified","not_applicable","no","Deep-reef ROV video census off Sodwana Bay (northern KwaZulu-Natal), far east of the kelp limit; region East, non-kelp habitat. Umbrina robinsoni was recorded occupying deep subtropical reef/canyon habitat in Jesser and Chaka canyons at deep-reef depth classes (~100-120 m; Table 3 and Appendix 1, vi",,"agent:opus:rfbf-v7.1"
1,"Baardman","Umbrina robinsoni","H","Gonzalez (2024) - Baited remote underwater video surveys report, Stilbaai Marine Protected Area (2013-2016).pdf","East","Medium",0,,"not_applicable","not_applicable","non-kelp","unspecified","not_applicable","no","Umbrina robinsoni was recorded by baited remote underwater video in the Stilbaai MPA (Table 3; present in 2013, 2014 per Table 4). Stilbaai lies on the warm-temperate south coast east of Cape Agulhas/De Hoop, beyond the eastern range limit of Ecklonia maxima, and the report explicitly states that th",,"agent:opus:rfbf-v7.1"
1,"Baardman","Umbrina robinsoni","H","Hutchings (2005) - Taxonomy, biology, and management of the genus Umbrina.pdf","Both","High",0,,"not_applicable","not_applicable","non-kelp","both","not_applicable","no","Umbrina robinsoni is documented occupying non-kelp habitats along the South African coast: juveniles in mixed rock-and-sand surf-zone habitats and adults along sandy beaches, mixed rock/sand surf-zones and subtidal limestone/sandstone reefs (p.45, PDF 58). Table 1.2 (p.15, PDF 28) shows surf-zone oc",,"agent:opus:rfbf-v7.1"
1,"Baardman","Umbrina robinsoni","H","Hutchings and Griffiths (2005) - Identity and distribution of the genus Umbrina.pdf","Both","Medium",0,,"not_applicable","not_applicable","non-kelp","both","not_applicable","no","Umbrina robinsoni is an in-scope model species and the primary regional subject of this taxonomic/distributional paper. Its documented South African range includes the West (kelp) coast (False Bay/Cape Point; Table 2 SWC n=116) and extends east to the Mocambique border and beyond. The source repeate",,"agent:opus:rfbf-v7.1"
1,"Baardman","Umbrina robinsoni","H","Hutchings and Griffiths (2010) - Assessment of Umbrina robinsoni.pdf","West","Medium",0,,"not_applicable","not_applicable","non-kelp","both","not_applicable","no","The paper is a per-recruit fisheries stock assessment of Umbrina robinsoni at False Bay, Stil Bay and the KwaZulu-Natal coast; it addresses fishing and natural mortality, growth, size and bag limits, and spawner-biomass reference points. A full-text search returns no mention of kelp, Ecklonia, seawe",,"agent:opus:rfbf-v7.1"
1,"Baardman","Umbrina robinsoni","H","Hutchings and Griffiths (2010) - Life history strategies of Umbrina robinsoni.pdf","Both","Medium",0,,"not_applicable","not_applicable","non-kelp","both","not_applicable","yes","This is a life-history study (age, growth, reproduction, mortality); it makes no observation of kelp anywhere. Its primary sampling documents U. robinsoni occupying non-kelp habitats: broken limestone reef, mixed rock and sand, and surf zone at De Hoop (warm-temperate) and offshore limestone/coral r",,"agent:opus:rfbf-v7.1"
1,"Baardman","Umbrina robinsoni","H","Jairam (2005) - COMMERCIAL AND RECREATIONAL MARINE SKIBOAT LINEFISHERIES IN RICHARDS BAY.pdf","East","Low",0,,"not_applicable","not_applicable","non-kelp","unspecified","not_applicable","no","A single Umbrina robinsoni (baardman) recorded in the Richards Bay commercial catch, beyond the eastern kelp limit. Documents occurrence in a non-kelp east-coast setting (level-0 observed_alternative, habitat route). Identity distinct from the recreational U. canariensis. No kelp assessed; trophic r",,"agent:opus:rfbf-v7.1"
1,"Baardman","Umbrina robinsoni","H","Lasiak (1984).pdf","East","Medium",0,,"not_applicable","not_applicable","non-kelp","unspecified","not_applicable","yes","'Umbrina capensis' (baardman) is a frequent resident of the King's Beach sandy surf-zone (East). Mapped to Umbrina robinsoni (frame common name 'Bardman'), but the historical name's allocation between U. robinsoni and U. canariensis is uncertain, hence review. Non-kelp habitat occupancy = level-0 ob",,"agent:opus:rfbf-v7.1"
1,"Baardman","Umbrina robinsoni","H","Maggs et al (2013)-Contribution of a large no take zone to the management of vulnerable reef fishes in the south western indian ocean.pdf","East","Low",0,,"not_applicable","not_applicable","non-kelp","unspecified","not_applicable","no","Umbrina robinsoni (baardman/bardman) was caught in the Pondoland MPA survey on East-Coast reef at 10–30 m (1 individual, Table A1), east of the kelp limit. Level-0 observed_alternative on the habitat route; trophic route unassessed. Region East.",,"agent:opus:rfbf-v7.1"
1,"Baardman","Umbrina robinsoni","H","Mann and Pradervand (2007) - Declining catch per unit effort of an estuarine-dependent fish, Rhabdosargus sarba (Teleostei, Sparidae), in the marine environment following closure of the St Lucia Estuarine System, South Africa.pdf","East","Low",0,,"not_applicable","not_applicable","non-kelp","unspecified","not_applicable","no","Caught in the northern KZN marine surf/reef zone (Table 1); documented occurrence in a non-kelp habitat outside the kelp range. Level-0 observed_alternative on the habitat route. No trophic data.",,"agent:opus:rfbf-v7.1"
1,"Baardman","Umbrina robinsoni","H","Mann et al. (2006) - Towards the declaration of a large marine protected area, a subtidal ichthyofaunal survey of the Pondoland coast in the Eastern Cape, South Africa.pdf","East","High",0,,"not_applicable","not_applicable","non-kelp","unspecified","not_applicable","no","Counted in the Pondoland UVC (Table 1: N=35, density 2.43 per 1 000 m2) on non-kelp reefs, Eastern Cape. Level-0 observed_alternative on the habitat route.",,"agent:opus:rfbf-v7.1"
1,"Baardman","Umbrina robinsoni","H","Mann et al. (2015) - Movement patterns of surf-zone fish species in a subtropical MPA on the east coast of South Africa.pdf","East","Low",0,,"not_applicable","not_applicable","non-kelp","unspecified","not_applicable","no","East-coast subtropical MPA beyond the kelp limit; no kelp present. U. robinsoni was caught (22) in the surf zone (sand and scattered low-relief beach-rock reef), documenting occupancy of a non-kelp habitat. Level-0 observed_alternative on the habitat route; no availability, kelp or diet data.",,"agent:opus:rfbf-v7.1"
1,"Baardman","Umbrina robinsoni","H","Mann et al. (2016) - Monitoring the recovery of a previously exploited surf-zone fish community in the St Lucia Marine Reserve, South Africa.pdf","East","Medium",0,,"not_applicable","not_applicable","non-kelp","unspecified","not_applicable","no","Umbrina robinsoni was captured (n=18) in the St Lucia surf zone on the KwaZulu-Natal east coast, documenting occupancy of a non-kelp surf-zone habitat. Level-0 observed_alternative on the habitat route; region East, no kelp present. No diet or kelp comparison.",,"agent:opus:rfbf-v7.1"
1,"Baardman","Umbrina robinsoni","H","Mann et al. (2022) - Monitoring the effects of spatial protection on the reef fish communities of the Pondoland Marine Protected Area, Eastern Cape Province, South Africa.pdf","East","Medium",0,,"not_applicable","not_applicable","non-kelp","unspecified","not_applicable","no","In-scope baardman (Umbrina robinsoni) recorded on Pondoland reef (10–30 m, Eastern Cape east coast), east of the kelp range. Occupies non-kelp reef habitat; kelp neither measured nor mentioned. Level-0 observed_alternative on the habitat route; trophic route unassessed.",,"agent:opus:rfbf-v7.1"
1,"Baardman","Umbrina robinsoni","H","Osgood et al. (2020) - Chondrichthyans as an umbrella species-complex for conserving South African biodiversity.pdf","West","Low",0,,"not_applicable","not_applicable","non-kelp","unspecified","not_applicable","no","Slender baardman is observed on BRUV in the kelp region at non-kelp sites (central RDA position). Level-0 observed_alternative on the habitat route. Trophic route unassessed.",,"agent:opus:rfbf-v7.1"
1,"Baardman","Umbrina robinsoni","H","Pradervand and Hiseman (2006) - An analysis of the recreational shore fishery in the Goukamma Marine Protected Area.pdf","East","Medium",0,,"not_applicable","not_applicable","non-kelp","unspecified","not_applicable","no","Table 1 records 70 baardman (Umbrina robinsoni) in the Goukamma MPA shore fishery, east of the eastern kelp limit, in non-kelp coastal habitat. Occurrence only, no diet or kelp-structure use, no measured availability. Level-0 observed-alternative habitat record. Trophic route unassessed.",,"agent:opus:rfbf-v7.1"
1,"Baardman","Umbrina robinsoni","H","Venter and Mann (2012) - Preliminary assessment of surf-zone and estuarine line-fish species of the Dwesa-Cwebe Marine Protected Area.pdf","East","Low",0,,"not_applicable","not_applicable","non-kelp","unspecified","not_applicable","no","Recorded in the East-region non-kelp surf-zone (2 individuals, 0.19%). Kelp neither measured nor mentioned. Level-0 observed_alternative on the habitat route. No diet data, trophic route unassessed.",,"agent:opus:rfbf-v7.1"
1,"Baardman","Umbrina robinsoni","H","Whitfield et al. (2023) - Fishes of the Knysna Estuary.pdf","East","Low",0,,"not_applicable","not_applicable","non-kelp","adult","not_applicable","no","Baardman is documented entering the Knysna Estuary as a thermal refuge during upwelling events, a non-kelp habitat, giving a level-0 observed_alternative habitat record (transient occurrence).",,"agent:opus:rfbf-v7.1"
1,"Baardman","Umbrina robinsoni","T","Day (1970) - The biology of False Bay, South Africa.pdf","West","Low",0,,"non_kelp","not_applicable","not_applicable","unspecified","not_applicable","yes","The baardman feeds with kob and steenbras on the sandy-shore invertebrates Callianassa, Arenicola and Donax and on surf mullets, a non-kelp diet (level 0 observed alternative). Flagged for review because the species identity rests on matching the vernacular 'baardman' and the historical binomial 'Sc",,"agent:opus:rfbf-v7.1"
1,"Baardman","Umbrina robinsoni","T","Hutchings (2005) - Taxonomy, biology, and management of the genus Umbrina.pdf","East","Low",0,,"non_kelp","not_applicable","not_applicable","adult","not_applicable","no","The only diet statement for U. robinsoni is that the majority of its prey in the region are filter-feeding bivalves and polychaetes (Chapter 4, p.140, PDF 152), i.e. non-kelp benthic invertebrates in the De Hoop (East) area. This supports a level-0 observed_alternative on the trophic route (non-kelp",,"agent:opus:rfbf-v7.1"
1,"Baardman","Umbrina robinsoni","T","Hutchings and Griffiths (2010) - Life history strategies of Umbrina robinsoni.pdf","Both","Low",0,,"non_kelp","not_applicable","not_applicable","unspecified","not_applicable","yes","The source reports no primary trophic measurement (no stomach-content analysis); its methods concern otoliths, gonads, growth and mortality. The only diet information is a discussion statement that the major prey are filter-feeding bivalves and polychaetes, attributed to the authors' unpublished dat",,"agent:opus:rfbf-v7.1"
2,"Black musselcracker","Cymatoceps nasutus","H","Attwood et al. (2013) - the Proceedings of the 4th Linefish symposium.pdf","Both","Low",0,,"not_applicable","not_applicable","non-kelp","both","not_applicable","no","Poenskop is a coastal rocky-reef species with rocky intertidal nursery habitat spanning West and East; kelp is never mentioned, a level-0 habitat observed alternative (non-kelp reef).",,"agent:opus:rfbf-v7.1"
2,"Black musselcracker","Cymatoceps nasutus","H","Attwood et al. (2016) - Seasonally and spatially referenced estimates of recreational shore-angling effort, catch composition, catch rates and total catch in the Goukamma Marine Protected Area, South Africa.pdf","East","Low",0,,"not_applicable","not_applicable","non-kelp","unspecified","not_applicable","no","Poenskop/black musselcracker (1 fish, at Buffalo Bay) caught in the non-kelp Goukamma MPA. Presence-only observation of an in-scope species in non-kelp reef/shore habitat, level-0 observed_alternative on the habitat route.",,"agent:opus:rfbf-v7.1"
2,"Black musselcracker","Cymatoceps nasutus","H","Beckley and Buxton (1989) - UNDERWATER OBSERVATIONS OF REEF FISH IN AND AROUND ALGOA BAY, SOUTH AFRICA.pdf","East","Medium",0,,"not_applicable","not_applicable","non-kelp","both","not_applicable","no","Poenskop observed infrequently and in low numbers, adults and juveniles, on Algoa Bay non-kelp rocky reef East of the kelp range. Level-0 observed_alternative on the habitat route.",,"agent:opus:rfbf-v7.1"
2,"Black musselcracker","Cymatoceps nasutus","H","Bennett & Attwood (1993)-Shore-angling catches in the De Hoop Nature Reserve  South Africa  and further evidence for the protective value of marine reserves.pdf","East","Medium",0,,"not_applicable","not_applicable","non-kelp","unspecified","not_applicable","no","Cymatoceps nasutus (n=1) was caught by shore-angling at De Hoop in a non-kelp aeolianite beach-rock and sand surf zone at the eastern edge of the Ecklonia maxima range. Documented occurrence in non-kelp habitat with no diet or kelp-structure observation gives a level-0 observed_alternative on the ha",,"agent:opus:rfbf-v7.1"
2,"Black musselcracker","Cymatoceps nasutus","H","Brouwer and Buxton (2002) - Catch and effort of the shore and skiboat linefisheries along the South African Eastern Cape coast.pdf","East","Low",0,,"not_applicable","not_applicable","non-kelp","unspecified","not_applicable","no","Poenskop recorded in the Eastern Cape shore and commercial skiboat catches, east of the kelp limit: level-0 observed_alternative, habitat route.",,"agent:opus:rfbf-v7.1"
2,"Black musselcracker","Cymatoceps nasutus","H","Bullock et al. (2021) - A decade of surf-zone linefish monitoring in the Dwesa-Cwebe Marine Protected Area.pdf","East","High",0,,"not_applicable","not_applicable","non-kelp","unspecified","not_applicable","no","Black musselcracker (poenskop) was one of the most frequently caught species (n=356) over rocky-reef habitat in the Dwesa-Cwebe MPA on the Eastern Cape east coast, beyond the eastern kelp limit; the authors attribute its distribution to habitat, not kelp. Observed occupying non-kelp East-coast reef ",,"agent:opus:rfbf-v7.1"
2,"Black musselcracker","Cymatoceps nasutus","H","Burger (1990) - The distribution patterns and community structure of the Tsitsikamma rocky littoral ichthyofauna.pdf","East","Medium",0,,"not_applicable","not_applicable","non-kelp","unspecified","not_applicable","no","East-region record beyond the kelp coast. Cymatoceps nasutus was recorded on non-kelp shallow coralline reef at Tsitsikamma, where no kelp forest occurs. Documented occurrence in a non-kelp habitat: level-0 observed_alternative on the habitat route.",,"agent:opus:rfbf-v7.1"
2,"Black musselcracker","Cymatoceps nasutus","H","Buxton and Clarke (1989) - The growth of Cymatoceps nasutus with comments on diet and reproduction.pdf","East","Medium",0,,"not_applicable","not_applicable","non-kelp","both","not_applicable","no","The source's own habitat evidence is the diving observation on p.62 (E10): 'Although diving was restricted to depths shallower than 50 m, juveniles (Fig. 5) were only seen over reefs in shallow water (< 10 m), indicating that shallow subtidal reefs act as nurseries.' This documents in-scope juvenile",,"agent:opus:rfbf-v7.1"
2,"Black musselcracker","Cymatoceps nasutus","H","Clarke (1988) - Biological aspects of Sparodon durbanensis and Pachymetopon grande.pdf","East","Low",0,,"not_applicable","not_applicable","non-kelp","unspecified","not_applicable","no","Cymatoceps nasutus (poenskop, n=10) is landed in the study's Port Elizabeth inshore rock-angling catch survey, an Eastern Cape rocky-reef fishery east of the kelp limit. Documented occurrence in non-kelp habitat; kelp never mentioned. Level-0 observed_alternative on the habitat route.",,"agent:opus:rfbf-v7.1"
2,"Black musselcracker","Cymatoceps nasutus","H","Coetzee and Baird (1981) - Catch composition and catch per unit effort of anglers' catches off St Croix Island.pdf","East","Low",0,,"not_applicable","not_applicable","non-kelp","unspecified","not_applicable","no","Poenskop, in the St Croix Island angler catch at a non-kelp East-region rocky reef → level-0 observed_alternative on the habitat route.",,"agent:opus:rfbf-v7.1"
2,"Black musselcracker","Cymatoceps nasutus","H","De Vos et al. (2014) - Optimal BRUVs survey design for reef fish monitoring in the Stilbaai Marine Protected Area.pdf","East","Medium",0,,"not_applicable","not_applicable","non-kelp","unspecified","not_applicable","no","Recorded at 4 of 29 BRUVs sites on non-kelp sandstone reef at Stilbaai, east of the kelp limit (listed as black musselcracker, i.e. poenskop). No kelp present or measured; a level-0 observed_alternative on the habitat route. Feeding guild is secondary; trophic route unassessed.",,"agent:opus:rfbf-v7.1"
2,"Black musselcracker","Cymatoceps nasutus","H","Dicken et al. (2012) - Long-term catch and effort trends in Eastern Cape Angling Week competitions.pdf","East","Medium",0,,"not_applicable","not_applicable","non-kelp","both","not_applicable","no","Eastern Cape shore fishery east of the kelp limit; Table 1 records Cymatoceps nasutus caught in non-kelp habitat (78 fish, mostly immature). Level-0 observed_alternative on the habitat route. Trophic route unassessed (no diet data).",,"agent:opus:rfbf-v7.1"
2,"Black musselcracker","Cymatoceps nasutus","H","Dunlop & Mann (2013)-An assessment of participation catch and effort in the offshore boat based line fishery in KZN.pdf","East","Medium",0,,"not_applicable","not_applicable","non-kelp","unspecified","not_applicable","no","East-region KZN catch survey; no kelp. Poenskop/black musselcracker (reef sparid) retained across sectors and highlighted as an important recreational catch component by weight, documenting occupation of non-kelp KZN reef habitat. Level-0 observed_alternative, habitat route.",,"agent:opus:rfbf-v7.1"
2,"Black musselcracker","Cymatoceps nasutus","H","Dunlop and Mann (2012) - An assessment of participation, catch and effort in the KwaZulu-Natal shore-based marine linefishery, with comments on management effectiveness.pdf","East","Medium",0,,"not_applicable","not_applicable","non-kelp","unspecified","not_applicable","no","Cymatoceps nasutus (poenskop) was recorded (1 caught) in the KZN (East) non-kelp shore fishery. A single documented capture records occurrence of an in-scope species in non-kelp east-coast habitat = level-0 observed_alternative (habitat route). No diet or kelp data.",,"agent:opus:rfbf-v7.1"
2,"Black musselcracker","Cymatoceps nasutus","H","Fennessy et al. (2003) - An assessment of the recreational and commercial skiboat fishery in the Transkei.pdf","East","Medium",0,,"not_applicable","not_applicable","non-kelp","unspecified","not_applicable","no","Poenskop was retained in the Transkei reef fishery in both regions, east of the kelp limit; no kelp mentioned. Documented non-kelp reef occurrence. Level-0 observed_alternative, habitat route; trophic route unassessed (diet appears only via a Buxton & Clarke 1989 citation lead).",,"agent:opus:rfbf-v7.1"
2,"Black musselcracker","Cymatoceps nasutus","H","Gonzalez (2024) - Baited remote underwater video surveys report, Stilbaai Marine Protected Area (2013-2016).pdf","East","Medium",0,,"not_applicable","not_applicable","non-kelp","unspecified","not_applicable","no","Cymatoceps nasutus was recorded by baited remote underwater video in the Stilbaai MPA (Table 3; present in 2013, 2015 per Table 4). Stilbaai lies on the warm-temperate south coast east of Cape Agulhas/De Hoop, beyond the eastern range limit of Ecklonia maxima, and the report explicitly states that t",,"agent:opus:rfbf-v7.1"
2,"Black musselcracker","Cymatoceps nasutus","H","Götz et al. (2008) - Selected fishery and population parameters of eight shore-angling species in the Tsitsikamma National Park no-take marine reserve.pdf","East","High",0,,"not_applicable","not_applicable","non-kelp","unspecified","not_applicable","no","Black musselcracker (=Poenskop) caught in the TNP shore-angling survey (Table 1, n=461) at a non-kelp rocky-reef site on the Eastern Cape coast. Occurrence documented; no diet data and no kelp structural action. Level-0 observed_alternative on the habitat route. Trophic route unassessed.",,"agent:opus:rfbf-v7.1"
2,"Black musselcracker","Cymatoceps nasutus","H","Gotz et al. (2009) - Effects of fishing on a temperate reef community in South Africa 1, ichthyofauna.pdf","East","Medium",0,,"not_applicable","not_applicable","non-kelp","unspecified","not_applicable","no","Black musselcracker (poenskop) was recorded by angling and UVC at Goukamma rocky-reef sites in the East region, occupying non-kelp rocky reef without kelp measured or mentioned: Level 0 observed alternative on the habitat route.",,"agent:opus:rfbf-v7.1"
2,"Black musselcracker","Cymatoceps nasutus","H","Götz et al. (2009) - fishing on a temperate reef community in South Africa 1- ichthyofauna.pdf","East","Low",0,,"not_applicable","not_applicable","non-kelp","unspecified","not_applicable","no","Cymatoceps nasutus (poenskop / black musselcracker) was recorded on warm-temperate rocky reef at the Goukamma MPA study area (south-east coast, near Knysna), which lies east of the Cape Agulhas kelp limit and outside the Ecklonia maxima range. The survey (standardised angling and/or UVC over rocky s",,"agent:opus:rfbf-v7.1"
2,"Black musselcracker","Cymatoceps nasutus","H","Götz et al. (2014) - An exploratory investigation of the fish communities associated with reefs on the central Agulhas Bank, South Africa.pdf","East","Low",0,,"not_applicable","not_applicable","non-kelp","unspecified","not_applicable","no","Caught (n=1) over the non-kelp offshore Agulhas Bank (East, beyond the eastern kelp limit; Table 2). Level-0 observed_alternative on the habitat route. Kelp not present/measured; baited-gear capture is not diet evidence, so no trophic record.",,"agent:opus:rfbf-v7.1"
2,"Black musselcracker","Cymatoceps nasutus","H","Griffiths (2000) - Long-term trends in catch and effort of commercial linefish off South Africa's Cape Province.pdf","East","Low",0,,"not_applicable","not_applicable","non-kelp","unspecified","not_applicable","no","Fishery-independent survey documents poenskop (Cymatoceps nasutus) on Southern Cape reef complexes (eastern kelp limit), in low numbers. Non-kelp reef habitat occurrence; kelp not measured or mentioned. Level-0 observed_alternative, habitat route, region East, Low specificity (very few individuals).",,"agent:opus:rfbf-v7.1"
2,"Black musselcracker","Cymatoceps nasutus","H","Hanekom et al. (1997) - Shore-angling catches in the Tsitsikamma National Park, 1989-1995.pdf","East","Medium",0,,"not_applicable","not_applicable","non-kelp","unspecified","not_applicable","no","Poenskop recorded in scientific fishing on the TNP non-kelp coast east of the kelp limit: level 0 observed_alternative, habitat route. Trophic route unassessed.",,"agent:opus:rfbf-v7.1"
2,"Black musselcracker","Cymatoceps nasutus","H","Hecht and Tilney (1989) - The Port Alfred fishery.pdf","East","Low",0,,"not_applicable","not_applicable","non-kelp","unspecified","not_applicable","no","Poenskop is documented as a caught reef sparid of the east-coast Port Alfred fishery, historically a principal species; observed in a non-kelp reef habitat with no kelp link, giving a level-0 observed_alternative habitat record.",,"agent:opus:rfbf-v7.1"
2,"Black musselcracker","Cymatoceps nasutus","H","Heyns-Veale et al. (2019) - Community-wide effects of protection reveal insights into marine protected area effectiveness for reef fish.pdf","East","Medium",0,,"not_applicable","not_applicable","non-kelp","unspecified","not_applicable","no","Poenskop recorded on non-kelp reef via stereo-BRUVs at Pondoland (subtropical, far east of the kelp limit); kelp not measured or mentioned. Level-0 observed_alternative on the habitat route. Trophic route unassessed. Region 'East'.",,"agent:opus:rfbf-v7.1"
2,"Black musselcracker","Cymatoceps nasutus","H","Jairam (2005) - COMMERCIAL AND RECREATIONAL MARINE SKIBOAT LINEFISHERIES IN RICHARDS BAY.pdf","East","Low",0,,"not_applicable","not_applicable","non-kelp","unspecified","not_applicable","no","Reef sparid (poenskop) caught on Richards Bay offshore reefs (11 commercial, 2 recreational), beyond the eastern kelp limit. Documents occupancy of non-kelp reef habitat (level-0 observed_alternative, habitat route). No kelp assessed; trophic route unassessed.",,"agent:opus:rfbf-v7.1"
2,"Black musselcracker","Cymatoceps nasutus","H","James et al (2012)-Temporal variability of temperate fish assemblahe in Africas oldest MPA.pdf","East","High",0,,"not_applicable","not_applicable","non-kelp","unspecified","not_applicable","no","Abundant, consistently caught (with a significant increasing trend) by shore-angling on the non-kelp East-region reef of TNP; occupancy of non-kelp habitat only, with no kelp measured. Level-0 observed_alternative on the habitat route; trophic route unassessed.",,"agent:opus:rfbf-v7.1"
2,"Black musselcracker","Cymatoceps nasutus","H","Lamberth et al. (2009) - The effects of altered freshwater inflows on catch rates of non-estuarine-dependent fish in a multispecies nearshore linefishery.pdf","East","Medium",0,,"not_applicable","not_applicable","non-kelp","adult","not_applicable","no","Poenskop is an in-scope reef sparid documented by this east-coast (KZN / Thukela Banks) catch study occupying a non-kelp continental-shelf reef habitat: the authors record it as a resident reef species with the strongest catch-flow relationship and 36% of its KZN catch taken on the Thukela Banks, pl",,"agent:opus:rfbf-v7.1"
2,"Black musselcracker","Cymatoceps nasutus","H","Lloyd et al. (2011) - Ocean warming alters species abundance patterns and increases species diversity in an African sub-tropical reef-fish community.pdf","East","Medium",0,,"not_applicable","not_applicable","non-kelp","unspecified","not_applicable","no","Cymatoceps nasutus (poenskop) is recorded in the KwaZulu-Natal offshore-reef spear-fishing catch (28.0–31.6°S; East region), with 21 individuals shot 1989–2007 (Appendix A). Documents a reef sparid occupying non-kelp subtropical reef habitat; kelp is not measured or mentioned. Level-0 observed-alter",,"agent:opus:rfbf-v7.1"
2,"Black musselcracker","Cymatoceps nasutus","H","Maggs et al (2013)-Contribution of a large no take zone to the management of vulnerable reef fishes in the south western indian ocean.pdf","East","High",0,,"not_applicable","not_applicable","non-kelp","both","not_applicable","no","Cymatoceps nasutus (poenskop), a study species, was caught abundantly on East-Coast Pondoland rocky reef at 10–30 m (250 individuals; Table A1), well east of the kelp limit, with quantified CPUE and length (Tables 1–2); both juveniles and adults occur there. This documents occupancy of a non-kelp re",,"agent:opus:rfbf-v7.1"
2,"Black musselcracker","Cymatoceps nasutus","H","Mann et al. (2003) - Evaluation of participation in and management of the Transkei shore linefishery.pdf","East","Low",0,,"not_applicable","not_applicable","non-kelp","unspecified","not_applicable","no","Poenskop / black musselcracker (Cymatoceps nasutus) caught along the non-kelp Transkei (East) shore-fishery (Table IV, n=4). Level-0 observed-alternative habitat record; no kelp-structural or diet observation.",,"agent:opus:rfbf-v7.1"
2,"Black musselcracker","Cymatoceps nasutus","H","Mann et al. (2006) - Towards the declaration of a large marine protected area, a subtidal ichthyofaunal survey of the Pondoland coast in the Eastern Cape, South Africa.pdf","East","High",0,,"not_applicable","not_applicable","non-kelp","both","not_applicable","no","Counted in the Pondoland UVC (Table 1: N=92, density 5.79 per 1 000 m2) on non-kelp reefs, Eastern Cape, with large numbers of juveniles and sub-adults (Figure 3, discussion). Level-0 observed_alternative on the habitat route; no trophic observation.",,"agent:opus:rfbf-v7.1"
2,"Black musselcracker","Cymatoceps nasutus","H","Mann et al. (2022) - Monitoring the effects of spatial protection on the reef fish communities of the Pondoland Marine Protected Area, Eastern Cape Province, South Africa.pdf","East","Medium",0,,"not_applicable","not_applicable","non-kelp","unspecified","not_applicable","no","In-scope black musselcracker/poenskop (Cymatoceps nasutus), an a priori focal reef species, recorded on Pondoland reef (10–30 m, Eastern Cape east coast), east of the kelp range. Occupies non-kelp reef habitat; kelp neither measured nor mentioned. Level-0 observed_alternative on the habitat route; t",,"agent:opus:rfbf-v7.1"
2,"Black musselcracker","Cymatoceps nasutus","H","Murrary (2012)-Movement patterns and genetic stock delineation of endemic south african sparid Cymatoceps nasutus.pdf","Both","Medium",0,,"not_applicable","not_applicable","non-kelp","both","not_applicable","no","This is a primary tag-recapture and genetics thesis on poenskop Cymatoceps nasutus (model_scope=true, rfbf_scope=true). Its own data document the species occupying rocky reefs (surf-zone at Tsitsikamma and subtidal reefs to ~30 m at Pondoland, plus coast-wide ORI records) with high residency at all ",,"agent:opus:rfbf-v7.1"
2,"Black musselcracker","Cymatoceps nasutus","H","Murray et al (2014)-Unravelling population structure of Cymatoceps nasutus, evidence of multiple populations in SA coastal waters.pdf","East","Low",0,,"not_applicable","not_applicable","non-kelp","unspecified","not_applicable","yes","This is a mitochondrial and nuclear DNA stock-structure study of Cymatoceps nasutus (poenskop), an in-scope sparid. Its primary data are fin clips and sequences from 371 fish caught in the recreational shore and skiboat linefishery at 34 inshore sites (E01), and Figure 1 confirms every sampling regi",,"agent:opus:rfbf-v7.1"
2,"Black musselcracker","Cymatoceps nasutus","H","Murray et al (2019)-Movement patterns of an endemic SA sparid Cymatoceps nasutus determined used mark recapture methods.pdf","Both","Medium",0,,"not_applicable","not_applicable","non-kelp","both","not_applicable","no","This is a mark-recapture movement study of the in-scope endemic sparid Cymatoceps nasutus. It documents 3 430 fish tagged and recaptured at coastal rocky-reef and surf-zone localities across the species' range, from Noordhoek/Cape Agulhas in the West to KwaZulu-Natal in the East (region = Both), acr",,"agent:opus:rfbf-v7.1"
2,"Black musselcracker","Cymatoceps nasutus","H","Penney et al. (1999) - Long-term trends in catch and effort in the KwaZulu-Natal nearshore linefisheries.pdf","East","Medium",0,,"not_applicable","not_applicable","non-kelp","unspecified","not_applicable","no","Poenskop is explicitly described as a reef fish relatively resident within KwaZulu-Natal reef areas (East region, beyond the kelp coast; no kelp present). Documented occupation of a non-kelp reef habitat by an in-scope species is a level-0 observed_alternative on the habitat route.",,"agent:opus:rfbf-v7.1"
2,"Black musselcracker","Cymatoceps nasutus","H","Potts and Cowley (2010) - Validation and periodicity of otholiths of four temperate reef fish.pdf","East","Medium",0,,"not_applicable","not_applicable","non-kelp","both","not_applicable","no","Primary mark-recapture of C. nasutus (juvenile at tagging, growing to near-adult) in the Tsitsikamma National Park reef reserve (East region, beyond the eastern kelp limit) documents occurrence of an in-scope reef species in a non-kelp habitat: level-0 observed_alternative on the habitat route. No k",,"agent:opus:rfbf-v7.1"
2,"Black musselcracker","Cymatoceps nasutus","H","Pradervand (2004) - Long-term trends in the shore fishery of the Transkei coast, South Africa.pdf","East","Medium",0,,"not_applicable","not_applicable","non-kelp","unspecified","not_applicable","no","C. nasutus recorded (n=41) in the Transkei shore fishery (East, non-kelp); no diet or kelp-structure observation. Level-0 observed_alternative on the habitat route.",,"agent:opus:rfbf-v7.1"
2,"Black musselcracker","Cymatoceps nasutus","H","Pradervand and Govender (2003) - Assessment of catches in shore angling competitions from the border region of the Eastern Cape, South Africa.pdf","East","High",0,,"not_applicable","not_applicable","non-kelp","unspecified","not_applicable","no","Poenskop positively identified (n=78) in the Border surf-zone catch, Eastern Cape (East of kelp limit). Level-0 observed_alternative habitat record. No diet data; trophic route unassessed.",,"agent:opus:rfbf-v7.1"
2,"Black musselcracker","Cymatoceps nasutus","H","Pradervand et al. (2007) - Long-term trends in the competitive shore fishery along the KwaZulu-Natal coast, South Africa.pdf","East","Low",0,,"not_applicable","not_applicable","non-kelp","unspecified","not_applicable","no","Poenskop (Cymatoceps nasutus) recorded (n=24) in the East-coast non-kelp shore fishery. Documents occurrence on non-kelp inshore reef habitat; kelp not assessed. Level-0 observed_alternative, habitat route.",,"agent:opus:rfbf-v7.1"
2,"Black musselcracker","Cymatoceps nasutus","H","Smale and Buxton (1985) - recreational ski-boat fishery off the Eastern Cape.pdf","East","Medium",0,,"not_applicable","not_applicable","non-kelp","unspecified","not_applicable","no","Poenskop, a reef sparid, is caught (quantified) in the Algoa Bay fishery, east of the kelp limit; documents occurrence in non-kelp reef habitat, a level-0 observed alternative. No diet data; trophic route unassessed.",,"agent:opus:rfbf-v7.1"
2,"Black musselcracker","Cymatoceps nasutus","H","Steyn et al. (2021) - Changes in food-web structure and energy flow in kelp forest ecosystems following the invasion of Jasus lalandii.pdf","West","Low",1,,"not_applicable","not_applicable","not_applicable","unspecified","within","no","Poenskop is named among reef fish found in south-west-coast kelp forests and is a functional group in the Betty's Bay kelp forest model (level-1 co-occurrence). Its diet link to lobster is the authors' opportunistic-feeding assumption, not a kelp-linked observation; trophic route not codeable.",,"agent:opus:rfbf-v7.1"
2,"Black musselcracker","Cymatoceps nasutus","H","Steyn et al. (2021) - Changes in foodweb structure and energy flow in kelp ecosystems on the southwest coast of South Africa following invasion of Jasus lalandii.pdf","West","Medium",1,,"not_applicable","not_applicable","non-kelp","unspecified","within","no","Poenskop is listed among reef fish found in south-west-coast kelp forests and is a named model group, establishing habitat co-occurrence with kelp (level 1). No kelp-structure use is documented.",,"agent:opus:rfbf-v7.1"
2,"Black musselcracker","Cymatoceps nasutus","H","Venter and Mann (2012) - Preliminary assessment of surf-zone and estuarine line-fish species of the Dwesa-Cwebe Marine Protected Area.pdf","East","Medium",0,,"not_applicable","not_applicable","non-kelp","unspecified","not_applicable","no","Recorded in the East-region non-kelp surf-zone (7 individuals, 0.66%). Kelp neither measured nor mentioned. Level-0 observed_alternative on the habitat route. No diet data, trophic route unassessed.",,"agent:opus:rfbf-v7.1"
2,"Black musselcracker","Cymatoceps nasutus","T","Buxton and Clarke (1989) - The growth of Cymatoceps nasutus with comments on diet and reproduction.pdf","East","High",0,,"non_kelp","outside","not_applicable","both","not_applicable","no","Buxton and Clarke report their own gut-content analysis of 49 C. nasutus between 86 and 954 mm FL, sampled between East London and Knysna from 1980 to 1984 (E02, E04). Thirty-one prey taxa are recorded and every one is an animal: brachyuran crabs (Plagusia chabrus dominant), cephalopods (Octopus sp.",,"agent:opus:rfbf-v7.1"
2,"Black musselcracker","Cymatoceps nasutus","T","Steyn et al. (2021) - Changes in foodweb structure and energy flow in kelp ecosystems on the southwest coast of South Africa following invasion of Jasus lalandii.pdf","West","Low",0,,"non_kelp","not_applicable","not_applicable","unspecified","not_applicable","no","Poenskop is inferred to feed opportunistically on rock lobster, a non-kelp resource, giving an observed-alternative trophic record (level 0). No kelp or kelp-food-web ingestion is shown.",,"agent:opus:rfbf-v7.1"
3,"Blacktail","Diplodus capensis","H","Attwood et al. (2011) - Bycatch in South Africa's inshore trawl fishery as determined from observer records.pdf","East","Low",0,,"not_applicable","not_applicable","non-kelp","unspecified","not_applicable","no","Caught on the deep soft-bottom Agulhas Bank grounds (discard samples), east of and below the kelp zone. Non-kelp habitat occurrence = level-0 observed_alternative (habitat). Diet not examined; trophic route unassessed.",,"agent:opus:rfbf-v7.1"
3,"Blacktail","Diplodus capensis","H","Attwood et al. (2011) - Bycatch in South Africa’s inshore trawl fishery.pdf","East","Medium",0,,"not_applicable","not_applicable","non-kelp","unspecified","not_applicable","yes","The blacktail appears only in the discard composition (Table 5, 0.02% by weight), documenting that it was caught on the inshore trawl grounds at 80-110 m east of the kelp limit and so occupied non-kelp soft-bottom habitat. Coded to the frame species Diplodus capensis, whose search names include Dipl",,"agent:opus:rfbf-v7.1"
3,"Blacktail","Diplodus capensis","H","Attwood et al. (2013) - the Proceedings of the 4th Linefish symposium.pdf","East","Low",0,,"not_applicable","not_applicable","non-kelp","juvenile","not_applicable","no","Diplodus capensis recorded as a growing juvenile in the King's Beach sandy surf-zone nursery (East); kelp is never mentioned, a level-0 habitat observed alternative (non-kelp sandy surf-zone).",,"agent:opus:rfbf-v7.1"
3,"Blacktail","Diplodus capensis","H","Attwood et al. (2016) - Seasonally and spatially referenced estimates of recreational shore-angling effort, catch composition, catch rates and total catch in the Goukamma Marine Protected Area, South Africa.pdf","East","Medium",0,,"not_applicable","not_applicable","non-kelp","unspecified","not_applicable","no","Blacktail was the dominant shore-angling catch (716 fish, 57.3%) in the Goukamma MPA on the south coast within the Agulhas marine bioregion, east of the Ecklonia maxima kelp range. The MPA comprises rocky, mixed and sandy shore and estuarine habitats with no kelp. SIMPER/CPUE analysis places highest",,"agent:opus:rfbf-v7.1"
3,"Blacktail","Diplodus capensis","H","Bailey and James (2013) - Fish sampling in the marine-dominated Kariega Estuary, South Africa, using a demersal otter trawl, day night effects.pdf","East","Low",0,,"not_applicable","not_applicable","non-kelp","unspecified","not_applicable","no","A single Diplodus capensis (listed as Diplodus sargus capensis, the blacktail) is caught in the soft-sediment channel of an Eastern Cape estuary outside the kelp range (Table 1), a documented observation of an in-scope species using a non-kelp habitat, coded level-0 observed_alternative on the habit",,"agent:opus:rfbf-v7.1"
3,"Blacktail","Diplodus capensis","H","Beckley (1983) - The ichthyofauna associated with Zostera capensis Setchell in the Swartkops estuary, South Africa.pdf","East","High",0,,"not_applicable","not_applicable","non-kelp","juvenile","not_applicable","no","Juvenile Diplodus capensis (as 'Diplodus sargus') were caught in Zostera seagrass beds and the bare channel of an East-coast estuary well beyond the kelp limit, constituting 6,5% of the Zostera catch with spring/summer recruitment. This documents an in-scope species occupying a non-kelp habitat at t",,"agent:opus:rfbf-v7.1"
3,"Blacktail","Diplodus capensis","H","Beckley (1984) - The ichthyofauna of the sunday estuary South Africa with particular reference to the juvenile marine component.pdf","East","High",0,,"not_applicable","not_applicable","non-kelp","juvenile","not_applicable","no","Juvenile blacktail caught in the lower reaches of the Sundays Estuary, a non-kelp habitat in the East region. The species is listed under the 1984 name Diplodus sargus, which the species frame maps to the accepted Diplodus capensis. Level-0 observed_alternative on the habitat route. No kelp present ",,"agent:opus:rfbf-v7.1"
3,"Blacktail","Diplodus capensis","H","Beckley (1984) - The ichthyofauna of the Sundays Estuary, South Africa, with particular reference to the juvenile marine component.pdf","East","High",0,,"not_applicable","not_applicable","non-kelp","juvenile","not_applicable","yes","Juvenile blacktail occupied the lower reaches of the Sundays Estuary (n=197, 11-107 mm, 11 months), a non-kelp estuarine habitat in the East region. Level-0 observed_alternative habitat record. The table names the nominate Diplodus sargus; regional context indicates the frame species Diplodus capens",,"agent:opus:rfbf-v7.1"
3,"Blacktail","Diplodus capensis","H","Beckley (1985) - Tidal exchange of ichthyoplankton in the Swartkops estuary mouth, South Africa.pdf","East","High",0,,"not_applicable","not_applicable","non-kelp","juvenile","not_applicable","no","Juvenile blacktail (Diplodus sargus = Diplodus capensis in South African usage, confirmed by the common name blacktail) are among the most frequently captured sparids in the Swartkops estuary mouth (East coast, non-kelp habitat). No kelp relationship is examined. Level-0 observed_alternative on the ",,"agent:opus:rfbf-v7.1"
3,"Blacktail","Diplodus capensis","H","Beckley and Buxton (1989) - UNDERWATER OBSERVATIONS OF REEF FISH IN AND AROUND ALGOA BAY, SOUTH AFRICA.pdf","East","High",0,,"not_applicable","not_applicable","non-kelp","both","not_applicable","no","Blacktail (Diplodus sargus capensis = Diplodus capensis) observed as an abundant schooling species on Algoa Bay non-kelp rocky reef (~79% of dives), with juveniles also recorded. Non-kelp habitat occupancy East of the kelp range is a level-0 observed_alternative on the habitat route. Discussion note",,"agent:opus:rfbf-v7.1"
3,"Blacktail","Diplodus capensis","H","Beckley et al. (2008) - Few fish but many fishers, a case study of shore-based recreational angling in a major South African estuarine port.pdf","East","Medium",0,,"not_applicable","not_applicable","non-kelp","unspecified","not_applicable","no","East-region estuarine port; Diplodus capensis (table: 'Diplodus sargus capensis') identified in the shore-angling catch (Table 3; 26 individuals, 1.54%), documenting occurrence in a non-kelp estuarine habitat. No kelp present or examined; no diet data. Level-0 observed_alternative habitat record.",,"agent:opus:rfbf-v7.1"
3,"Blacktail","Diplodus capensis","H","Bennett (1987) - The fish community and nurseries for juvenile fish in rock-pools in SA.pdf","East","High",1,,"not_applicable","not_applicable","non-kelp","juvenile","not_applicable","yes","Table 1 records 163 Diplodus sargus at Koppie Alleen, 6,28% of the 2595 fish sampled, 21-102 mm total length, all juveniles, in both summer and winter (E12), and Figure 2 confirms a size distribution confined below the 100 mm juvenile threshold (E13). The Results state the species occurs there only ",,"agent:opus:rfbf-v7.1"
3,"Blacktail","Diplodus capensis","H","Bennett (1989) - The fish community of a moderately exposed beach on the southwestern Cape Coast of South Africa and an assessment of this habitat as a nursery for juvenile fish.pdf","West","High",0,,"not_applicable","not_applicable","non-kelp","juvenile","not_applicable","no","Blacktail (recorded as Diplodus sargus, the SW Cape D. sargus capensis = Diplodus capensis) occurred year-round in the sandy surf-zone at Fishoek (N=522, 81% of hauls), entirely as juveniles, and was classified a juvenile migrant with the surf-zone as its principal juvenile habitat (Table 3, categor",,"agent:opus:rfbf-v7.1"
3,"Blacktail","Diplodus capensis","H","Bennett & Attwood (1993)-Shore-angling catches in the De Hoop Nature Reserve  South Africa  and further evidence for the protective value of marine reserves.pdf","East","Medium",0,,"not_applicable","not_applicable","non-kelp","unspecified","not_applicable","no","Diplodus capensis (reported as Diplodus sargus capensis; n=7354, second most abundant species) was caught by shore-angling at De Hoop in a non-kelp aeolianite beach-rock and sand surf zone at the eastern edge of the Ecklonia maxima range. Documented occurrence in non-kelp habitat with no diet or kel",,"agent:opus:rfbf-v7.1"
3,"Blacktail","Diplodus capensis","H","Berry et al. (1982) - Density and Biomass of the Ichthyofauna of a Natal Littoral Reef.pdf","East","High",0,,"not_applicable","not_applicable","non-kelp","both","not_applicable","no","The census records Diplodus sargus (the South African blacktail, Diplodus capensis) in 18 of 20 monthly samples on the ORI Reef at a mean monthly density of 0.050 m-2 and 0.95 g dry m-2, with adults, juveniles and very small postlarvae all present on a sandstone platform bearing only turf algae. Thi",,"agent:opus:rfbf-v7.1"
3,"Blacktail","Diplodus capensis","H","Brouwer and Buxton (2002) - Catch and effort of the shore and skiboat linefisheries along the South African Eastern Cape coast.pdf","East","Low",0,,"not_applicable","not_applicable","non-kelp","unspecified","not_applicable","no","Blacktail recorded in the Eastern Cape shore and recreational skiboat catches, east of the kelp limit: level-0 observed_alternative, habitat route.",,"agent:opus:rfbf-v7.1"
3,"Blacktail","Diplodus capensis","H","Bullock et al. (2021) - A decade of surf-zone linefish monitoring in the Dwesa-Cwebe Marine Protected Area.pdf","East","High",0,,"not_applicable","not_applicable","non-kelp","unspecified","not_applicable","no","Blacktail was the most abundant species caught (n=1 924) in the Dwesa-Cwebe MPA surf zone on the Eastern Cape east coast, beyond the eastern kelp limit. Observed occupying non-kelp East-coast habitat with no kelp or diet data: level-0 habitat observed_alternative. Trophic route unassessed.",,"agent:opus:rfbf-v7.1"
3,"Blacktail","Diplodus capensis","H","Burger (1990) - The distribution patterns and community structure of the Tsitsikamma rocky littoral ichthyofauna.pdf","East","High",0,,"not_applicable","not_applicable","non-kelp","unspecified","not_applicable","no","East-region record beyond the kelp coast. Diplodus capensis (as D. sargus) was abundant in non-kelp subtidal gullies at Tsitsikamma, where no kelp forest occurs. Documented occurrence in a non-kelp habitat: level-0 observed_alternative on the habitat route.",,"agent:opus:rfbf-v7.1"
3,"Blacktail","Diplodus capensis","H","Burger et al. (2026) - Tidal dynamics shape early-stage fish assemblages in the mouth region of a temperate estuary.pdf","East","High",0,,"not_applicable","not_applicable","non-kelp","juvenile","not_applicable","no","Yolk-sac to postflexion Diplodus capensis larvae captured at the Swartkops Estuary mouth (East coast, beyond the eastern kelp limit). Documents use of a non-kelp estuarine habitat at the early life stage; kelp not measured or mentioned. Level-0 observed_alternative on the habitat route.",,"agent:opus:rfbf-v7.1"
3,"Blacktail","Diplodus capensis","H","Clark et al. (1994) - Assessment of the impact of commercial beach-seine netting on juvenile teleost populations in the surf zone of False Bay, South Africa.pdf","West","Low",0,,"not_applicable","not_applicable","non-kelp","juvenile","not_applicable","no","Juvenile Diplodus capensis (source: D. sargus capensis) were caught (46 individuals; 1,9% of hauls) in the sandy/mixed-shore surf zone of False Bay, 1991–1992. Documented occupancy of a non-kelp habitat = level-0 observed_alternative on the habitat route. Kelp not measured or mentioned; no diet obse",,"agent:opus:rfbf-v7.1"
3,"Blacktail","Diplodus capensis","H","Clarke (1988) - Biological aspects of Sparodon durbanensis and Pachymetopon grande.pdf","East","Low",0,,"not_applicable","not_applicable","non-kelp","unspecified","not_applicable","no","Diplodus capensis (recorded as Diplodus sargus capensis, n=216) is one of the most numerous species in the study's own Port Elizabeth inshore rock-angling catch survey, an Eastern Cape rocky-reef fishery east of the kelp limit. Documented occurrence in non-kelp habitat; kelp never mentioned. Level-0",,"agent:opus:rfbf-v7.1"
3,"Blacktail","Diplodus capensis","H","Coetzee (1986) - Diet, composition, and breeding cycle of Diplodus sargus capensis.pdf","East","Medium",0,,"not_applicable","not_applicable","non-kelp","adult","not_applicable","no","The same adult Diplodus capensis were caught by anglers at St Croix Island, a rocky offshore island in Algoa Bay (East region, beyond the kelp coast). The study's own analysis states the species feeds in the shallow sublittoral zone with excursions into the intertidal, a rocky/sandy non-kelp habitat",,"agent:opus:rfbf-v7.1"
3,"Blacktail","Diplodus capensis","H","Coetzee and Baird (1981) - Catch composition and catch per unit effort of anglers' catches off St Croix Island.pdf","East","Medium",0,,"not_applicable","not_applicable","non-kelp","unspecified","not_applicable","no","Blacktail, recorded as 'Diplodus sargus' (D. sargus capensis), the SA blacktail = Diplodus capensis (frame synonym). Predominant in the St Croix Island angler catch at a non-kelp East-region rocky reef → level-0 observed_alternative on the habitat route.",,"agent:opus:rfbf-v7.1"
3,"Blacktail","Diplodus capensis","H","Cottrant (2024) - Assessing conservation measures for five southern African endemic shark species.pdf","West","Low",0,,"not_applicable","not_applicable","non-kelp","unspecified","not_applicable","no","Recorded on baited remote underwater video in Walker Bay across a kelp/reef/sand survey (Table 2). Presence documented but substrate not resolved. Coded Level-0 observed-alternative.",,"agent:opus:rfbf-v7.1"
3,"Blacktail","Diplodus capensis","H","Cowley et al (2002)_Role of Tsitsikamma National Park in the management of four shore angling fish along the south eastern Cape coast of SA.pdf","East","Medium",0,,"not_applicable","not_applicable","non-kelp","both","not_applicable","no","Diplodus capensis (as D. sargus capensis) is one of four study species in a shore-angling catch, movement and management study on the south-eastern Cape coast (Stil Bay to Kei Mouth and the Tsitsikamma National Park). The study area lies entirely east of Cape Agulhas (~21-28 deg E), beyond the easte",,"agent:opus:rfbf-v7.1"
3,"Blacktail","Diplodus capensis","H","Cowley et al. (2013) - The trouble with estuarine fisheries in temperate South Africa, illustrated by a case study on the Sundays Estuary.pdf","East","Low",0,,"not_applicable","not_applicable","non-kelp","unspecified","not_applicable","no","The survey records blacktail (Diplodus sargus capensis, = Diplodus capensis) occupying the Sundays Estuary (non-kelp habitat) in the East region, east of the eastern kelp limit. Small catch of 6 (Table 1). No kelp presence and no diet data. Level-0 observed_alternative on the habitat route.",,"agent:opus:rfbf-v7.1"
3,"Blacktail","Diplodus capensis","H","Day (1970) - The biology of False Bay, South Africa.pdf","West","Low",0,,"not_applicable","not_applicable","non-kelp","unspecified","not_applicable","no","Blacktail is a permanent reef/shore inhabitant that 'haunts the shore', an occupied rocky non-kelp habitat with no documented kelp-structure action (level 0 observed alternative).",,"agent:opus:rfbf-v7.1"
3,"Blacktail","Diplodus capensis","H","De Vos et al. (2014) - Optimal BRUVs survey design for reef fish monitoring in the Stilbaai Marine Protected Area.pdf","East","High",0,,"not_applicable","not_applicable","non-kelp","unspecified","not_applicable","no","Recorded at 15 of 29 BRUVs sites on non-kelp sandstone reef at Stilbaai, east of the kelp limit. No kelp present or measured; a level-0 observed_alternative on the habitat route. Feeding guild is secondary; trophic route unassessed.",,"agent:opus:rfbf-v7.1"
3,"Blacktail","Diplodus capensis","H","Dicken (2010) - The ichthyofauna in the Port of Ngqura, South Africa.pdf","East","Medium",0,,"not_applicable","not_applicable","non-kelp","juvenile","not_applicable","no","Blacktail (mostly juvenile) caught across the non-kelp port habitats in Algoa Bay east of the kelp limit. Level-0 observed_alternative on the habitat route.",,"agent:opus:rfbf-v7.1"
3,"Blacktail","Diplodus capensis","H","Dicken et al. (2012) - Long-term catch and effort trends in Eastern Cape Angling Week competitions.pdf","East","Medium",0,,"not_applicable","not_applicable","non-kelp","adult","not_applicable","no","Eastern Cape shore fishery east of the kelp limit; Table 1 records Diplodus capensis caught in non-kelp habitat (155 fish). Level-0 observed_alternative on the habitat route. Trophic route unassessed (no diet data).",,"agent:opus:rfbf-v7.1"
3,"Blacktail","Diplodus capensis","H","Dopolo et al. (2013) - Line Fish conference paper.pdf","Both","Low",0,,"not_applicable","not_applicable","non-kelp","unspecified","not_applicable","no","Blacktail (listed as Diplodus sargus) caught adjacent to both Agulhas NP (n=5) and Langebaan Lagoon MPA (n=11); catch records with no kelp or diet observation, in non-kelp coastal settings (open Agulhas shore and a sheltered lagoon). Level-0 observed_alternative on the habitat route. Region Both (bo",,"agent:opus:rfbf-v7.1"
3,"Blacktail","Diplodus capensis","H","Dunlop & Mann (2013)-An assessment of participation catch and effort in the offshore boat based line fishery in KZN.pdf","East","Low",0,,"not_applicable","not_applicable","non-kelp","unspecified","not_applicable","no","East-region KZN catch survey; no kelp. Blacktail (inshore reef sparid) recorded in recreational catch, documenting occurrence in non-kelp KZN habitat. Level-0 observed_alternative, habitat route.",,"agent:opus:rfbf-v7.1"
3,"Blacktail","Diplodus capensis","H","Dunlop and Mann (2012) - An assessment of participation, catch and effort in the KwaZulu-Natal shore-based marine linefishery, with comments on management effectiveness.pdf","East","High",0,,"not_applicable","not_applicable","non-kelp","unspecified","not_applicable","no","Diplodus capensis was a top-five species (1 030 caught) in the KZN (East) non-kelp shore fishery. Documented occurrence of an in-scope species in non-kelp east-coast habitat = level-0 observed_alternative (habitat route). No diet or kelp data.",,"agent:opus:rfbf-v7.1"
3,"Blacktail","Diplodus capensis","H","Dyer (2018) - The role of ecological processes in structuring reef fish communities in the Agulhas ecoregion South Africa.pdf","East","High",0,,"not_applicable","not_applicable","non-kelp","unspecified","not_applicable","no","Recorded on rocky reef via stereo-BRUVs at all four reefs in the Agulhas Ecoregion, east of the eastern kelp limit. Occupancy of non-kelp rocky-reef habitat; no kelp action observed and diet not examined. Level-0 observed_alternative on the habitat route.",,"agent:opus:rfbf-v7.1"
3,"Blacktail","Diplodus capensis","H","Faure Beaulieu (2021) - Dedicated dads, a study on the nesting behaviour of Spondyliosoma emarginatum.pdf","West","Low",0,,"not_applicable","not_applicable","non-kelp","unspecified","not_applicable","no","Blacktail (D. capensis) was recorded over the granite-reef nesting site on 11 of ~23 days (mean 0.47 swim-bys per hour), a documented occurrence in a non-kelp rocky-reef habitat. Level-0 observed_alternative on the habitat route. Specificity Low.",,"agent:opus:rfbf-v7.1"
3,"Blacktail","Diplodus capensis","H","Fennessy et al. (1998) - Fish species composition and abundance on a subtropical, artificial reef on the east coast of South Africa.pdf","East","High",0,,"not_applicable","not_applicable","non-kelp","both","not_applicable","no","Diplodus capensis (as D. sargus capensis) was recorded abundantly in visual transects on Vetch's Pier, a subtropical artificial reef on the Durban (KwaZulu-Natal) east coast, well east of the Ecklonia maxima kelp limit. Both juveniles (seasonal recruitment) and larger individuals were observed. This",,"agent:opus:rfbf-v7.1"
3,"Blacktail","Diplodus capensis","H","Fennessy et al. (2003) - An assessment of the recreational and commercial skiboat fishery in the Transkei.pdf","East","Low",0,,"not_applicable","not_applicable","non-kelp","unspecified","not_applicable","no","Blacktail (Diplodus capensis) was retained (single fish) in the southern Transkei fishery at Coffee Bay, east of the kelp limit; no kelp mentioned. Documented non-kelp occurrence. Level-0 observed_alternative, habitat route; trophic route unassessed.",,"agent:opus:rfbf-v7.1"
3,"Blacktail","Diplodus capensis","H","Gonzalez (2024) - Baited remote underwater video surveys report, Stilbaai Marine Protected Area (2013-2016).pdf","East","Medium",0,,"not_applicable","not_applicable","non-kelp","unspecified","not_applicable","no","Diplodus capensis was recorded by baited remote underwater video in the Stilbaai MPA (Table 3; present in 2013, 2014, 2015, 2016 per Table 4). Stilbaai lies on the warm-temperate south coast east of Cape Agulhas/De Hoop, beyond the eastern range limit of Ecklonia maxima, and the report explicitly st",,"agent:opus:rfbf-v7.1"
3,"Blacktail","Diplodus capensis","H","Götz et al. (2008) - Selected fishery and population parameters of eight shore-angling species in the Tsitsikamma National Park no-take marine reserve.pdf","East","High",0,,"not_applicable","not_applicable","non-kelp","unspecified","not_applicable","no","Caught in the TNP shore-angling survey (Table 1, n=1 975) within a ~5 km rocky-reef research area on the south-eastern (Eastern) Cape coast, east of the kelp limit. The study documents occurrence in a non-kelp habitat but reports no diet data and no fish action involving kelp structure. Coded level-",,"agent:opus:rfbf-v7.1"
3,"Blacktail","Diplodus capensis","H","Gotz et al. (2009) - Effects of fishing on a temperate reef community in South Africa 1, ichthyofauna.pdf","East","High",0,,"not_applicable","not_applicable","non-kelp","unspecified","not_applicable","no","Blacktail was recorded by angling and UVC at Goukamma rocky-reef sites in the East region, occupying non-kelp rocky reef without kelp measured or mentioned: Level 0 observed alternative on the habitat route.",,"agent:opus:rfbf-v7.1"
3,"Blacktail","Diplodus capensis","H","Götz et al. (2009) - fishing on a temperate reef community in South Africa 1- ichthyofauna.pdf","East","Medium",0,,"not_applicable","not_applicable","non-kelp","unspecified","not_applicable","no","Diplodus capensis (recorded as Diplodus sargus capensis) was recorded on warm-temperate rocky reef at the Goukamma MPA study area (south-east coast, near Knysna), which lies east of the Cape Agulhas kelp limit and outside the Ecklonia maxima range. The survey (standardised angling and/or UVC over ro",,"agent:opus:rfbf-v7.1"
3,"Blacktail","Diplodus capensis","H","Götz et al. (2014) - An exploratory investigation of the fish communities associated with reefs on the central Agulhas Bank, South Africa.pdf","East","Medium",0,,"not_applicable","not_applicable","non-kelp","unspecified","not_applicable","no","Caught over non-kelp offshore Agulhas Bank (East, beyond the eastern kelp limit; Table 2). Level-0 observed_alternative on the habitat route. Kelp not present/measured; baited-gear capture is not diet evidence, so no trophic record.",,"agent:opus:rfbf-v7.1"
3,"Blacktail","Diplodus capensis","H","Griffiths (2000) - Long-term trends in catch and effort of commercial linefish off South Africa's Cape Province.pdf","East","Medium",0,,"not_applicable","not_applicable","non-kelp","unspecified","not_applicable","no","Fishery-independent survey documents blacktail (Diplodus capensis) on Southern Cape reef complexes in the second survey. Non-kelp reef habitat occurrence; kelp not measured or mentioned. Level-0 observed_alternative, habitat route, region East.",,"agent:opus:rfbf-v7.1"
3,"Blacktail","Diplodus capensis","H","Grundlingh et al. (2023) - Could extremophilia be a life history strategy in late-stage larvae of Sparodon durbanensis.pdf","East","Low",0,,"not_applicable","not_applicable","non-kelp","juvenile","not_applicable","no","Isolated D. capensis larvae were recorded co-occurring in the microbialite pools (data not presented). This is a passing but codeable observation of an in-scope species occupying a non-kelp supratidal habitat (East region), coded level 0 observed_alternative on the habitat route with Low specificity",,"agent:opus:rfbf-v7.1"
3,"Blacktail","Diplodus capensis","H","Hanekom and Baird (1984) - Fish community structures in Zostera and non-Zostera regions of the Kromme estuary, St Francis Bay.pdf","East","Medium",0,,"not_applicable","not_applicable","non-kelp","juvenile","not_applicable","yes","A sparid recorded as 'Diplodus sargus' (in South African usage the blacktail Diplodus sargus capensis = Diplodus capensis, a frame synonym) was netted as juveniles in the Zostera and non-Zostera regions of the Kromme estuary, an East-coast estuarine non-kelp habitat. Level-0 observed_alternative on ",,"agent:opus:rfbf-v7.1"
3,"Blacktail","Diplodus capensis","H","Hanekom et al. (1989) - Sea temperature variations in the Tsitsikamma Coastal National Park, South Africa, with notes on the effect of cold conditions on some fish populations.pdf","East","Medium",0,,"not_applicable","not_applicable","non-kelp","juvenile","not_applicable","no","Blacktail observed sheltering in the warm Storms River mouth/gullies and found dead (juveniles) after the January 1984 cold decline on the East coast. Non-kelp habitat occupancy at the sampled place/time/life stage; kelp not measured or mentioned. Level-0 observed_alternative habitat record.",,"agent:opus:rfbf-v7.1"
3,"Blacktail","Diplodus capensis","H","Hanekom et al. (1997) - Shore-angling catches in the Tsitsikamma National Park, 1989-1995.pdf","East","High",0,,"not_applicable","not_applicable","non-kelp","both","not_applicable","no","Blacktail (Diplodus capensis) a major resident species on the TNP shallow rocky reef, a non-kelp coast east of the kelp limit: level 0 observed_alternative, habitat route. Trophic route unassessed (no diet data in this source).",,"agent:opus:rfbf-v7.1"
3,"Blacktail","Diplodus capensis","H","Harris and Cyrus (1996) - Larval and juvenile fishes in the surf zone adjacent to the St Lucia Estuary mouth, KwaZulu-Natal, South Africa.pdf","East","High",0,,"not_applicable","not_applicable","non-kelp","juvenile","not_applicable","no","Diplodus capensis (recorded as Diplodus sargus capensis) occurs as postflexion larvae and juveniles in the non-kelp KwaZulu-Natal surf zone, an abundant component (5.9% of catch). This documents an in-scope species occupying a non-kelp habitat at the sampled place, time and life stage: a level-0 hab",,"agent:opus:rfbf-v7.1"
3,"Blacktail","Diplodus capensis","H","Harrison (1999) - A preliminary survey of the estuaries on the south coast of South Africa, Cape Agulhas-Cape St Blaize, Mossel Bay, with particular reference to the fish fauna.pdf","East","Medium",0,,"not_applicable","not_applicable","non-kelp","unspecified","not_applicable","no","Blacktail (recorded as Diplodus sargus = D. sargus capensis = Diplodus capensis) was captured in the Goukou estuary, documenting an in-scope species occupying a non-kelp estuarine habitat. Identity is defensible because the source separately lists D. cervinus and the frame includes 'Diplodus sargus ",,"agent:opus:rfbf-v7.1"
3,"Blacktail","Diplodus capensis","H","Harrison and Whitfield (2006) - Estuarine typology and the structuring of fish communities in South Africa.pdf","East","High",0,,"not_applicable","not_applicable","non-kelp","unspecified","not_applicable","no","Diplodus capensis was captured across warm-temperate and subtropical estuaries (Tables 1, 5), a non-kelp habitat; kelp and diet unassessed. Level-0 observed_alternative on the habitat route; trophic route unassessed.",,"agent:opus:rfbf-v7.1"
3,"Blacktail","Diplodus capensis","H","Harrison and Whitfield (2008) - Geographical and typological changes in fish guilds of South African estuaries.pdf","Both","Low",0,,"not_applicable","not_applicable","non-kelp","unspecified","not_applicable","no","Blacktail recorded in the estuary survey and listed in Appendix II as marine-estuarine-opportunist (MMO), documenting use of estuarine (non-kelp) habitat. No kelp co-occurrence, structural use, or trophic link observed. Level 0 observed_alternative on the habitat route; region pooled across West and",,"agent:opus:rfbf-v7.1"
3,"Blacktail","Diplodus capensis","H","Heyns-Veale et al. (2019) - Community-wide effects of protection reveal insights into marine protected area effectiveness for reef fish.pdf","East","Medium",0,,"not_applicable","not_applicable","non-kelp","unspecified","not_applicable","no","Blacktail recorded on non-kelp reef via stereo-BRUVs at Bird Island (Algoa Bay, east of the kelp limit); kelp not measured or mentioned. Level-0 observed_alternative on the habitat route. Trophic route unassessed. Region 'East'.",,"agent:opus:rfbf-v7.1"
3,"Blacktail","Diplodus capensis","H","Heyns‑Veale et al. (2016) - Depth and habitat determine assemblage structure of South Africa’s warm‑temperate reef fish.pdf","East","Medium",0,,"not_applicable","not_applicable","non-kelp","unspecified","not_applicable","no","A baited stereo-video survey recorded Diplodus capensis on the shallow reef in the Tsitsikamma National Park MPA, east of the eastern limit of Ecklonia maxima. The species contributed to the SIMPER dissimilarity between habitats A and B (65.9%), decreasing in abundance from A to B, and its Fig. 3a c",,"agent:opus:rfbf-v7.1"
3,"Blacktail","Diplodus capensis","H","James and Harrison (2008) - A preliminary survey of the estuaries on the south coast of South Africa, Cape St Blaize, Mossel Bay-Robberg Peninsula, Plettenberg Bay, with particular reference to the fish fauna.pdf","East","High",0,,"not_applicable","not_applicable","non-kelp","juvenile","not_applicable","no","Region East estuarine survey. Diplodus capensis (blacktail) was caught as newly recruited juveniles (<30 mm) in the Swartvlei and Knysna estuaries. This documents juvenile use of estuarine (non-kelp) nursery habitat; no kelp or diet evidence exists in the source. Level-0 observed_alternative on the ",,"agent:opus:rfbf-v7.1"
3,"Blacktail","Diplodus capensis","H","James and Harrison (2009) - A preliminary survey of the estuaries on the south coast of South Africa, Robberg Peninsula to Cape St Francis, with particular reference to the fish fauna.pdf","East","High",0,,"not_applicable","not_applicable","non-kelp","juvenile","not_applicable","no","Blacktail (Diplodus sargus capensis = D. capensis) was caught as newly recruited juveniles (20-30 mm) in three south-coast estuaries at ~23-24°E, east of the kelp limit. The survey records the species occupying non-kelp estuarine nursery habitat; no kelp is measured or mentioned and no diet examined",,"agent:opus:rfbf-v7.1"
3,"Blacktail","Diplodus capensis","H","James and Harrison (2010) - A preliminary survey of the estuaries on the southeast coast of South Africa, Cape Padrone-Great Fish River, with particular reference to the fish fauna.pdf","East","High",0,,"not_applicable","not_applicable","non-kelp","juvenile","not_applicable","no","Blacktail recorded as newly recruited juveniles in five southeast-coast estuaries, a non-kelp nursery habitat. No kelp is assessed and no diet examined; habitat-route level-0 observed_alternative for an in-scope species occupying a non-kelp habitat. Region East.",,"agent:opus:rfbf-v7.1"
3,"Blacktail","Diplodus capensis","H","James and Harrison (2011) - A preliminary survey of the estuaries on the southeast coast of South Africa, Old Woman's-Tyolomnqa, with particular reference to the fish fauna.pdf","East","Medium",0,,"not_applicable","not_applicable","non-kelp","unspecified","not_applicable","no","Diplodus capensis was recorded in two Eastern Cape estuaries (Bira, Tyolomnqa) in September 1996, east of the kelp range, occupying non-kelp estuarine habitat (observed_alternative). No diet or kelp observation; level-0 habitat record only.",,"agent:opus:rfbf-v7.1"
3,"Blacktail","Diplodus capensis","H","James and Harrison (2020) - A preliminary fish survey of the estuaries on the south-east coast of South Africa, Kei Estuary to Mdumbi.pdf","East","Medium",0,,"not_applicable","not_applicable","non-kelp","juvenile","not_applicable","no","Blacktail captured in moderate-large closed and open estuaries (East region; Table 5 abundance 0.02–0.03%; appendix Table A3 lists small numbers), documenting occupancy of a non-kelp estuarine habitat. Level-0 observed_alternative on the habitat route; no kelp measured or mentioned. Juvenile life st",,"agent:opus:rfbf-v7.1"
3,"Blacktail","Diplodus capensis","H","James et al (2012)-Temporal variability of temperate fish assemblahe in Africas oldest MPA.pdf","East","High",0,,"not_applicable","not_applicable","non-kelp","unspecified","not_applicable","no","Most abundant species, dominant in every year, caught by shore-angling on the non-kelp East-region reef of TNP; occupancy of non-kelp habitat only. Level-0 observed_alternative on the habitat route; trophic route unassessed.",,"agent:opus:rfbf-v7.1"
3,"Blacktail","Diplodus capensis","H","James et al. (2001) - The recreational fishery in the Kosi estuarine lake system, South Africa.pdf","East","Low",0,,"not_applicable","not_applicable","non-kelp","unspecified","not_applicable","no","Blacktail recorded (n=23) as a surf-zone shore catch on the northern KZN east coast, a non-kelp habitat. The appendix binomial Diplodus sargus with common name Blacktail is the SA blacktail Diplodus capensis (frame synonym D. sargus capensis). Level-0 observed_alternative on the habitat route; Low s",,"agent:opus:rfbf-v7.1"
3,"Blacktail","Diplodus capensis","H","James et al. (2026) - Healthy estuaries enhance climate change resilience for fish within South African coastal seascapes.pdf","East","Low",0,,"not_applicable","not_applicable","non-kelp","unspecified","not_applicable","no","Author pers. obs documents Diplodus capensis among estuarine-associated marine species killed in the St Francis Bay nearshore in Feb 2025, an in-scope species occupying a non-kelp nearshore habitat. (Elsewhere the paper cites laboratory thermal- and pH-tolerance work on D. capensis, but those are ci",,"agent:opus:rfbf-v7.1"
3,"Blacktail","Diplodus capensis","H","Joubert and Hanekom (1980) - A study of feeding in some inshore reef fish of the Natal Coast, South Africa.pdf","East","Medium",0,,"not_applicable","not_applicable","non-kelp","both","not_applicable","no","SCUBA observation documents D. capensis occupying non-kelp rocky-reef substrates (adults/juveniles) and midwater (fry) on Natal east-coast reefs, no kelp present. Observed_alternative on the habitat route, level 0.",,"agent:opus:rfbf-v7.1"
3,"Blacktail","Diplodus capensis","H","Kisten and Strydom (2021) - Diel and tidal periodicity in the responses of early life stages of marine fishes to an estuary opening event in temperate South Africa.pdf","East","High",0,,"not_applicable","not_applicable","non-kelp","juvenile","not_applicable","no","Postflexion larvae of the in-scope blacktail Diplodus capensis occurred in the surf zone and breach channel of an Eastern Cape estuary (East region), documenting non-kelp surf/estuarine habitat use — a level-0 observed_alternative on the habitat route. The paper also cites Pattrick and Strydom (2009",,"agent:opus:rfbf-v7.1"
3,"Blacktail","Diplodus capensis","H","Kisten et al. (2024) - Occurrence of larval fishes sampled by drifting light traps in the lower reaches of a South African estuary.pdf","East","High",0,,"not_applicable","not_applicable","non-kelp","juvenile","not_applicable","no","Diplodus capensis was caught as postflexion larvae (2 individuals, both on flood tides) in the Kowie Estuary mouth, an Eastern Cape locality east of the kelp limit. A documented occurrence of an in-scope species in a non-kelp estuarine habitat at the sampled place, time and life stage yields a level",,"agent:opus:rfbf-v7.1"
3,"Blacktail","Diplodus capensis","H","Kok and Whitfield (1986) - The influence of open and closed mouth phases on the marine fish fauna of the Swartvlei estuary.pdf","East","High",0,,"not_applicable","not_applicable","non-kelp","juvenile","not_applicable","no","Captured by small- and large-seine netting in the Swartvlei estuary (Cape south coast, 34°S 22°46′E), a seagrass and sand-flat estuarine system east of the Agulhas kelp limit (Table 1), with juvenile length-frequency shown in Figure 8. This documents an in-scope species occupying a non-kelp estuarin",,"agent:opus:rfbf-v7.1"
3,"Blacktail","Diplodus capensis","H","Lamberth (1994) - The commercial beach-seine fishery in False Bay, South Africa.pdf","West","High",0,,"not_applicable","not_applicable","non-kelp","adult","not_applicable","no","Caught in beach-seine hauls in the sandy surf zone of False Bay (in ~33% of hauls); documents occupancy of a non-kelp habitat. Level-0 observed_alternative on the habitat route.",,"agent:opus:rfbf-v7.1"
3,"Blacktail","Diplodus capensis","H","Lamberth (2008) - Approaches to assessing the status of nearshore and estuarine fish and fisheries and their responses to environmental change.pdf","East","Low",0,,"not_applicable","not_applicable","non-kelp","unspecified","not_applicable","no","Blacktail (Diplodus capensis, listed as Diplodus sargus) documented in estuaries east of the kelp limit (south/east). Level-0 observed_alternative (non-kelp estuarine habitat). Region East.",,"agent:opus:rfbf-v7.1"
3,"Blacktail","Diplodus capensis","H","Lamberth and Turpie (2003) - The role of estuaries in South African fisheries, economic importance and management implications.pdf","East","Medium",0,,"not_applicable","not_applicable","non-kelp","juvenile","not_applicable","no","Blacktail (Diplodus capensis, paper's D. sargus; Category IIc) is documented occupying and caught in South/East/Transkei/KZN estuaries (Table II; Table V, 3.45 t), a non-kelp habitat used by juveniles. Level-0 observed_alternative on the habitat route; kelp never assessed. Region East (no West Coast",,"agent:opus:rfbf-v7.1"
3,"Blacktail","Diplodus capensis","H","Lamberth et al. (1995) - The vulnerability of fish to capture by commercial beach-seine nets in False Bay, South Africa.pdf","West","Medium",0,,"not_applicable","not_applicable","non-kelp","juvenile","not_applicable","no","Blacktail (juveniles) caught in the Fish Hoek Beach sandy surf zone (West coast); documented occupancy of a non-kelp habitat. No kelp use, diet, availability, or counterfactual assessed, so level-0 observed_alternative on the habitat route.",,"agent:opus:rfbf-v7.1"
3,"Blacktail","Diplodus capensis","H","Lamberth et al. (2008) - Comparison of, and the effects of altered freshwater inflow on, fish assemblages of two contrasting South African estuaries, the cool-temperate Olifants and the warm-temperate Breede.pdf","East","High",0,,"not_applicable","not_applicable","non-kelp","both","not_applicable","no","Blacktail (listed as Diplodus sargus / dassie = Diplodus capensis) was caught in the Breede Estuary seine and gillnet samples. Estuary is a non-kelp habitat; occurrence is a level-0 observed_alternative on the habitat route. Identity is the well-established SA blacktail synonymy (Diplodus sargus cap",,"agent:opus:rfbf-v7.1"
3,"Blacktail","Diplodus capensis","H","Lasiak (1981) - Nursery grounds of juvenile teleosts, evidence from the surf zone of King's Beach, Port Elizabeth.pdf","East","High",0,,"not_applicable","not_applicable","non-kelp","both","not_applicable","no","Diplodus capensis (blacktail; reported under the older name Diplodus sargus) is a dominant fish of the King's Beach surf-zone juvenile ichthyofauna (Table 2: N=386, 5.0%, 2.1-15.0 cm) and is asterisked as also caught as adults, so life stage is both. The sandy East-coast surf zone in Algoa Bay lies ",,"agent:opus:rfbf-v7.1"
3,"Blacktail","Diplodus capensis","H","Lasiak (1983) - Recruitment and growth patterns of juvenile marine teleosts caught at King's Beach, Algoa Bay.pdf","East","High",0,,"not_applicable","not_applicable","non-kelp","juvenile","not_applicable","no","Lasiak (1983) sampled the surf zone at King's Beach, Algoa Bay (Eastern Cape, East region, east of the eastern kelp limit) by seine netting between 1978 and 1980. Juvenile Diplodus capensis (reported as the blacktail Diplodus sargus) was documented occupying this sandy surf zone throughout the year ",,"agent:opus:rfbf-v7.1"
3,"Blacktail","Diplodus capensis","H","Lasiak (1983) - Structural Aspects of the Surf-zone Fish Assemblage at King’s Beach, Algoa Bay, South Africa.pdf","East","High",0,,"not_applicable","not_applicable","non-kelp","unspecified","not_applicable","no","Diplodus capensis (recorded as Diplodus sargus, the local blacktail) occurred in the sandy surf-zone catch at King's Beach, Algoa Bay (East coast, no kelp present or sampled), documenting occupancy of a non-kelp habitat. No kelp co-occurrence, structural use, or diet observation, so level-0 observed",,"agent:opus:rfbf-v7.1"
3,"Blacktail","Diplodus capensis","H","Lasiak (1984).pdf","East","High",0,,"not_applicable","not_applicable","non-kelp","unspecified","not_applicable","no","Diplodus sargus (SA blacktail) = Diplodus capensis per frame synonyms; a dominant, 100%-frequency resident of the King's Beach sandy surf-zone (East). Non-kelp habitat occupancy = level-0 observed_alternative.",,"agent:opus:rfbf-v7.1"
3,"Blacktail","Diplodus capensis","H","Lasiak (1986) - Juveniles, food and the surf zone habitat, implications for teleost nursery areas.pdf","East","High",0,,"not_applicable","not_applicable","non-kelp","juvenile","not_applicable","no","Juveniles were caught in the sandy-beach surf zone off King's Beach (East, no kelp), a documented occupancy of a non-kelp habitat at the sampled place, time and life stage. Level-0 observed_alternative on the habitat route. The source explicitly describes the habitat as structurally simple sandy bea",,"agent:opus:rfbf-v7.1"
3,"Blacktail","Diplodus capensis","H","Lechanteur (1999) - The ecology and management of false bay reef fish.pdf","West","High",1,,"not_applicable","not_applicable","uncertain","unspecified","within","no","Blacktail was most abundant in the shallow 0-5 m Ecklonia stratum, establishing co-occurrence with kelp. No action involving kelp structure documented, so level 1 co-occurrence.",,"agent:opus:rfbf-v7.1"
3,"Blacktail","Diplodus capensis","H","Lechanteur and Griffiths (2001) - Fish associated with artificial reefs in False Bay, South Africa, a preliminary survey.pdf","West","High",0,,"not_applicable","not_applicable","non-kelp","unspecified","not_applicable","no","Blacktail (as Diplodus sargus capensis) was recorded on the shallow-water Clan Stuart wreck (30 fishes) in False Bay, a non-kelp artificial-reef habitat. Kelp not measured. Level-0 observed_alternative, habitat route.",,"agent:opus:rfbf-v7.1"
3,"Blacktail","Diplodus capensis","H","Lechanteur and Griffiths (2002) - Composition and seasonal variability of the suprabenthic reef-fish assemblage in False Bay.pdf","West","Medium",1,,"not_applicable","not_applicable","not_applicable","unspecified","not_applicable","no","Peak density occurs in the shallowest Ecklonia maxima stratum (0-5 m), giving clear habitat co-occurrence with kelp (level 1). No kelp-structure action is documented and the species is described as nomadic within the Bay, so co-occurrence is the ceiling.",,"agent:opus:rfbf-v7.1"
3,"Blacktail","Diplodus capensis","H","Lechanteur and Griffiths (2002) - Diets of common suprabenthic reef fish in False Bay, South Africa.pdf","West","Low",0,,"not_applicable","not_applicable","non-kelp","adult","not_applicable","no","As one of the 17 suprabenthic reef fish observed on natural False Bay reefs, D. capensis is documented occupying non-kelp reef habitat. Habitat observed_alternative, level 0; low specificity because the habitat statement is the general methods framing rather than a species-specific observation.",,"agent:opus:rfbf-v7.1"
3,"Blacktail","Diplodus capensis","H","Lloyd et al. (2011) - Ocean warming alters species abundance patterns and increases species diversity in an African sub-tropical reef-fish community.pdf","East","Medium",0,,"not_applicable","not_applicable","non-kelp","unspecified","not_applicable","no","Diplodus capensis (blacktail) is recorded in the KwaZulu-Natal offshore-reef spear-fishing catch (28.0–31.6°S; East region), with 9 individuals shot 1989–2007 (Appendix A). Documents a reef sparid occupying non-kelp subtropical reef habitat; kelp is not measured or mentioned. Level-0 observed-altern",,"agent:opus:rfbf-v7.1"
3,"Blacktail","Diplodus capensis","H","Maggs et al (2013)-Contribution of a large no take zone to the management of vulnerable reef fishes in the south western indian ocean.pdf","East","Medium",0,,"not_applicable","not_applicable","non-kelp","unspecified","not_applicable","no","Diplodus capensis (blacktail) was caught in the Pondoland MPA survey on East-Coast reef at 10–30 m (6 individuals, Table A1), east of the kelp limit. Level-0 observed_alternative on the habitat route; trophic route unassessed. Region East.",,"agent:opus:rfbf-v7.1"
3,"Blacktail","Diplodus capensis","H","Mann (1992) - Biological aspects of two sparid fishes.pdf","East","High",0,,"not_applicable","not_applicable","non-kelp","both","not_applicable","no","The source reports a quantified diver visual census of Diplodus capensis across six explicitly defined reef habitat types in the Tsitsikamma National Park, on the south-eastern Cape coast east of the eastern kelp limit (E01, E02, E10, E11, E12). Every habitat category is characterised by coralline a",,"agent:opus:rfbf-v7.1"
3,"Blacktail","Diplodus capensis","H","Mann & Buxton (1998)-The reproductive biology of Diplodus sargus capensis and D cervinus hottentotus (Sparidae) off the south-east cape coast, south africa.pdf","East","Low",0,,"not_applicable","not_applicable","non-kelp","both","not_applicable","no","The source documents Diplodus capensis occupying a non-kelp setting: 382 specimens spanning juveniles (from 26 mm FL) to adults were sampled by spearfishing and linefishing on the reefs of Tsitsikamma National Park, on the south-east Cape coast well east of the Ecklonia maxima kelp limit (Fig. 1). T",,"agent:opus:rfbf-v7.1"
3,"Blacktail","Diplodus capensis","H","Mann and Buxton (1992) - Diets of Diplodus sargus capensis and D. cervinus hottentotus.pdf","East","Medium",0,,"not_applicable","not_applicable","non-kelp","both","not_applicable","no","The source documents where D. capensis was found and observed: juveniles in intertidal rock pools and subtidal gullies, sub-adults in shallow subtidal areas over rocky substrata, and adults in the inshore surf zone (<15 m). These are documented observations of an in-scope species occupying non-kelp ",,"agent:opus:rfbf-v7.1"
3,"Blacktail","Diplodus capensis","H","Mann and Pradervand (2007) - Declining catch per unit effort of an estuarine-dependent fish, Rhabdosargus sarba (Teleostei, Sparidae), in the marine environment following closure of the St Lucia Estuarine System, South Africa.pdf","East","Low",0,,"not_applicable","not_applicable","non-kelp","unspecified","not_applicable","no","Caught in the northern KZN marine surf/reef zone (Table 1, 270 fish); documented occurrence in a non-kelp habitat outside the kelp range. Level-0 observed_alternative on the habitat route. No trophic data.",,"agent:opus:rfbf-v7.1"
3,"Blacktail","Diplodus capensis","H","Mann et al. (2003) - Evaluation of participation in and management of the Transkei shore linefishery.pdf","East","Medium",0,,"not_applicable","not_applicable","non-kelp","unspecified","not_applicable","no","Blacktail (Diplodus sargus capensis = Diplodus capensis), the second most numerous catch (Table IV, n=106), taken along the non-kelp Transkei (East) shore-fishery; described as a non-migratory sedentary shallow-water species. Level-0 observed-alternative habitat record; no kelp-structural or diet ob",,"agent:opus:rfbf-v7.1"
3,"Blacktail","Diplodus capensis","H","Mann et al. (2006) - Towards the declaration of a large marine protected area, a subtidal ichthyofaunal survey of the Pondoland coast in the Eastern Cape, South Africa.pdf","East","High",0,,"not_applicable","not_applicable","non-kelp","both","not_applicable","no","Abundant in the Pondoland UVC (Table 1: N=630, density 66.59 per 1 000 m2; listed as D. sargus capensis) on non-kelp reefs, Eastern Cape; Figure 3 shows juveniles and adults. Level-0 observed_alternative on the habitat route.",,"agent:opus:rfbf-v7.1"
3,"Blacktail","Diplodus capensis","H","Mann et al. (2015) - Movement patterns of surf-zone fish species in a subtropical MPA on the east coast of South Africa.pdf","East","Medium",0,,"not_applicable","not_applicable","non-kelp","unspecified","not_applicable","no","East-coast subtropical MPA beyond the kelp limit; no kelp present. D. capensis was abundant in catches (861 caught) in the surf zone (sand and scattered low-relief beach-rock reef), documenting occupancy of a non-kelp habitat at the sampled place and time. Level-0 observed_alternative on the habitat",,"agent:opus:rfbf-v7.1"
3,"Blacktail","Diplodus capensis","H","Mann et al. (2016) - Monitoring the recovery of a previously exploited surf-zone fish community in the St Lucia Marine Reserve, South Africa.pdf","East","High",0,,"not_applicable","not_applicable","non-kelp","unspecified","not_applicable","no","St Lucia surf-zone catch study on the KwaZulu-Natal east coast (~28 S), far east of the eastern kelp limit; no kelp present. Diplodus capensis was one of the four most-studied species (n=731; detailed CPUE and mean-length GAMMs), documenting occupancy of a non-kelp surf-zone reef/sand habitat at the",,"agent:opus:rfbf-v7.1"
3,"Blacktail","Diplodus capensis","H","Mann et al. (2022) - Monitoring the effects of spatial protection on the reef fish communities of the Pondoland Marine Protected Area, Eastern Cape Province, South Africa.pdf","East","Medium",0,,"not_applicable","not_applicable","non-kelp","unspecified","not_applicable","no","In-scope blacktail (Diplodus capensis) recorded on Pondoland reef (10–30 m, Eastern Cape east coast), east of the kelp range. Occupies non-kelp reef habitat; kelp neither measured nor mentioned. Level-0 observed_alternative on the habitat route; trophic route unassessed.",,"agent:opus:rfbf-v7.1"
3,"Blacktail","Diplodus capensis","H","Mann et al. (2024) - Fish, fishers and the future, Proceedings of the 6th Southern African Marine Linefish Symposium.pdf","East","High",0,,"not_applicable","not_applicable","non-kelp","both","not_applicable","no","Across four abstracts blacktail (Diplodus capensis) is documented on rocky/red-algal reef, in a shallow cove, in surf-zone (De Hoop), and recruiting to macroalgal-reef/seagrass nurseries and estuary mouths, all in the Eastern Cape and at the eastern kelp boundary. Occupancy of non-kelp habitats with",,"agent:opus:rfbf-v7.1"
3,"Blacktail","Diplodus capensis","H","Marais (1990) - Body composition of ten marine migrants and one freshwater fish species caught in estuaries of the Eastern Cape.pdf","East","Medium",0,,"not_applicable","not_applicable","non-kelp","adult","not_applicable","no","Diplodus capensis (source name Diplodus sargus, the South African D. sargus capensis) was gill-netted in Eastern Cape estuaries (Table I, N=20, sexually mature) for whole-body proximate analysis. This documents an in-scope species occupying a non-kelp estuarine habitat east of the kelp limit, a leve",,"agent:opus:rfbf-v7.1"
3,"Blacktail","Diplodus capensis","H","McGregor and Strydom (2018) - The abundance, diversity and distribution of small fishes in mangrove and non-mangrove estuaries in warm temperate South Africa.pdf","East","High",0,,"not_applicable","not_applicable","non-kelp","juvenile","not_applicable","no","Diplodus capensis (blacktail) was caught in the Nahoon (N=58) and Gonubie (N=125) estuaries (Table 1), east of the kelp limit, in estuarine non-kelp habitat, juvenile sizes. Level-0 observed_alternative on the habitat route.",,"agent:opus:rfbf-v7.1"
3,"Blacktail","Diplodus capensis","H","Mkhize et al. (2024) - Habitat use by juvenile fish in macroalgae and seagrass beds in a temperate seascape.pdf","East","High",0,,"not_applicable","not_applicable","non-kelp","juvenile","not_applicable","no","Algoa Bay is east of the eastern kelp limit and the study concerns non-kelp Plocamium macroalga and Zostera seagrass, with kelp never measured. Juvenile (YOY-dominated) Diplodus capensis occupied both non-kelp habitats, significantly more abundant in the macroalga (MaxN 11.1 vs 2.9). The macroalga-v",,"agent:opus:rfbf-v7.1"
3,"Blacktail","Diplodus capensis","H","Mkhize et al. (2025) - Habitat use by juvenile fish in macroalgae and seagrass beds in a temperate South African seascape.pdf","East","High",0,,"not_applicable","not_applicable","non-kelp","juvenile","not_applicable","no","Blacktail (young-of-the-year) recorded abundantly by sRUV occupying non-kelp Plocamium corallorhiza macroalgae and Zostera capensis seagrass in Algoa Bay (East). No kelp present or mentioned. Documented occupancy of non-kelp nursery habitats at the sampled place, time and life stage gives a level-0 ",,"agent:opus:rfbf-v7.1"
3,"Blacktail","Diplodus capensis","H","Nodo et al. (2023) - The nursery function of shallow nearshore and estuarine benthic habitats for demersal fishes.pdf","East","Medium",0,,"not_applicable","not_applicable","non-kelp","juvenile","not_applicable","no","Blacktail recorded as settlement and juvenile stages in the soft-bottom marine nearshore and estuaries of Algoa Bay (East region). Non-kelp benthic habitat, kelp not measured or mentioned: level-0 observed_alternative on the habitat route.",,"agent:opus:rfbf-v7.1"
3,"Blacktail","Diplodus capensis","H","Nodo et al. (2024) - Spatial patterns and environmental drivers of demersal fish assemblages in the Swartkops and Sundays estuarine to marine seascapes, South Africa.pdf","East","High",0,,"not_applicable","not_applicable","non-kelp","unspecified","not_applicable","no","Diplodus capensis caught in the soft-bottom marine nearshore and both estuary channels of Algoa Bay (East region); documents occupation of non-kelp sediment habitat. Habitat-route level-0 observed_alternative. Trophic route unassessed (no diet).",,"agent:opus:rfbf-v7.1"
3,"Blacktail","Diplodus capensis","H","Nodo et al. (2026) - Using DNA barcoding to identify the early life history stages of demersal coastal fishes in shallow nearshore and estuarine benthic habitats of Algoa Bay.pdf","East","Low",0,,"not_applicable","not_applicable","non-kelp","juvenile","not_applicable","yes","Two larval specimens identified morphologically as Diplodus capensis (PCR failed) were caught in the Algoa Bay marine nearshore (East region), in soft-bottom benthic habitat; kelp is not measured or mentioned. This documents non-kelp habitat occupancy at level 0 on the habitat route, but the record ",,"agent:opus:rfbf-v7.1"
3,"Blacktail","Diplodus capensis","H","Osgood et al. (2020) - Chondrichthyans as an umbrella species-complex for conserving South African biodiversity.pdf","West","Low",0,,"not_applicable","not_applicable","non-kelp","unspecified","not_applicable","no","Blacktail is observed on BRUV in the kelp region and plots in the central non-kelp part of the RDA. Level-0 observed_alternative on the habitat route. Trophic route unassessed.",,"agent:opus:rfbf-v7.1"
3,"Blacktail","Diplodus capensis","H","Pattrick and Strydom (2008) - Composition, abundance, distribution and seasonality of larval fishes in the shallow nearshore of the proposed Greater Addo Marine Reserve, Algoa Bay.pdf","East","High",0,,"not_applicable","not_applicable","non-kelp","juvenile","not_applicable","no","Larval Diplodus capensis (75 larvae, all developmental stages) were collected across both nearshore depth contours of eastern Algoa Bay, an East-region locality east of the kelp coast with no kelp present or mentioned. This documents occupancy of a non-kelp pelagic nearshore habitat at the larval st",,"agent:opus:rfbf-v7.1"
3,"Blacktail","Diplodus capensis","H","Pattrick and Strydom (2014) - Recruitment of fish larvae and juveniles into two estuarine nursery areas with evidence of ebb tide use.pdf","East","High",0,,"not_applicable","not_applicable","non-kelp","juvenile","not_applicable","no","Blacktail postflexion larvae and juveniles were abundant in the Swartkops (14.8%) and present in the Sundays (3.9%) estuary (East, non-kelp estuarine nursery). A level-0 observed_alternative habitat record; kelp is not addressed.",,"agent:opus:rfbf-v7.1"
3,"Blacktail","Diplodus capensis","H","Pattrick and Strydom (2014) - The effects of exposure in sandy beach surf zones on larval fishes.pdf","East","High",0,,"not_applicable","not_applicable","non-kelp","juvenile","not_applicable","no","Algoa Bay surf-zone larval-fish survey (warm-temperate SE coast, East of the Cape Agulhas kelp limit) captured Diplodus capensis in large numbers (n=3814; Table I) as preflexion-to-early-juvenile larvae in sandy beach surf zones. This documents the in-scope species occupying a non-kelp habitat at th",,"agent:opus:rfbf-v7.1"
3,"Blacktail","Diplodus capensis","H","Plass-Johnson et al. (2010) - Top-down effects on intertidal mussel populations in a South African marine protected area.pdf","East","High",0,,"not_applicable","not_applicable","non-kelp","unspecified","not_applicable","no","Blacktail (recorded as Diplodus sargas capensis) was observed in large schools during snorkel visual-census transects at two rocky-reef sites in Tsitsikamma National Park, on the south coast east of the eastern kelp limit (East region). The record documents an in-scope species occupying a non-kelp r",,"agent:opus:rfbf-v7.1"
3,"Blacktail","Diplodus capensis","H","Pollard et al. (2017) - Eelgrass beds and bare substrata, sparid and mugilid composition in contrasting littoral estuarine habitats.pdf","East","High",0,,"not_applicable","not_applicable","non-kelp","juvenile","not_applicable","no","Knysna Estuary is east of the kelp limit, no kelp present. D. capensis (juveniles, <210 mm TL) was recorded in all three non-kelp estuarine habitats (CPUE bare 20.8, sparse Zostera 67.5, dense Zostera 32.3), with a greater size range in eelgrass than on bare sediment. Documented use of a non-kelp ha",,"agent:opus:rfbf-v7.1"
3,"Blacktail","Diplodus capensis","H","Pradervand (2004) - Long-term trends in the shore fishery of the Transkei coast, South Africa.pdf","East","High",0,,"not_applicable","not_applicable","non-kelp","adult","not_applicable","no","D. capensis recorded abundantly (n=1101, all mature) in the Transkei shore fishery (East, non-kelp); no diet or kelp-structure observation. Level-0 observed_alternative on the habitat route.",,"agent:opus:rfbf-v7.1"
3,"Blacktail","Diplodus capensis","H","Pradervand and Govender (2003) - Assessment of catches in shore angling competitions from the border region of the Eastern Cape, South Africa.pdf","East","High",0,,"not_applicable","not_applicable","non-kelp","unspecified","not_applicable","no","Blacktail (Diplodus capensis) positively identified (n=82) in the Border surf-zone catch, Eastern Cape (East of kelp limit). Level-0 observed_alternative habitat record. No diet data; trophic route unassessed.",,"agent:opus:rfbf-v7.1"
3,"Blacktail","Diplodus capensis","H","Pradervand and Hiseman (2006) - An analysis of the recreational shore fishery in the Goukamma Marine Protected Area.pdf","East","Medium",0,,"not_applicable","not_applicable","non-kelp","both","not_applicable","no","Table 1 records 2638 blacktail (Diplodus sargus capensis) in the Goukamma MPA shore fishery (1993-2002), a warm-temperate south-coast locality east of the eastern kelp limit where the shore is sandy beach, rocky shore, reef and soft sediment with no kelp. This documents occurrence of an in-scope spe",,"agent:opus:rfbf-v7.1"
3,"Blacktail","Diplodus capensis","H","Pradervand et al. (2007) - Long-term trends in the competitive shore fishery along the KwaZulu-Natal coast, South Africa.pdf","East","Low",0,,"not_applicable","not_applicable","non-kelp","unspecified","not_applicable","no","Blacktail (Diplodus capensis) recorded (n=3136, 1.5% by number) in the East-coast non-kelp shore fishery. Documents occurrence on non-kelp inshore reef habitat; kelp not assessed. Level-0 observed_alternative, habitat route.",,"agent:opus:rfbf-v7.1"
3,"Blacktail","Diplodus capensis","H","Reddy et al. (2011) - Marine connectivity and fish length frequencies of selected species in two adjacent temporarily open closed estuaries in the Eastern Cape Province, South Africa.pdf","East","Medium",0,,"not_applicable","not_applicable","non-kelp","unspecified","not_applicable","no","Diplodus capensis (blacktail), in scope, is recorded (only in the West Kleinemonde) in an Eastern Cape estuary (non-kelp habitat). Level-0 observed_alternative habitat record. Region East; kelp not addressed. No diet data, so trophic route unassessed.",,"agent:opus:rfbf-v7.1"
3,"Blacktail","Diplodus capensis","H","Richardson et al. (2006) - The influence of selected environmental parameters on the distribution of the dominant demersal fishes in the Kariega Estuary channel, South Africa.pdf","East","Medium",0,,"not_applicable","not_applicable","non-kelp","juvenile","not_applicable","no","Blacktail (Diplodus capensis, recorded under the name Diplodus sargus capensis) juveniles were trawled in the Kariega Estuary channel (East region, non-kelp estuarine habitat), documenting occupancy of a non-kelp habitat and supporting a level-0 observed_alternative on the habitat route. No kelp is ",,"agent:opus:rfbf-v7.1"
3,"Blacktail","Diplodus capensis","H","Rishworth et al. (2014) - Fish utilization of surf-zones. Are they changing? A case study of the Sheltered, warm-temperate King's Beach.pdf","East","High",0,,"not_applicable","not_applicable","non-kelp","both","not_applicable","no","Blacktail was one of the four dominant species in the King's Beach sandy surf-zone 30 m seine (49 juveniles) and also present in the 100 m seine (8, mostly adult). In-scope species occupying non-kelp habitat, East region, outside the kelp range. Level 0 observed_alternative on the habitat route.",,"agent:opus:rfbf-v7.1"
3,"Blacktail","Diplodus capensis","H","Rishworth et al. (2015) - The nursery role of a sheltered surf-zone in warm-temperate southern Africa.pdf","East","High",0,,"not_applicable","not_applicable","non-kelp","juvenile","not_applicable","no","Diplodus capensis is documented as larvae (Table 2, n=2, postflexion) and juveniles (Figure 1, 30 m seine, growth 5.0→5.7 cm Feb–May) occupying and growing in a sheltered sandy surf-zone at King's Beach, Algoa Bay. This is an East-region locality east of the kelp limit with no kelp in the study, so ",,"agent:opus:rfbf-v7.1"
3,"Blacktail","Diplodus capensis","H","Roberson et al. (2015) - First survey of fishes in Betty's bay along South Africa s temperate south west coast.pdf","West","Low",0,,"not_applicable","not_applicable","non-kelp","unspecified","not_applicable","no","D. capensis was recorded at 3 of 58 sites without resolution to kelp habitat. Observed occupancy of the surveyed inshore habitat (Level 0 observed alternative); kelp co-occurrence not established.",,"agent:opus:rfbf-v7.1"
3,"Blacktail","Diplodus capensis","H","Sheppard et al. (2011) - What role do beds of submerged macrophytes play in structuring estuarine fish assemblages.pdf","East","Low",0,,"not_applicable","not_applicable","non-kelp","juvenile","not_applicable","no","Blacktail (Diplodus sargus capensis = Diplodus capensis) was recorded in one year in the non-kelp Eastern Cape estuary. Level-0 habitat observed_alternative; kelp not considered. A separate claim that Diplodus capensis was lost following macrophyte disappearance at Swartkops is attributed to Beckley",,"agent:opus:rfbf-v7.1"
3,"Blacktail","Diplodus capensis","H","Smale (1986) - Feeding biology of four predatory reef fishes off the south-eastern Cape coast.pdf","East","Low",0,,"not_applicable","not_applicable","non-kelp","unspecified","not_applicable","yes","Besides appearing as prey, Diplodus capensis (named Diplodus sargus in the 1986 source) is observed using reef structures for escape in the eastern Cape (East region, no kelp). A documented observation of an in-scope species using non-kelp reef structure, a level-0 observed_alternative on the habita",,"agent:opus:rfbf-v7.1"
3,"Blacktail","Diplodus capensis","H","Smale and Buxton (1988) - The subtidal gully fish community of the eastern Cape and the role of this habitat as a nursery area.pdf","East","High",0,,"not_applicable","not_applicable","non-kelp","juvenile","not_applicable","no","Diplodus capensis (as D. sargus capensis) was abundant (n=455, 25–200 mm), recruiting to the gullies in February–March. Collected from non-kelp red-algae rocky gullies in the eastern Cape (East, beyond the kelp limit), with kelp neither measured nor mentioned. A level-0 observed_alternative on the h",,"agent:opus:rfbf-v7.1"
3,"Blacktail","Diplodus capensis","H","Steyn et al. (2021) - Changes in food-web structure and energy flow in kelp forest ecosystems following the invasion of Jasus lalandii.pdf","West","Low",1,,"not_applicable","not_applicable","not_applicable","unspecified","within","no","Diplodus capensis (as Diplodus sargus capensis, Blacktail) is named as a smaller reef fish included in the Betty's Bay kelp forest model within the omnivorous-fish group (level-1 co-occurrence, habitat route). No kelp-specific trophic or structural observation. Weaker basis.",,"agent:opus:rfbf-v7.1"
3,"Blacktail","Diplodus capensis","H","Strydom (2008) - Utilization of shallow subtidal bays associated with warm temperate rocky shores by the late-stage larvae of some inshore fish species, South Africa.pdf","East","High",0,,"not_applicable","not_applicable","non-kelp","juvenile","not_applicable","no","Strydom (2008) sampled larval and early-juvenile fish in seven shallow subtidal bays between Port Alfred and Hamburg (Eastern Cape), well east of the eastern kelp limit; substrate was sand and rock with Caulerpa filiformis beds and no kelp is present or mentioned. Diplodus capensis dominated the cat",,"agent:opus:rfbf-v7.1"
3,"Blacktail","Diplodus capensis","H","Strydom and d'Hotman (2005) - Estuary-dependence of larval fishes in a non-estuary associated South African surf zone.pdf","East","High",0,,"not_applicable","not_applicable","non-kelp","juvenile","not_applicable","no","Diplodus capensis (recorded as Diplodus sargus capensis) larvae and early juveniles (N=63, 12%; 6.9-18.2 mm) were documented in the non-kelp sandy-beach surf zone west of Cape Padrone (Eastern Cape, east of the kelp limit). Documented occupation of a non-kelp habitat at a defined place, time and lif",,"agent:opus:rfbf-v7.1"
3,"Blacktail","Diplodus capensis","H","Strydom et al. (2003) - The role of estuarine type in characterizing early stage fish assemblages in warm temperate estuaries, South Africa.pdf","East","Medium",0,,"not_applicable","not_applicable","non-kelp","juvenile","not_applicable","no","Postflexion larvae of D. capensis (as D. sargus capensis, n=45) were caught in Eastern Cape estuaries, documenting non-kelp estuarine occurrence at the larval stage. No kelp assessed; level-0 observed_alternative, habitat route, East region.",,"agent:opus:rfbf-v7.1"
3,"Blacktail","Diplodus capensis","H","Strydom et al. (2014) - Occurrence of larval fishes in a rocky shore-associated nursery area in temperate South Africa.pdf","East","High",0,,"not_applicable","not_applicable","non-kelp","juvenile","not_applicable","no","Diplodus capensis was the overwhelmingly dominant taxon (35 706 individuals, 90% of the assemblage) caught as flexion-through-juvenile stages in Shark Bay, a small subtidal rocky-shore-associated bay at Port Alfred on the warm-temperate south-east (East) coast, with a substrate of sand, rock and Cau",,"agent:opus:rfbf-v7.1"
3,"Blacktail","Diplodus capensis","H","Talbots (1955)-Notes on the biology of Rhabdosargus globiceps.pdf","West","Low",0,,"not_applicable","not_applicable","non-kelp","juvenile","not_applicable","no","Blacktail (Diplodus capensis, recorded as Diplodus sargus) is documented occupying the Klein River estuary (non-kelp habitat). Level-0 observed_alternative on the habitat route.",,"agent:opus:rfbf-v7.1"
3,"Blacktail","Diplodus capensis","H","Ter Morshuizen and Whitfield (1994) - The distribution of littoral fish associated with eelgrass Zostera capensis beds in the Kariega Estuary.pdf","East","High",0,,"not_applicable","not_applicable","non-kelp","juvenile","not_applicable","no","Diplodus capensis (blacktail, recorded as Diplodus sargus capensis) was caught in the Kariega eelgrass beds (total 0,37 m-2, 2,92%; Table II), mainly in the lower reaches, as small juveniles. The setting is a non-kelp Eastern Cape estuary with no kelp or diet observation. This is a direct quantified",,"agent:opus:rfbf-v7.1"
3,"Blacktail","Diplodus capensis","H","Van der Walt and Govender (1996) - Stock assessment of Sarpa salpa (Pisces, Sparidae) off the KwaZulu-Natal coast, South Africa.pdf","East","Low",0,,"not_applicable","not_applicable","non-kelp","unspecified","not_applicable","no","Diplodus sargus capensis (accepted name Diplodus capensis, Blacktail) is individually named as one of the smaller rock-fish species caught on the KwaZulu-Natal South Coast (2.7% of the shore catch; Fig. 2), on a coast characterised by intertidal rocky reefs and rock outcrops. This documents an in-sc",,"agent:opus:rfbf-v7.1"
3,"Blacktail","Diplodus capensis","H","Venter and Mann (2012) - Preliminary assessment of surf-zone and estuarine line-fish species of the Dwesa-Cwebe Marine Protected Area.pdf","East","High",0,,"not_applicable","not_applicable","non-kelp","unspecified","not_applicable","no","Most abundant species in the catch (320 individuals, 30.08%), recorded in the East-region non-kelp surf-zone (sandy substrata, broken rock and sand, rocky reefs, rocky points). Kelp neither measured nor mentioned. Documented occupancy of non-kelp habitat = level-0 observed_alternative on the habitat",,"agent:opus:rfbf-v7.1"
3,"Blacktail","Diplodus capensis","H","Wallace et al. (1984) - Inshore small-mesh trawling survey of the Cape south coast. Part 1. Introduction, methods, stations and catches.pdf","East","Medium",0,,"not_applicable","not_applicable","non-kelp","unspecified","not_applicable","no","Blacktail taken in the soft-bottom trawl survey east of the kelp coast; non-kelp habitat occurrence. Level 0 observed_alternative on the habitat route.",,"agent:opus:rfbf-v7.1"
3,"Blacktail","Diplodus capensis","H","Wallace et al. (1984) - Inshore small-mesh trawling survey of the Cape south coast. Part 2. Occurrence of estuarine-associated fishes.pdf","East","High",0,,"not_applicable","not_applicable","non-kelp","both","not_applicable","no","Frequent across all life stages over shallow rocky reef (dive) and trawled on soft substrata, on the Cape south coast east of the kelp limit. Documented non-kelp habitat occupancy; no kelp, diet or availability data. Level-0 observed_alternative, habitat route. Recorded under the name Diplodus sargu",,"agent:opus:rfbf-v7.1"
3,"Blacktail","Diplodus capensis","H","Watt-Pringle and Strydom (2003) - Habitat use by larval fishes in a temperate South African surf zone.pdf","East","Medium",0,,"not_applicable","not_applicable","non-kelp","juvenile","not_applicable","no","Diplodus capensis (as Diplodus sargus capensis) was recorded (two flexion/early-juvenile individuals) in a sandy inner surf zone east of the kelp limit, documenting occupancy of a non-kelp habitat. Level-0 observed_alternative on the habitat route; kelp not assessed. Specificity Medium given only tw",,"agent:opus:rfbf-v7.1"
3,"Blacktail","Diplodus capensis","H","Watt-pringle et al. (2013) - Residency and small-scale movement of three sparid fishes.pdf","East","High",0,,"not_applicable","not_applicable","non-kelp","juvenile","not_applicable","no","Diplodus capensis is model_scope=true. The source directly observes tagged juvenile blacktail residing in and moving among rocky subtidal gullies at Schoenmakerskop, Algoa Bay (Eastern Cape) — a non-kelp habitat east of the kelp limit. Kelp is neither measured nor mentioned. This is a documented occ",,"agent:opus:rfbf-v7.1"
3,"Blacktail","Diplodus capensis","H","Whitfield (2005) - Preliminary documentation and assessment of fish diversity in sub-Saharan African estuaries.pdf","West","Low",0,,"not_applicable","not_applicable","non-kelp","unspecified","not_applicable","yes","Diplodus sargus capensis (= Diplodus capensis, blacktail; marine immigrant) is listed among West-coast cool-temperate estuarine fish (Table 2), documenting non-kelp (estuarine) habitat use -> level-0 observed_alternative, habitat route. Secondary compilation.",,"agent:opus:rfbf-v7.1"
3,"Blacktail","Diplodus capensis","H","Whitfield et al. (1993) - A comparison of the ichthyofaunas in two permanently open eastern Cape estuaries.pdf","East","High",0,,"not_applicable","not_applicable","non-kelp","juvenile","not_applicable","no","Diplodus capensis (as Diplodus sargus capensis) was captured by seine (Great Fish 43,3 per 10 hauls) and as larvae in plankton nets in both eastern Cape estuaries, documenting juvenile occupancy of non-kelp estuarine habitat: level-0 observed_alternative on the habitat route.",,"agent:opus:rfbf-v7.1"
3,"Blacktail","Diplodus capensis","T","Berry et al. (1982) - Density and Biomass of the Ichthyofauna of a Natal Littoral Reef.pdf","East","Medium",0,,"non_kelp","outside","not_applicable","both","not_applicable","no","The source reports, as its own finding, that juvenile Diplodus sargus on the ORI Reef feed on organisms in the water column while adults feed largely on sessile organisms, and classifies the species as an omnivore from the authors' own data. Both prey classes are non-kelp food taken at a Natal litto",,"agent:opus:rfbf-v7.1"
3,"Blacktail","Diplodus capensis","T","Coetzee (1986) - Diet, composition, and breeding cycle of Diplodus sargus capensis.pdf","East","High",0,,"non_kelp","not_applicable","not_applicable","adult","not_applicable","no","Comprehensive diet study of 193 alimentary tracts from adult Diplodus capensis (as D. sargus capensis) caught by anglers at St Croix Island, Algoa Bay (East region, beyond the eastern kelp limit near Cape Agulhas/De Hoop). Prey were identified to species and ranked by a Relative Importance Value com",,"agent:opus:rfbf-v7.1"
3,"Blacktail","Diplodus capensis","T","Day (1970) - The biology of False Bay, South Africa.pdf","West","Medium",0,,"non_kelp","not_applicable","not_applicable","unspecified","not_applicable","no","Blacktail, named among the reef fish that feed on a wide variety of invertebrates (Pyura, crabs, rock mussels, polychaetes, echinoids), has a documented non-kelp diet (level 0 observed alternative).",,"agent:opus:rfbf-v7.1"
3,"Blacktail","Diplodus capensis","T","Hussey et al. (2014) - Rescaling the trophic structure of marine food webs.pdf","East","Low",0,,"non_kelp","not_applicable","not_applicable","unspecified","not_applicable","yes","'Diplodus sargus' sampled in the KwaZulu-Natal shelf food web (East, non-kelp) and assigned a stable-isotope trophic position. In the South African context this is Diplodus capensis (blacktail; = D. sargus capensis). Level-0 observed_alternative on the trophic route; no kelp measured or mentioned. F",,"agent:opus:rfbf-v7.1"
3,"Blacktail","Diplodus capensis","T","Joubert and Hanekom (1980) - A study of feeding in some inshore reef fish of the Natal Coast, South Africa.pdf","East","High",0,,"non_kelp","not_applicable","not_applicable","both","not_applicable","no","Primary quantitative diet study of blacktail (Diplodus capensis) on Natal east-coast reefs, no kelp in region. Documented omnivorous ingestion of non-kelp reef algae and benthic invertebrates. Observed_alternative on the trophic route, level 0.",,"agent:opus:rfbf-v7.1"
3,"Blacktail","Diplodus capensis","T","Lasiak (1986) - Juveniles, food and the surf zone habitat, implications for teleost nursery areas.pdf","East","High",0,,"non_kelp","not_applicable","not_applicable","juvenile","not_applicable","no","Juvenile blacktail were sampled and their stomachs analysed in the King's Beach surf zone (East region, no kelp). Diet is dominated by non-kelp prey (copepods, Macropetasma africanus, surf-zone algae, ostracods). This is a documented consumption of non-kelp food at the sampled place, time and life s",,"agent:opus:rfbf-v7.1"
3,"Blacktail","Diplodus capensis","T","Lechanteur (1999) - The ecology and management of false bay reef fish.pdf","West","High",0,,"non_kelp","not_applicable","not_applicable","adult","not_applicable","no","Blacktail's False Bay diet is hard-shelled reef invertebrates (barnacles, molluscs, polychaetes, holothuroids); the source stresses that at False Bay it eats these 'even though there is no shortage of algae', so it does not consume the available algae. No kelp-linked prey; a level-0 observed alterna",,"agent:opus:rfbf-v7.1"
3,"Blacktail","Diplodus capensis","T","Lechanteur and Griffiths (2002) - Diets of common suprabenthic reef fish in False Bay, South Africa.pdf","West","High",0,,"non_kelp","not_applicable","not_applicable","adult","not_applicable","no","Primary quantified diet (43 stomachs, adult) in False Bay is dominated by hard-shelled and benthic non-kelp prey; the source explicitly notes the fish take these even where algae are abundant, so there is no kelp trophic link. Trophic observed_alternative, level 0.",,"agent:opus:rfbf-v7.1"
3,"Blacktail","Diplodus capensis","T","Mann (1992) - Biological aspects of two sparid fishes.pdf","East","High",0,,"non_kelp","outside","not_applicable","both","not_applicable","no","Mann (1992) is a primary diet study of Diplodus sargus capensis (accepted name Diplodus capensis) in the Tsitsikamma National Park on the south-eastern Cape coast, sampled April 1989 to December 1990 (E01, E02, E03). The study locality lies well east of Cape Agulhas, which under the protocol's regio",,"agent:opus:rfbf-v7.1"
3,"Blacktail","Diplodus capensis","T","Mann and Buxton (1992) - Diets of Diplodus sargus capensis and D. cervinus hottentotus.pdf","East","High",0,,"non_kelp","outside","not_applicable","both","not_applicable","no","Tsitsikamma lies east of the eastern kelp limit, so no kelp is present, measured, or mentioned. The source's own stomach-content analysis documents D. capensis (blacktail) feeding on non-kelp reef invertebrates (gammarid and caprellid amphipods, polychaetes, copepods, echinoids, anthozoans, gastropo",,"agent:opus:rfbf-v7.1"
3,"Blacktail","Diplodus capensis","T","Mann et al. (2024) - Fish, fishers and the future, Proceedings of the 6th Southern African Marine Linefish Symposium.pdf","East","Medium",0,,"non_kelp","not_applicable","not_applicable","juvenile","not_applicable","no","Stomach-content plus isotope study shows juvenile blacktail assimilate Laurencia and coralline-turf macroalgae and associated epiphytes/macroinvertebrates in Algoa Bay. Non-kelp trophic resource use with no kelp food-web link = level-0 observed_alternative (trophic, non_kelp).",,"agent:opus:rfbf-v7.1"
3,"Blacktail","Diplodus capensis","T","Strydom (2008) - Utilization of shallow subtidal bays associated with warm temperate rocky shores by the late-stage larvae of some inshore fish species, South Africa.pdf","East","High",0,,"non_kelp","not_applicable","not_applicable","juvenile","not_applicable","no","Gut contents of 65 postflexion larval and early-juvenile D. capensis (9.5-17.8 mm) were dominated by planktonic Copepoda (Sapphirinidae 61%, Aegisthidae 15%, Amphipoda 9%, Cyclopoida 5%; Fig. 5), a documented consumption of non-kelp food in a region without kelp. This is a level-0 observed_alternati",,"agent:opus:rfbf-v7.1"
3,"Blacktail","Diplodus capensis","T","Talbots (1955)-Notes on the biology of Rhabdosargus globiceps.pdf","West","Medium",0,,"non_kelp","not_applicable","not_applicable","juvenile","not_applicable","no","The South African blacktail (recorded as Diplodus sargus, now Diplodus capensis) is documented as omnivorous on estuarine seagrass, green algae and weed-bed invertebrates. Documented non-kelp diet gives a level-0 observed_alternative on the trophic route.",,"agent:opus:rfbf-v7.1"
3,"Blacktail","Diplodus capensis","T","Whitfield et al. (2023) - Fishes of the Knysna Estuary.pdf","East","Medium",0,,"non_kelp","not_applicable","not_applicable","unspecified","not_applicable","no","Blacktail is documented feeding on eelgrass leaves/epiphytic diatoms in the estuary (text and food-web figure), a non-kelp food source, giving a level-0 observed_alternative trophic record.",,"agent:opus:rfbf-v7.1"
4,"Bronze bream","Pachymetopon grande","H","Attwood et al. (2016) - Seasonally and spatially referenced estimates of recreational shore-angling effort, catch composition, catch rates and total catch in the Goukamma Marine Protected Area, South Africa.pdf","East","Low",0,,"not_applicable","not_applicable","non-kelp","unspecified","not_applicable","no","Bronze bream (5 fish) caught in the non-kelp Goukamma MPA. Presence-only observation of an in-scope species in non-kelp reef/shore habitat, level-0 observed_alternative on the habitat route.",,"agent:opus:rfbf-v7.1"
4,"Bronze bream","Pachymetopon grande","H","Beckley and Buxton (1989) - UNDERWATER OBSERVATIONS OF REEF FISH IN AND AROUND ALGOA BAY, SOUTH AFRICA.pdf","East","Medium",0,,"not_applicable","not_applicable","non-kelp","both","not_applicable","no","Bronze bream observed infrequently (5% at Philip's Reef), adults and juveniles, on non-kelp rocky reef East of the kelp range; associated with high-energy rocky shores. Level-0 observed_alternative on the habitat route.",,"agent:opus:rfbf-v7.1"
4,"Bronze bream","Pachymetopon grande","H","Beckley et al. (2008) - Few fish but many fishers, a case study of shore-based recreational angling in a major South African estuarine port.pdf","East","Low",0,,"not_applicable","not_applicable","non-kelp","unspecified","not_applicable","no","East-region estuarine port; a single Pachymetopon grande was identified in the shore-angling catch (Table 3; 1 individual, 0.06%), documenting occurrence in a non-kelp estuarine habitat. No kelp present or examined; no diet data. Level-0 observed_alternative habitat record; Low specificity (single i",,"agent:opus:rfbf-v7.1"
4,"Bronze bream","Pachymetopon grande","H","Bennett & Attwood (1993)-Shore-angling catches in the De Hoop Nature Reserve  South Africa  and further evidence for the protective value of marine reserves.pdf","East","Medium",0,,"not_applicable","not_applicable","non-kelp","unspecified","not_applicable","no","Pachymetopon grande (n=53) was caught by shore-angling at De Hoop in a non-kelp aeolianite beach-rock and sand surf zone at the eastern edge of the Ecklonia maxima range. Documented occurrence in non-kelp habitat with no diet or kelp-structure observation gives a level-0 observed_alternative on the ",,"agent:opus:rfbf-v7.1"
4,"Bronze bream","Pachymetopon grande","H","Brouwer and Buxton (2002) - Catch and effort of the shore and skiboat linefisheries along the South African Eastern Cape coast.pdf","East","Low",0,,"not_applicable","not_applicable","non-kelp","unspecified","not_applicable","no","Bronze bream recorded in the Eastern Cape shore and commercial skiboat catches and a dominant shore target, east of the kelp limit: level-0 observed_alternative, habitat route.",,"agent:opus:rfbf-v7.1"
4,"Bronze bream","Pachymetopon grande","H","Bullock et al. (2021) - A decade of surf-zone linefish monitoring in the Dwesa-Cwebe Marine Protected Area.pdf","East","High",0,,"not_applicable","not_applicable","non-kelp","unspecified","not_applicable","no","Bronze bream was the second-most-abundant species caught (n=1 443) and is described as a resident species over rocky reef in the Dwesa-Cwebe MPA on the Eastern Cape east coast, beyond the eastern kelp limit. Observed occupying and residing in non-kelp East-coast habitat with no kelp or diet data: le",,"agent:opus:rfbf-v7.1"
4,"Bronze bream","Pachymetopon grande","H","Burger (1990) - The distribution patterns and community structure of the Tsitsikamma rocky littoral ichthyofauna.pdf","East","High",0,,"not_applicable","not_applicable","non-kelp","unspecified","not_applicable","no","East-region record beyond the kelp coast. Pachymetopon grande was recorded in non-kelp subtidal gullies at Tsitsikamma, where no kelp forest occurs. Documented occurrence in a non-kelp habitat: level-0 observed_alternative on the habitat route.",,"agent:opus:rfbf-v7.1"
4,"Bronze bream","Pachymetopon grande","H","Buxton and Clarke (1985) - Age, growth and feeding of the blue hottentot Pachymetopon aeneum with notes on reproductive biology.pdf","East","Low",0,,"not_applicable","not_applicable","non-kelp","unspecified","not_applicable","no","The source states that P. grande occurs on the same reefs as P. aeneum, down to at least 30 m (E19). Figure 1 resolves 'the same reefs' to the kelp-free Eastern Cape reefs of the Port Elizabeth area (E20), so this is an observation of an in-scope species occupying a non-kelp habitat at the sampled p",,"agent:opus:rfbf-v7.1"
4,"Bronze bream","Pachymetopon grande","H","Buxton and Clarke (1991) - Biology of Pachymetopon grande.pdf","East","Medium",0,,"not_applicable","not_applicable","non-kelp","both","not_applicable","no","The source reports its own SCUBA observations of the habitat P. grande occupies (E10), and the Distribution section records juveniles as common over shallow subtidal reefs of less than 10 m 'covered in seaweeds such as the rhodophyte Plocamium corallorhiza', with adults and subadults common in shall",,"agent:opus:rfbf-v7.1"
4,"Bronze bream","Pachymetopon grande","H","Clarke (1988) - Biological aspects of Sparodon durbanensis and Pachymetopon grande.pdf","East","Medium",0,,"not_applicable","not_applicable","non-kelp","both","not_applicable","no","Pachymetopon grande is documented occupying inshore rocky reefs (<20 m) in the Eastern Cape, browsing over reefs at a range of depths (shallow Knoll vs deeper Rheeders' Knoll). The habitat is rocky reef dominated by rhodophytes and invertebrates, not kelp, and the region is entirely east of the kelp",,"agent:opus:rfbf-v7.1"
4,"Bronze bream","Pachymetopon grande","H","Coetzee and Baird (1981) - Catch composition and catch per unit effort of anglers' catches off St Croix Island.pdf","East","Low",0,,"not_applicable","not_applicable","non-kelp","unspecified","not_applicable","no","Bronze bream, in the St Croix Island angler catch at a non-kelp East-region rocky reef → level-0 observed_alternative on the habitat route.",,"agent:opus:rfbf-v7.1"
4,"Bronze bream","Pachymetopon grande","H","Cowley et al (2002)_Role of Tsitsikamma National Park in the management of four shore angling fish along the south eastern Cape coast of SA.pdf","East","Medium",0,,"not_applicable","not_applicable","non-kelp","both","not_applicable","no","Pachymetopon grande is a study species documented as resident on non-kelp rocky reef in the Tsitsikamma National Park and adjacent south-east Cape open-access areas, entirely east of the eastern kelp limit. Kelp is never mentioned or measured. Table I shows all recaptures within the TNP and Table II",,"agent:opus:rfbf-v7.1"
4,"Bronze bream","Pachymetopon grande","H","De Vos et al. (2014) - Optimal BRUVs survey design for reef fish monitoring in the Stilbaai Marine Protected Area.pdf","East","Low",0,,"not_applicable","not_applicable","non-kelp","unspecified","not_applicable","no","Recorded at 2 of 29 BRUVs sites on non-kelp sandstone reef at Stilbaai, east of the kelp limit. No kelp present or measured; a level-0 observed_alternative on the habitat route. Its herbivore designation is from field guides (secondary) and is retained as a citation lead on the trophic route, not a ",,"agent:opus:rfbf-v7.1"
4,"Bronze bream","Pachymetopon grande","H","Dicken et al. (2012) - Long-term catch and effort trends in Eastern Cape Angling Week competitions.pdf","East","Medium",0,,"not_applicable","not_applicable","non-kelp","adult","not_applicable","no","Eastern Cape shore fishery east of the kelp limit; Table 1 records Pachymetopon grande caught in non-kelp habitat (555 fish). Level-0 observed_alternative on the habitat route. Trophic route unassessed (no diet data).",,"agent:opus:rfbf-v7.1"
4,"Bronze bream","Pachymetopon grande","H","Dunlop & Mann (2013)-An assessment of participation catch and effort in the offshore boat based line fishery in KZN.pdf","East","Low",0,,"not_applicable","not_applicable","non-kelp","unspecified","not_applicable","no","East-region KZN catch survey; no kelp. Bronze bream (reef sparid) retained across sectors, documenting occurrence in non-kelp KZN reef habitat. Level-0 observed_alternative, habitat route.",,"agent:opus:rfbf-v7.1"
4,"Bronze bream","Pachymetopon grande","H","Dunlop and Mann (2012) - An assessment of participation, catch and effort in the KwaZulu-Natal shore-based marine linefishery, with comments on management effectiveness.pdf","East","High",0,,"not_applicable","not_applicable","non-kelp","unspecified","not_applicable","no","Pachymetopon grande was caught (58) in the KZN (East) non-kelp shore fishery. Documented occurrence in non-kelp east-coast habitat = level-0 observed_alternative (habitat route). No diet or kelp data.",,"agent:opus:rfbf-v7.1"
4,"Bronze bream","Pachymetopon grande","H","Fennessy et al. (2003) - An assessment of the recreational and commercial skiboat fishery in the Transkei.pdf","East","Low",0,,"not_applicable","not_applicable","non-kelp","unspecified","not_applicable","no","Bronze bream was retained in the northern Transkei reef fishery, east of the kelp limit; no kelp mentioned. Documented non-kelp reef occurrence. Level-0 observed_alternative, habitat route; trophic route unassessed.",,"agent:opus:rfbf-v7.1"
4,"Bronze bream","Pachymetopon grande","H","Gonzalez (2024) - Baited remote underwater video surveys report, Stilbaai Marine Protected Area (2013-2016).pdf","East","Medium",0,,"not_applicable","not_applicable","non-kelp","unspecified","not_applicable","no","Pachymetopon grande was recorded by baited remote underwater video in the Stilbaai MPA (Table 3; present in 2015 per Table 4). Stilbaai lies on the warm-temperate south coast east of Cape Agulhas/De Hoop, beyond the eastern range limit of Ecklonia maxima, and the report explicitly states that the su",,"agent:opus:rfbf-v7.1"
4,"Bronze bream","Pachymetopon grande","H","Götz et al. (2008) - Selected fishery and population parameters of eight shore-angling species in the Tsitsikamma National Park no-take marine reserve.pdf","East","High",0,,"not_applicable","not_applicable","non-kelp","unspecified","not_applicable","no","Bronze bream caught in the TNP shore-angling survey (Table 1, n=318) at a non-kelp rocky-reef site on the Eastern Cape coast. Occurrence documented; no diet data and no kelp structural action. Level-0 observed_alternative on the habitat route. Trophic route unassessed.",,"agent:opus:rfbf-v7.1"
4,"Bronze bream","Pachymetopon grande","H","Gotz et al. (2009) - Effects of fishing on a temperate reef community in South Africa 1, ichthyofauna.pdf","East","Medium",0,,"not_applicable","not_applicable","non-kelp","unspecified","not_applicable","no","Bronze bream was recorded by angling and UVC at Goukamma rocky-reef sites in the East region, occupying non-kelp rocky reef without kelp measured or mentioned: Level 0 observed alternative on the habitat route.",,"agent:opus:rfbf-v7.1"
4,"Bronze bream","Pachymetopon grande","H","Götz et al. (2009) - fishing on a temperate reef community in South Africa 1- ichthyofauna.pdf","East","Medium",0,,"not_applicable","not_applicable","non-kelp","unspecified","not_applicable","no","Pachymetopon grande was recorded on warm-temperate rocky reef at the Goukamma MPA study area (south-east coast, near Knysna), which lies east of the Cape Agulhas kelp limit and outside the Ecklonia maxima range. The survey (standardised angling and/or UVC over rocky substrate) documents the species ",,"agent:opus:rfbf-v7.1"
4,"Bronze bream","Pachymetopon grande","H","Griffiths (2000) - Long-term trends in catch and effort of commercial linefish off South Africa's Cape Province.pdf","East","Low",0,,"not_applicable","not_applicable","non-kelp","unspecified","not_applicable","no","Fishery-independent survey documents bronze bream (Pachymetopon grande) on Southern Cape reef complexes in the second survey. Non-kelp reef habitat occurrence; kelp not measured or mentioned. Level-0 observed_alternative, habitat route, region East, Low specificity.",,"agent:opus:rfbf-v7.1"
4,"Bronze bream","Pachymetopon grande","H","Hanekom et al. (1989) - Sea temperature variations in the Tsitsikamma Coastal National Park, South Africa, with notes on the effect of cold conditions on some fish populations.pdf","East","Low",0,,"not_applicable","not_applicable","non-kelp","unspecified","not_applicable","no","Bronze bream recorded sheltering in the warm Storms River mouth during cold declines on the East coast (Table I). Non-kelp river-mouth occupancy; kelp not measured or mentioned. Level-0 observed_alternative habitat record.",,"agent:opus:rfbf-v7.1"
4,"Bronze bream","Pachymetopon grande","H","Hanekom et al. (1997) - Shore-angling catches in the Tsitsikamma National Park, 1989-1995.pdf","East","High",0,,"not_applicable","not_applicable","non-kelp","unspecified","not_applicable","no","Bronze bream (Pachymetopon grande) a dominant species in scientific catches (9%) on the TNP non-kelp coast east of the kelp limit: level 0 observed_alternative, habitat route. Trophic route unassessed.",,"agent:opus:rfbf-v7.1"
4,"Bronze bream","Pachymetopon grande","H","Jairam (2005) - COMMERCIAL AND RECREATIONAL MARINE SKIBOAT LINEFISHERIES IN RICHARDS BAY.pdf","East","Low",0,,"not_applicable","not_applicable","non-kelp","unspecified","not_applicable","no","Reef sparid caught on Richards Bay offshore reefs (107 commercial, 11 recreational), beyond the eastern kelp limit. Documents occupancy of non-kelp reef habitat (level-0 observed_alternative, habitat route). No kelp assessed; trophic route unassessed.",,"agent:opus:rfbf-v7.1"
4,"Bronze bream","Pachymetopon grande","H","James et al (2012)-Temporal variability of temperate fish assemblahe in Africas oldest MPA.pdf","East","High",0,,"not_applicable","not_applicable","non-kelp","unspecified","not_applicable","no","Abundant, consistently caught by shore-angling on the non-kelp East-region reef of TNP; occupancy of non-kelp habitat only. Level-0 observed_alternative on the habitat route; trophic route unassessed.",,"agent:opus:rfbf-v7.1"
4,"Bronze bream","Pachymetopon grande","H","Lloyd et al. (2011) - Ocean warming alters species abundance patterns and increases species diversity in an African sub-tropical reef-fish community.pdf","East","Medium",0,,"not_applicable","not_applicable","non-kelp","unspecified","not_applicable","no","Lloyd et al. record Pachymetopon grande (bronze bream) in the spear-fishing catch from offshore reefs on the KwaZulu-Natal continental shelf (28.0–31.6°S), east of the Ecklonia maxima kelp limit (East region). 946 individuals were shot over 1989–2007 (Appendix A). This documents a reef-associated sp",,"agent:opus:rfbf-v7.1"
4,"Bronze bream","Pachymetopon grande","H","Maggs et al (2013)-Contribution of a large no take zone to the management of vulnerable reef fishes in the south western indian ocean.pdf","East","Medium",0,,"not_applicable","not_applicable","non-kelp","unspecified","not_applicable","no","Pachymetopon grande (bronze bream) was caught in the Pondoland MPA survey on East-Coast reef at 10–30 m (8 individuals, Table A1), east of the kelp limit. Level-0 observed_alternative on the habitat route; trophic route unassessed. Region East.",,"agent:opus:rfbf-v7.1"
4,"Bronze bream","Pachymetopon grande","H","Mann et al. (2003) - Evaluation of participation in and management of the Transkei shore linefishery.pdf","East","Medium",0,,"not_applicable","not_applicable","non-kelp","unspecified","not_applicable","no","Bronze bream, the top species by mass and the most targeted fish (Table IV, n=81; 26.4% by mass), caught along the non-kelp Transkei (East) shore-fishery. Level-0 observed-alternative habitat record; no kelp-structural or diet observation.",,"agent:opus:rfbf-v7.1"
4,"Bronze bream","Pachymetopon grande","H","Mann et al. (2006) - Towards the declaration of a large marine protected area, a subtidal ichthyofaunal survey of the Pondoland coast in the Eastern Cape, South Africa.pdf","East","High",0,,"not_applicable","not_applicable","non-kelp","both","not_applicable","no","Abundant in the Pondoland UVC (Table 1: N=497, density 36.58 per 1 000 m2) on non-kelp reefs, Eastern Cape; Figure 3 and discussion show large numbers of juveniles as well as adults. Level-0 observed_alternative on the habitat route.",,"agent:opus:rfbf-v7.1"
4,"Bronze bream","Pachymetopon grande","H","Mann et al. (2022) - Monitoring the effects of spatial protection on the reef fish communities of the Pondoland Marine Protected Area, Eastern Cape Province, South Africa.pdf","East","Medium",0,,"not_applicable","not_applicable","non-kelp","unspecified","not_applicable","no","In-scope bronze bream (Pachymetopon grande) recorded on Pondoland reef (10–30 m, Eastern Cape east coast), east of the kelp range. Occupies non-kelp reef habitat; kelp neither measured nor mentioned. Level-0 observed_alternative on the habitat route; trophic route unassessed.",,"agent:opus:rfbf-v7.1"
4,"Bronze bream","Pachymetopon grande","H","Pradervand (2004) - Long-term trends in the shore fishery of the Transkei coast, South Africa.pdf","East","Medium",0,,"not_applicable","not_applicable","non-kelp","unspecified","not_applicable","no","P. grande recorded (n=647) in the Transkei shore fishery (East, non-kelp); no diet or kelp-structure observation. Level-0 observed_alternative on the habitat route.",,"agent:opus:rfbf-v7.1"
4,"Bronze bream","Pachymetopon grande","H","Pradervand and Govender (2003) - Assessment of catches in shore angling competitions from the border region of the Eastern Cape, South Africa.pdf","East","High",0,,"not_applicable","not_applicable","non-kelp","adult","not_applicable","no","Bronze bream, the most numerous teleost (n=1638, all mature), positively identified in the Border surf-zone catch, Eastern Cape (East of kelp limit). Level-0 observed_alternative habitat record. No diet data; trophic route unassessed.",,"agent:opus:rfbf-v7.1"
4,"Bronze bream","Pachymetopon grande","H","Pradervand and Hiseman (2006) - An analysis of the recreational shore fishery in the Goukamma Marine Protected Area.pdf","East","Medium",0,,"not_applicable","not_applicable","non-kelp","unspecified","not_applicable","no","Table 1 records 35 bronze bream (Pachymetopon grande) in the Goukamma MPA shore fishery, east of the eastern kelp limit, in non-kelp reef/rocky coastal habitat. Occurrence only, no diet or kelp-structure use, no measured availability. Level-0 observed-alternative habitat record. Trophic route unasse",,"agent:opus:rfbf-v7.1"
4,"Bronze bream","Pachymetopon grande","H","Pradervand et al. (2007) - Long-term trends in the competitive shore fishery along the KwaZulu-Natal coast, South Africa.pdf","East","Low",0,,"not_applicable","not_applicable","non-kelp","unspecified","not_applicable","no","Bronze bream recorded (n=2956, 1.4% by number) in the East-coast non-kelp shore fishery. Documents occurrence on non-kelp inshore rocky habitat; kelp not assessed. Level-0 observed_alternative, habitat route.",,"agent:opus:rfbf-v7.1"
4,"Bronze bream","Pachymetopon grande","H","Roberson et al. (2015) - First survey of fishes in Betty's bay along South Africa s temperate south west coast.pdf","West","Low",0,,"not_applicable","not_applicable","non-kelp","unspecified","not_applicable","no","Table 3 records P. grande once at Betty's Bay. The reef(+kelp) MDS (Fig 6) lists it as unique to TMNP/SBMPA because sand records were excluded, implying the Betty's Bay record was on non-kelp sand. This is observed occupancy of non-kelp habitat (Level 0 observed alternative); the apparent Table 3 vs",,"agent:opus:rfbf-v7.1"
4,"Bronze bream","Pachymetopon grande","H","Smale (1992) - Predatory fish and their prey, an overview of trophic interactions in the fish communities of the west and south coasts of South Africa.pdf","East","Low",0,,"not_applicable","not_applicable","non-kelp","adult","not_applicable","no","Bronze bream is placed as a shallow South Coast reef herbivore (prose and Fig. 5), a non-kelp habitat. Level 0 observed_alternative on the habitat route. Secondary synthesis.",,"agent:opus:rfbf-v7.1"
4,"Bronze bream","Pachymetopon grande","H","Steyn et al. (2021) - Changes in food-web structure and energy flow in kelp forest ecosystems following the invasion of Jasus lalandii.pdf","West","Low",1,,"not_applicable","not_applicable","not_applicable","unspecified","within","no","Pachymetopon grande (Bronze bream) is named as a smaller reef fish included in the Betty's Bay kelp forest model within the omnivorous-fish group (level-1 co-occurrence, habitat route). No kelp-specific trophic or structural observation. Weaker basis.",,"agent:opus:rfbf-v7.1"
4,"Bronze bream","Pachymetopon grande","H","Venter and Mann (2012) - Preliminary assessment of surf-zone and estuarine line-fish species of the Dwesa-Cwebe Marine Protected Area.pdf","East","High",0,,"not_applicable","not_applicable","non-kelp","unspecified","not_applicable","no","Second most abundant species (214 individuals, 20.11%), recorded in the East-region non-kelp surf-zone. Kelp neither measured nor mentioned. Level-0 observed_alternative on the habitat route. No diet data, trophic route unassessed.",,"agent:opus:rfbf-v7.1"
4,"Bronze bream","Pachymetopon grande","T","Buxton and Clarke (1985) - Age, growth and feeding of the blue hottentot Pachymetopon aeneum with notes on reproductive biology.pdf","East","Low",0,,"non_kelp","outside","not_applicable","unspecified","not_applicable","yes","The source reports that P. grande feeds predominantly on algae, based on unspecified preliminary investigations (E21), on the same Eastern Cape reefs as P. aeneum (E22) which Figure 1 places outside the kelp range (E23). Because no kelp occurs at those reefs, the algae consumed cannot be Ecklonia ma",,"agent:opus:rfbf-v7.1"
4,"Bronze bream","Pachymetopon grande","T","Buxton and Clarke (1991) - Biology of Pachymetopon grande.pdf","East","High",0,,"non_kelp","outside","not_applicable","both","not_applicable","no","Buxton & Clarke report a quantified stomach-content study of Pachymetopon grande on the south-east Cape coast, from Knysna to East London and mainly around Port Elizabeth and Tsitsikamma (E01, E02). Every locality lies east of the eastern kelp limit. Kelp is never mentioned, measured, or offered as ",,"agent:opus:rfbf-v7.1"
4,"Bronze bream","Pachymetopon grande","T","Clarke (1988) - Biological aspects of Sparodon durbanensis and Pachymetopon grande.pdf","East","High",0,,"non_kelp","not_applicable","not_applicable","both","not_applicable","no","Pachymetopon grande is an omnivore/browser that in the Eastern Cape (Knysna–Port Elizabeth, east of the kelp limit) feeds predominantly on fleshy rhodophytes (Plocamium corallorhiza and P. suhrii dominate; algae = 62.56% of diet mass) plus reef invertebrates (hydroids, octocorals, ascidians, crustac",,"agent:opus:rfbf-v7.1"
5,"Cape knifejaw","Oplegnathus conwayi","H","Beckley and Buxton (1989) - UNDERWATER OBSERVATIONS OF REEF FISH IN AND AROUND ALGOA BAY, SOUTH AFRICA.pdf","East","High",0,,"not_applicable","not_applicable","non-kelp","both","not_applicable","no","Cape knifejaw observed on ~47% of Philip's Reef dives (category B), adults and juveniles, on non-kelp rocky reef East of the kelp range. Level-0 observed_alternative on the habitat route.",,"agent:opus:rfbf-v7.1"
5,"Cape knifejaw","Oplegnathus conwayi","H","Burger (1990) - The distribution patterns and community structure of the Tsitsikamma rocky littoral ichthyofauna.pdf","East","High",0,,"not_applicable","not_applicable","non-kelp","unspecified","not_applicable","no","East-region record beyond the kelp coast. Oplegnathus conwayi was recorded on non-kelp deep reef at Tsitsikamma, where no kelp forest occurs. Documented occurrence in a non-kelp habitat: level-0 observed_alternative on the habitat route.",,"agent:opus:rfbf-v7.1"
5,"Cape knifejaw","Oplegnathus conwayi","H","Button (2018) - Remotely operated vehicle exploring ichthyofauna association with habitat from shore-shelf, in an endemism hotspot in South Africa.pdf","East","Low",0,,"not_applicable","not_applicable","non-kelp","unspecified","not_applicable","no","ROV census off the Kei River mouth (East of the kelp limit) recorded Cape knifejaw (Oplegnathus conwayi) in 12% of 58 grid cells on non-kelp shelf reef habitat. Documented occupancy of non-kelp habitat gives a level-0 observed_alternative on the habitat route; kelp absent and unassessed. No trophic ",,"agent:opus:rfbf-v7.1"
5,"Cape knifejaw","Oplegnathus conwayi","H","Chen et al (2024)-Suitable habitat shifts and ecological niche overlay assessments among Oplgenathus species in response to climate change.pdf","West","Low",0,,"not_applicable","not_applicable","non-kelp","unspecified","not_applicable","yes","Chen et al. (2024) is a global correlative MaxEnt species-distribution and ecological-niche-overlap study of the genus Oplegnathus. The only in-scope frame species is Oplegnathus conwayi (Cape knifejaw). The study's primary O. conwayi finding is a modelled current suitable-habitat distribution conce",,"agent:opus:rfbf-v7.1"
5,"Cape knifejaw","Oplegnathus conwayi","H","De Vos et al. (2014) - Optimal BRUVs survey design for reef fish monitoring in the Stilbaai Marine Protected Area.pdf","East","Medium",0,,"not_applicable","not_applicable","non-kelp","unspecified","not_applicable","no","Recorded at 8 of 29 BRUVs sites on non-kelp sandstone reef at Stilbaai, east of the kelp limit. No kelp present or measured; a level-0 observed_alternative on the habitat route. Feeding guild is secondary; trophic route unassessed.",,"agent:opus:rfbf-v7.1"
5,"Cape knifejaw","Oplegnathus conwayi","H","Dyer (2018) - The role of ecological processes in structuring reef fish communities in the Agulhas ecoregion South Africa.pdf","East","High",0,,"not_applicable","not_applicable","non-kelp","unspecified","not_applicable","no","Recorded on rocky reef via stereo-BRUVs in the Agulhas Ecoregion, east of the eastern kelp limit. Occupancy of non-kelp rocky-reef habitat; no kelp action observed and diet not examined. Level-0 observed_alternative on the habitat route.",,"agent:opus:rfbf-v7.1"
5,"Cape knifejaw","Oplegnathus conwayi","H","Fennessy et al. (2003) - An assessment of the recreational and commercial skiboat fishery in the Transkei.pdf","East","Low",0,,"not_applicable","not_applicable","non-kelp","unspecified","not_applicable","no","Cape knifejaw was retained (single fish) in the northern Transkei reef fishery, east of the kelp limit; no kelp mentioned. Documented non-kelp reef occurrence. Level-0 observed_alternative, habitat route; trophic route unassessed.",,"agent:opus:rfbf-v7.1"
5,"Cape knifejaw","Oplegnathus conwayi","H","Foster (2022)-Age and growth of Oplegnathus conwayi, an endemic SA teleost.pdf","East","Medium",0,,"not_applicable","not_applicable","non-kelp","both","not_applicable","no","Oplegnathus conwayi is in the model scope. This is a primary age-and-growth study that collected 305 fish by reef spearfishing between Durban and Struisbaai (Feb 2019–Jan 2020). It provides no primary trophic data: the sole diet statement is attributed to Chater et al. (1995) and is therefore a cita",,"agent:opus:rfbf-v7.1"
5,"Cape knifejaw","Oplegnathus conwayi","H","Foster et al (2023)-Ecological knowledge provide accurate information improve description of reproduction of Oplegnathus conwayi.pdf","Both","Low",0,,"not_applicable","not_applicable","non-kelp","both","not_applicable","no","Oplegnathus conwayi is model_scope=true and is the study's focal species, so identity and scope are certain. This is a reproductive-biology study: 305 fish were collected by spearfishing along the South African coast (Durban to Struisbaai) and staged for maturity, GSI, and spawning seasonality. Ever",,"agent:opus:rfbf-v7.1"
5,"Cape knifejaw","Oplegnathus conwayi","H","Gonzalez (2024) - Baited remote underwater video surveys report, Stilbaai Marine Protected Area (2013-2016).pdf","East","Medium",0,,"not_applicable","not_applicable","non-kelp","unspecified","not_applicable","no","Oplegnathus conwayi was recorded by baited remote underwater video in the Stilbaai MPA (Table 3; present in 2013, 2014, 2015 per Table 4). Stilbaai lies on the warm-temperate south coast east of Cape Agulhas/De Hoop, beyond the eastern range limit of Ecklonia maxima, and the report explicitly states",,"agent:opus:rfbf-v7.1"
5,"Cape knifejaw","Oplegnathus conwayi","H","Gotz et al. (2009) - Effects of fishing on a temperate reef community in South Africa 1, ichthyofauna.pdf","East","Medium",0,,"not_applicable","not_applicable","non-kelp","unspecified","not_applicable","no","Cape knifejaw was recorded abundantly by UVC at Goukamma rocky-reef sites in the East region, occupying non-kelp rocky reef without kelp measured or mentioned: Level 0 observed alternative on the habitat route.",,"agent:opus:rfbf-v7.1"
5,"Cape knifejaw","Oplegnathus conwayi","H","Götz et al. (2009) - fishing on a temperate reef community in South Africa 1- ichthyofauna.pdf","East","Medium",0,,"not_applicable","not_applicable","non-kelp","unspecified","not_applicable","no","Oplegnathus conwayi was recorded on warm-temperate rocky reef at the Goukamma MPA study area (south-east coast, near Knysna), which lies east of the Cape Agulhas kelp limit and outside the Ecklonia maxima range. The UVC survey over rocky substrate documents the species occupying a non-kelp reef habi",,"agent:opus:rfbf-v7.1"
5,"Cape knifejaw","Oplegnathus conwayi","H","Lechanteur (1999) - The ecology and management of false bay reef fish.pdf","West","Medium",1,,"not_applicable","not_applicable","uncertain","unspecified","within","no","Cape knifejaw was recorded within the Ecklonia/Laminaria kelp zone, establishing co-occurrence with kelp. No kelp action documented, so level 1 co-occurrence.",,"agent:opus:rfbf-v7.1"
5,"Cape knifejaw","Oplegnathus conwayi","H","Lechanteur and Griffiths (2002) - Composition and seasonal variability of the suprabenthic reef-fish assemblage in False Bay.pdf","West","Low",1,,"not_applicable","not_applicable","not_applicable","unspecified","not_applicable","no","Recorded at low density across the Ecklonia/Laminaria kelp strata (0-16 m), giving habitat co-occurrence with kelp (level 1). No kelp-structure action documented.",,"agent:opus:rfbf-v7.1"
5,"Cape knifejaw","Oplegnathus conwayi","H","Lloyd et al. (2011) - Ocean warming alters species abundance patterns and increases species diversity in an African sub-tropical reef-fish community.pdf","East","Medium",0,,"not_applicable","not_applicable","non-kelp","unspecified","not_applicable","no","Oplegnathus conwayi (Cape knifejaw) is recorded in the KwaZulu-Natal offshore-reef spear-fishing catch (28.0–31.6°S; East region), with 634 individuals shot 1989–2007 (Appendix A). It is at its northern range limit here (N limit 29°S). The record documents the species occupying non-kelp subtropical ",,"agent:opus:rfbf-v7.1"
5,"Cape knifejaw","Oplegnathus conwayi","H","Mann et al. (2006) - Towards the declaration of a large marine protected area, a subtidal ichthyofaunal survey of the Pondoland coast in the Eastern Cape, South Africa.pdf","East","High",0,,"not_applicable","not_applicable","non-kelp","unspecified","not_applicable","no","Counted in the Pondoland UVC (Table 1 cont.: N=110, density 8.56 per 1 000 m2) on non-kelp reefs, Eastern Cape. Level-0 observed_alternative on the habitat route.",,"agent:opus:rfbf-v7.1"
5,"Cape knifejaw","Oplegnathus conwayi","H","Mann et al. (2022) - Monitoring the effects of spatial protection on the reef fish communities of the Pondoland Marine Protected Area, Eastern Cape Province, South Africa.pdf","East","Medium",0,,"not_applicable","not_applicable","non-kelp","unspecified","not_applicable","no","In-scope Cape knifejaw (Oplegnathus conwayi) recorded on Pondoland reef (10–30 m, Eastern Cape east coast), east of the kelp range. Occupies non-kelp reef habitat; kelp neither measured nor mentioned. Level-0 observed_alternative on the habitat route; trophic route unassessed.",,"agent:opus:rfbf-v7.1"
5,"Cape knifejaw","Oplegnathus conwayi","H","Pradervand (2004) - Long-term trends in the shore fishery of the Transkei coast, South Africa.pdf","East","Low",0,,"not_applicable","not_applicable","non-kelp","unspecified","not_applicable","no","O. conwayi recorded (n=2) in the Transkei shore fishery (East, non-kelp); no diet or kelp-structure observation. Level-0 observed_alternative on the habitat route.",,"agent:opus:rfbf-v7.1"
5,"Cape knifejaw","Oplegnathus conwayi","H","Sowman (1984) - An assessment of recreational carrying capacity at Infanta, South Cape.pdf","East","Medium",0,,"not_applicable","not_applicable","non-kelp","unspecified","not_applicable","no","Table 11 records 2 Cape knifejaw (3.0 kg). The species is documented occupying non-kelp East-coast reef habitat east of the kelp limit; no trophic or kelp-structural observation: level-0 observed_alternative on the habitat route. Trophic route unassessed.",,"agent:opus:rfbf-v7.1"
5,"Cape knifejaw","Oplegnathus conwayi","T","Burger (1990) - The distribution patterns and community structure of the Tsitsikamma rocky littoral ichthyofauna.pdf","East","High",0,,"non_kelp","not_applicable","not_applicable","both","not_applicable","no","East-region diet record beyond the kelp coast. Burger's own stomach-content analysis of Oplegnathus conwayi (crinoids, sponges) shows consumption of non-kelp reef prey; no kelp or kelp-food-web link is identified. Level-0 observed_alternative on the trophic route.",,"agent:opus:rfbf-v7.1"
6,"Cape stumpnose","Rhabdosargus holubi","H","Attwood et al. (2016) - Seasonally and spatially referenced estimates of recreational shore-angling effort, catch composition, catch rates and total catch in the Goukamma Marine Protected Area, South Africa.pdf","East","Medium",0,,"not_applicable","not_applicable","non-kelp","unspecified","not_applicable","no","Cape stumpnose (43 fish, 3.4%) caught in the non-kelp Goukamma MPA; catches widely distributed, highest in the far east of the MPA. Level-0 observed_alternative on the habitat route.",,"agent:opus:rfbf-v7.1"
6,"Cape stumpnose","Rhabdosargus holubi","H","Bailey and James (2013) - Fish sampling in the marine-dominated Kariega Estuary, South Africa, using a demersal otter trawl, day night effects.pdf","East","High",0,,"not_applicable","not_applicable","non-kelp","juvenile","not_applicable","no","A day/night otter-trawl catch study in the marine-dominated Kariega Estuary (Eastern Cape, East region, outside the kelp range) documents R. holubi occupying a soft-sediment estuarine channel, the dominant day-time species (Table 1). This is a documented observation of an in-scope species using a no",,"agent:opus:rfbf-v7.1"
6,"Cape stumpnose","Rhabdosargus holubi","H","Beckley (1983) - The ichthyofauna associated with Zostera capensis Setchell in the Swartkops estuary, South Africa.pdf","East","High",0,,"not_applicable","not_applicable","non-kelp","juvenile","not_applicable","no","Rhabdosargus holubi (Cape stumpnose) was the second most abundant species (12% of the creek Zostera catch), with small juveniles dominating and marked spring/summer recruitment, in an East-coast seagrass estuary with no kelp. Documented occupancy of a non-kelp nursery habitat gives a level-0 observe",,"agent:opus:rfbf-v7.1"
6,"Cape stumpnose","Rhabdosargus holubi","H","Beckley (1984) - The ichthyofauna of the sunday estuary South Africa with particular reference to the juvenile marine component.pdf","East","High",0,,"not_applicable","not_applicable","non-kelp","juvenile","not_applicable","no","Cape stumpnose was the second most abundant species (4,751 fish), dominated by juveniles throughout the Sundays Estuary, a non-kelp habitat in the East region; the author infers estuarine nursery dependence for first-year juveniles, and post-juveniles move to reefs and sandy substrata (also non-kelp",,"agent:opus:rfbf-v7.1"
6,"Cape stumpnose","Rhabdosargus holubi","H","Beckley (1984) - The ichthyofauna of the Sundays Estuary, South Africa, with particular reference to the juvenile marine component.pdf","East","High",0,,"not_applicable","not_applicable","non-kelp","juvenile","not_applicable","no","First-year juveniles of Rhabdosargus holubi were the second most abundant fish in the Sundays Estuary (n=4,751, 7-282 mm, all reaches, all 12 months), documenting occupancy of an estuarine (non-kelp) nursery habitat in the East region, well east of the Ecklonia maxima range. Adults are stated to ret",,"agent:opus:rfbf-v7.1"
6,"Cape stumpnose","Rhabdosargus holubi","H","Beckley (1985) - Tidal exchange of ichthyoplankton in the Swartkops estuary mouth, South Africa.pdf","East","High",0,,"not_applicable","not_applicable","non-kelp","juvenile","not_applicable","no","Larval and juvenile Cape stumpnose are recorded occupying the Swartkops estuary mouth (Algoa Bay, East coast, beyond the eastern kelp limit), a non-kelp nursery habitat, with quantified seine-net abundance, frequency and size (Table 1) and a documented flood-tide immigration into the estuary. The so",,"agent:opus:rfbf-v7.1"
6,"Cape stumpnose","Rhabdosargus holubi","H","Beckley and Buxton (1989) - UNDERWATER OBSERVATIONS OF REEF FISH IN AND AROUND ALGOA BAY, SOUTH AFRICA.pdf","East","High",0,,"not_applicable","not_applicable","non-kelp","adult","not_applicable","no","Cape stumpnose adults observed on ~47% of Philip's Reef dives (no juveniles recorded on the reef; juveniles cited from estuaries/tidal pools). Non-kelp rocky-reef occupancy East of the kelp range is a level-0 observed_alternative on the habitat route.",,"agent:opus:rfbf-v7.1"
6,"Cape stumpnose","Rhabdosargus holubi","H","Beckley et al. (2008) - Few fish but many fishers, a case study of shore-based recreational angling in a major South African estuarine port.pdf","East","Medium",0,,"not_applicable","not_applicable","non-kelp","unspecified","not_applicable","no","East-region estuarine port; Rhabdosargus holubi identified in the shore-angling catch (Table 3; 8 individuals, 0.47%), documenting occurrence in a non-kelp estuarine habitat. No kelp present or examined; no diet data. Level-0 observed_alternative habitat record.",,"agent:opus:rfbf-v7.1"
6,"Cape stumpnose","Rhabdosargus holubi","H","Bennett (1989) - The fish community of a moderately exposed beach on the southwestern Cape Coast of South Africa and an assessment of this habitat as a nursery for juvenile fish.pdf","West","Medium",0,,"not_applicable","not_applicable","non-kelp","juvenile","not_applicable","no","Cape stumpnose (Rhabdosargus holubi) was caught sporadically in the Fishoek sandy surf-zone (N=2, 4% of hauls) as juveniles, classified a sporadic surf-zone stray (nursery category 5) whose juveniles centre on estuaries. Documented habitats (sandy surf-zone, estuaries) are non-kelp; kelp is not meas",,"agent:opus:rfbf-v7.1"
6,"Cape stumpnose","Rhabdosargus holubi","H","Bennett & Attwood (1993)-Shore-angling catches in the De Hoop Nature Reserve  South Africa  and further evidence for the protective value of marine reserves.pdf","East","Medium",0,,"not_applicable","not_applicable","non-kelp","unspecified","not_applicable","no","Rhabdosargus holubi (n=269) was caught by shore-angling at De Hoop in a non-kelp aeolianite beach-rock and sand surf zone at the eastern edge of the Ecklonia maxima range. Documented occurrence in non-kelp habitat with no diet or kelp-structure observation gives a level-0 observed_alternative on the",,"agent:opus:rfbf-v7.1"
6,"Cape stumpnose","Rhabdosargus holubi","H","Blaber (1973) - The ecology of juvenile Rhabdosargus holubi (Steindachner) (Teleostei, Sparidae).pdf","East","Medium",0,,"not_applicable","not_applicable","non-kelp","juvenile","not_applicable","no","The habitat route yields a level-0 observed_alternative for the same in-scope species. Juvenile R. holubi occupy Eastern Cape estuaries (region East) and, by direct SCUBA observation, shoal along and graze the edges of Ruppia spiralis beds in sandy lagoon and middle reaches; night observations place",,"agent:opus:rfbf-v7.1"
6,"Cape stumpnose","Rhabdosargus holubi","H","Blaber (1974) - Field studies of the diet of Rhabdosargus holubi.pdf","East","Medium",0,,"not_applicable","not_applicable","non-kelp","juvenile","not_applicable","no","Juvenile Rhabdosargus holubi were seined from four Eastern Cape and Pondoland estuaries across four seasons (E21), and day and night SCUBA observations in the West Kleinemond estuary recorded shoals of 10 to 400 individuals occurring mainly along the edges of Ruppia spiralis beds, grazing along the ",,"agent:opus:rfbf-v7.1"
6,"Cape stumpnose","Rhabdosargus holubi","H","Blaber (1974b)_Population structure and growth of juvenile Rhabdosargus holubi in a closed estuary.pdf","East","High",0,,"not_applicable","not_applicable","non-kelp","juvenile","not_applicable","no","Blaber documents juvenile Rhabdosargus holubi occupying the closed West Kleinemond estuary (and the open Kowie estuary) near Port Alfred on the Eastern Cape coast, well east of the eastern kelp limit. Monthly seine sampling from 1971-1973 recorded large numbers of 0-group fish (Fig. 2, n up to 468),",,"agent:opus:rfbf-v7.1"
6,"Cape stumpnose","Rhabdosargus holubi","H","Brouwer and Buxton (2002) - Catch and effort of the shore and skiboat linefisheries along the South African Eastern Cape coast.pdf","East","Low",0,,"not_applicable","not_applicable","non-kelp","unspecified","not_applicable","no","Cape stumpnose recorded in the Eastern Cape shore catch, east of the kelp limit: level-0 observed_alternative, habitat route.",,"agent:opus:rfbf-v7.1"
6,"Cape stumpnose","Rhabdosargus holubi","H","Bullock et al. (2021) - A decade of surf-zone linefish monitoring in the Dwesa-Cwebe Marine Protected Area.pdf","East","High",0,,"not_applicable","not_applicable","non-kelp","unspecified","not_applicable","no","Cape stumpnose was captured (n=110) in the Dwesa-Cwebe MPA surf zone on the Eastern Cape east coast, beyond the eastern kelp limit. Observed occupying non-kelp East-coast habitat with no kelp or diet data: level-0 habitat observed_alternative. Trophic route unassessed.",,"agent:opus:rfbf-v7.1"
6,"Cape stumpnose","Rhabdosargus holubi","H","Burger (1990) - The distribution patterns and community structure of the Tsitsikamma rocky littoral ichthyofauna.pdf","East","High",0,,"not_applicable","not_applicable","non-kelp","unspecified","not_applicable","no","East-region record beyond the kelp coast. Rhabdosargus holubi was recorded in non-kelp subtidal gullies at Tsitsikamma, where no kelp forest occurs. Documented occurrence in a non-kelp habitat: level-0 observed_alternative on the habitat route.",,"agent:opus:rfbf-v7.1"
6,"Cape stumpnose","Rhabdosargus holubi","H","Burger et al. (2026) - Tidal dynamics shape early-stage fish assemblages in the mouth region of a temperate estuary.pdf","East","High",0,,"not_applicable","not_applicable","non-kelp","juvenile","not_applicable","no","Postflexion Rhabdosargus holubi larvae captured at the Swartkops Estuary mouth (East coast, beyond the eastern kelp limit); the species is classified marine-estuarine-dependent. Documents use of a non-kelp estuarine nursery at the early life stage; kelp not measured or mentioned. Level-0 observed_al",,"agent:opus:rfbf-v7.1"
6,"Cape stumpnose","Rhabdosargus holubi","H","Buxton and Kok (1983) - Notes on the diet of Rhabdosargus holubi and Rhabdosargus globiceps.pdf","East","Medium",0,,"not_applicable","not_applicable","non-kelp","unspecified","not_applicable","no","The source is a catch study with habitat context for this route: 114 R. holubi were taken by small-mesh trawl on soft bottom between Mossel Bay and Algoa Bay, and Table 1 resolves the catch across depth classes from 0 to 50 m, with 89 of 114 fish from the >10-20 m class. The authors state explicitly",,"agent:opus:rfbf-v7.1"
6,"Cape stumpnose","Rhabdosargus holubi","H","Carassou et al. (2016) - Trophic dynamics of Rhabdosargus holubi across 3 adjacent habitats.pdf","East","High",0,,"not_applicable","not_applicable","non-kelp","both","not_applicable","no","The source documents R. holubi occupying non-kelp habitats across its life cycle: post-larvae entering the estuary from the sea, juveniles resident in the estuary and lower river, and adults in nearshore marine waters where they congregate on subtidal rocky reefs off Port Alfred (Eastern Cape). No u",,"agent:opus:rfbf-v7.1"
6,"Cape stumpnose","Rhabdosargus holubi","H","Clark et al. (1994) - Assessment of the impact of commercial beach-seine netting on juvenile teleost populations in the surf zone of False Bay, South Africa.pdf","West","Low",0,,"not_applicable","not_applicable","non-kelp","juvenile","not_applicable","no","Juvenile Rhabdosargus holubi were caught (9 individuals; 0,3% of hauls) in the sandy/mixed-shore surf zone of False Bay, 1991–1992. Documented occupancy of a non-kelp habitat = level-0 observed_alternative on the habitat route. Kelp not measured or mentioned; no diet observation, so trophic route un",,"agent:opus:rfbf-v7.1"
6,"Cape stumpnose","Rhabdosargus holubi","H","Clarke (1988) - Biological aspects of Sparodon durbanensis and Pachymetopon grande.pdf","East","Low",0,,"not_applicable","not_applicable","non-kelp","unspecified","not_applicable","no","Rhabdosargus holubi is recorded (n=44) in the study's own Port Elizabeth rock-angling catch survey, an inshore rocky-reef fishery in the Eastern Cape east of the kelp limit. A catch study with reef-habitat context documents occurrence in non-kelp habitat; kelp is never mentioned. Level-0 observed_al",,"agent:opus:rfbf-v7.1"
6,"Cape stumpnose","Rhabdosargus holubi","H","Cliff (1983) - Early colonization by fish of an artifical reef in false bay.pdf","West","Low",0,,"not_applicable","not_applicable","non-kelp","juvenile","not_applicable","no","A shoal of Rhabdosargus holubi (15-18 cm) was seen once at 25 m on the kelp-free artificial reef in False Bay (West). An in-scope species observed on non-kelp structure; level-0 observed_alternative on the habitat route.",,"agent:opus:rfbf-v7.1"
6,"Cape stumpnose","Rhabdosargus holubi","H","Coetzee and Baird (1981) - Catch composition and catch per unit effort of anglers' catches off St Croix Island.pdf","East","Low",0,,"not_applicable","not_applicable","non-kelp","unspecified","not_applicable","no","Cape stumpnose, in the St Croix Island angler catch at a non-kelp East-region rocky reef → level-0 observed_alternative on the habitat route.",,"agent:opus:rfbf-v7.1"
6,"Cape stumpnose","Rhabdosargus holubi","H","Cowley et al. (2013) - The trouble with estuarine fisheries in temperate South Africa, illustrated by a case study on the Sundays Estuary.pdf","East","High",0,,"not_applicable","not_applicable","non-kelp","juvenile","not_applicable","no","An East-region estuarine creel survey records Cape stumpnose occupying the freshwater-dominated Sundays Estuary (non-kelp habitat), east of the eastern kelp limit. The catch (450 fish, Table 1) is predominantly small juveniles. No kelp is present or mentioned and no diet data are reported. This is a",,"agent:opus:rfbf-v7.1"
6,"Cape stumpnose","Rhabdosargus holubi","H","De Vos et al. (2014) - Optimal BRUVs survey design for reef fish monitoring in the Stilbaai Marine Protected Area.pdf","East","Low",0,,"not_applicable","not_applicable","non-kelp","unspecified","not_applicable","no","Recorded at 2 of 29 BRUVs sites on non-kelp sandstone reef at Stilbaai, east of the kelp limit. No kelp present or measured; a level-0 observed_alternative on the habitat route. Feeding guild is secondary; trophic route unassessed.",,"agent:opus:rfbf-v7.1"
6,"Cape stumpnose","Rhabdosargus holubi","H","Dicken (2010) - The ichthyofauna in the Port of Ngqura, South Africa.pdf","East","Medium",0,,"not_applicable","not_applicable","non-kelp","both","not_applicable","no","Cape stumpnose caught across all non-kelp port habitats in Algoa Bay east of the kelp limit; mix of life stages. Level-0 observed_alternative on the habitat route.",,"agent:opus:rfbf-v7.1"
6,"Cape stumpnose","Rhabdosargus holubi","H","Dicken et al. (2012) - Long-term catch and effort trends in Eastern Cape Angling Week competitions.pdf","East","Low",0,,"not_applicable","not_applicable","non-kelp","adult","not_applicable","no","Eastern Cape shore fishery east of the kelp limit; Table 1 records Rhabdosargus holubi caught in non-kelp habitat (11 fish). Level-0 observed_alternative on the habitat route. Trophic route unassessed (no diet data).",,"agent:opus:rfbf-v7.1"
6,"Cape stumpnose","Rhabdosargus holubi","H","Dunlop and Mann (2012) - An assessment of participation, catch and effort in the KwaZulu-Natal shore-based marine linefishery, with comments on management effectiveness.pdf","East","High",0,,"not_applicable","not_applicable","non-kelp","unspecified","not_applicable","no","Rhabdosargus holubi was a top-five species (198 caught) in the KZN (East) non-kelp shore fishery. Documented occurrence in non-kelp east-coast habitat = level-0 observed_alternative (habitat route). No diet or kelp data.",,"agent:opus:rfbf-v7.1"
6,"Cape stumpnose","Rhabdosargus holubi","H","Dyer (2018) - The role of ecological processes in structuring reef fish communities in the Agulhas ecoregion South Africa.pdf","East","High",0,,"not_applicable","not_applicable","non-kelp","unspecified","not_applicable","no","Recorded on rocky reef via stereo-BRUVs in the Agulhas Ecoregion, east of the eastern kelp limit. Occupancy of non-kelp rocky-reef habitat; no kelp action observed and diet not examined. Level-0 observed_alternative on the habitat route.",,"agent:opus:rfbf-v7.1"
6,"Cape stumpnose","Rhabdosargus holubi","H","Farthing et al. (2016) - Age and growth of Cape stumpnose Rhabdosargus holubi (Pisces, Sparidae) in the Eastern Cape, South Africa.pdf","East","Medium",0,,"not_applicable","not_applicable","non-kelp","both","not_applicable","no","Farthing et al. (2016) is a primary age-and-growth study of Rhabdosargus holubi (model_scope=true) in the Eastern Cape. Its own sampling documents the species occupying the Kowie and Kariega estuaries, the Marina Martinique impoundment near Jeffreys Bay, and the Port Alfred surf zone (Materials and ",,"agent:opus:rfbf-v7.1"
6,"Cape stumpnose","Rhabdosargus holubi","H","Fennessy et al. (2003) - An assessment of the recreational and commercial skiboat fishery in the Transkei.pdf","East","Low",0,,"not_applicable","not_applicable","non-kelp","unspecified","not_applicable","no","Cape stumpnose was retained (single fish) in the northern Transkei fishery, east of the kelp limit; no kelp mentioned. Documented non-kelp occurrence. Level-0 observed_alternative, habitat route; trophic route unassessed.",,"agent:opus:rfbf-v7.1"
6,"Cape stumpnose","Rhabdosargus holubi","H","Gonzalez (2024) - Baited remote underwater video surveys report, Stilbaai Marine Protected Area (2013-2016).pdf","East","Medium",0,,"not_applicable","not_applicable","non-kelp","unspecified","not_applicable","no","Rhabdosargus holubi was recorded by baited remote underwater video in the Stilbaai MPA (Table 3; present in 2014, 2016 per Table 4). Stilbaai lies on the warm-temperate south coast east of Cape Agulhas/De Hoop, beyond the eastern range limit of Ecklonia maxima, and the report explicitly states that ",,"agent:opus:rfbf-v7.1"
6,"Cape stumpnose","Rhabdosargus holubi","H","Götz et al. (2008) - Selected fishery and population parameters of eight shore-angling species in the Tsitsikamma National Park no-take marine reserve.pdf","East","High",0,,"not_applicable","not_applicable","non-kelp","unspecified","not_applicable","no","Cape stumpnose caught in the TNP shore-angling survey (Table 1, n=173) at a non-kelp rocky-reef site on the Eastern Cape coast. Occurrence documented; no diet data and no kelp structural action. Level-0 observed_alternative on the habitat route. Trophic route unassessed.",,"agent:opus:rfbf-v7.1"
6,"Cape stumpnose","Rhabdosargus holubi","H","Gotz et al. (2009) - Effects of fishing on a temperate reef community in South Africa 1, ichthyofauna.pdf","East","Medium",0,,"not_applicable","not_applicable","non-kelp","unspecified","not_applicable","no","Cape stumpnose was recorded by angling and UVC at Goukamma rocky-reef sites in the East region, occupying non-kelp rocky reef without kelp measured or mentioned: Level 0 observed alternative on the habitat route.",,"agent:opus:rfbf-v7.1"
6,"Cape stumpnose","Rhabdosargus holubi","H","Götz et al. (2009) - fishing on a temperate reef community in South Africa 1- ichthyofauna.pdf","East","Medium",0,,"not_applicable","not_applicable","non-kelp","unspecified","not_applicable","no","Rhabdosargus holubi was recorded on warm-temperate rocky reef at the Goukamma MPA study area (south-east coast, near Knysna), which lies east of the Cape Agulhas kelp limit and outside the Ecklonia maxima range. The survey (standardised angling and/or UVC over rocky substrate) documents the species ",,"agent:opus:rfbf-v7.1"
6,"Cape stumpnose","Rhabdosargus holubi","H","Graham (1994) - ASSOCIATION OF JUVENILES OF FOUR FISH SPECIES WITH SANDBANKS IN DURBAN BAY, KWAZULU NATAL.pdf","East","Low",0,,"not_applicable","not_applicable","non-kelp","unspecified","not_applicable","no","Rhabdosargus holubi (Cape stumpnose) was netted (CPUE 0.5-3.0 across seasons) on the BS estuarine sandbank in Durban Bay (East coast), documenting occurrence of an in-scope species in a non-kelp habitat. Level-0 observed alternative on the habitat route; no kelp in the system.",,"agent:opus:rfbf-v7.1"
6,"Cape stumpnose","Rhabdosargus holubi","H","Grant et al (2017)_Space use by Rhabdosargus holubi in a southern african estuary.pdf","East","High",0,,"not_applicable","not_applicable","non-kelp","juvenile","not_applicable","no","This acoustic-telemetry study documents juvenile Rhabdosargus holubi (an in-scope species) occupying the Kowie Estuary, a warm-temperate estuary in the Eastern Cape well east of the eastern kelp limit near Cape Agulhas/De Hoop. The resident habitat is estuarine submerged macrophyte (seagrass) beds (",,"agent:opus:rfbf-v7.1"
6,"Cape stumpnose","Rhabdosargus holubi","H","Grant et al (2017b)_Influences of selected geophysical and environmental drivers on the movement patterns of Rhabdosargus holubi in a southern african estuary.pdf","East","High",0,,"not_applicable","not_applicable","non-kelp","juvenile","not_applicable","no","Rhabdosargus holubi is model_scope=true. This is a primary acoustic-telemetry study of 21 juveniles (FL 140–190 mm) in the Kowie Estuary, Eastern Cape (~33.6 S, 26.9 E), east of the Ecklonia maxima kelp limit, over austral summer 2014–2015. The source documents these juveniles occupying and foraging",,"agent:opus:rfbf-v7.1"
6,"Cape stumpnose","Rhabdosargus holubi","H","Grundlingh et al. (2023) - Could extremophilia be a life history strategy in late-stage larvae of Sparodon durbanensis.pdf","East","Medium",0,,"not_applicable","not_applicable","non-kelp","juvenile","not_applicable","no","Seven postflexion R. holubi larvae were collected at Site B and further R. holubi larvae were sampled in low densities in the microbialite pools. This is a documented observation of an in-scope species occupying the same non-kelp supratidal habitat (East region), coded level 0 observed_alternative o",,"agent:opus:rfbf-v7.1"
6,"Cape stumpnose","Rhabdosargus holubi","H","Hanekom and Baird (1984) - Fish community structures in Zostera and non-Zostera regions of the Kromme estuary, St Francis Bay.pdf","East","High",0,,"not_applicable","not_applicable","non-kelp","juvenile","not_applicable","no","Rhabdosargus holubi juveniles were netted in large numbers in the estuarine Zostera capensis and adjacent non-vegetated regions of the Kromme estuary, well east of the kelp coast. This documents an in-scope species occupying a non-kelp (estuarine seagrass/mud) nursery habitat at a sampled place, tim",,"agent:opus:rfbf-v7.1"
6,"Cape stumpnose","Rhabdosargus holubi","H","Hanekom et al. (1989) - Sea temperature variations in the Tsitsikamma Coastal National Park, South Africa, with notes on the effect of cold conditions on some fish populations.pdf","East","Low",0,,"not_applicable","not_applicable","non-kelp","unspecified","not_applicable","no","Cape stumpnose recorded sheltering in the warm Storms River mouth and found dead after the January 1984 decline on the East coast (Table I). Non-kelp river-mouth/nearshore occupancy; kelp not measured or mentioned. Level-0 observed_alternative habitat record.",,"agent:opus:rfbf-v7.1"
6,"Cape stumpnose","Rhabdosargus holubi","H","Hanekom et al. (1997) - Shore-angling catches in the Tsitsikamma National Park, 1989-1995.pdf","East","High",0,,"not_applicable","not_applicable","non-kelp","unspecified","not_applicable","no","Cape stumpnose an abundant species in TNP catches on the non-kelp coast east of the kelp limit: level 0 observed_alternative, habitat route. Trophic route unassessed.",,"agent:opus:rfbf-v7.1"
6,"Cape stumpnose","Rhabdosargus holubi","H","Harris and Cyrus (1996) - Larval and juvenile fishes in the surf zone adjacent to the St Lucia Estuary mouth, KwaZulu-Natal, South Africa.pdf","East","High",0,,"not_applicable","not_applicable","non-kelp","juvenile","not_applicable","no","The source documents Rhabdosargus holubi as postflexion larvae in the high-energy sandy surf zone at the St Lucia Estuary mouth, KwaZulu-Natal, a non-kelp habitat well east of the kelp range. This is a documented observation of an in-scope species occupying a non-kelp habitat at the sampled place, t",,"agent:opus:rfbf-v7.1"
6,"Cape stumpnose","Rhabdosargus holubi","H","Harris et al. (1995) - The larval fish assemblage at the mouth of the Kosi Estuary, KwaZulu-Natal, South Africa.pdf","East","Medium",0,,"not_applicable","not_applicable","non-kelp","juvenile","not_applicable","no","Rhabdosargus holubi (model_scope=true) was recorded as larvae (n=27, preflexion-flexion) in the estuarine-associated group at the mouth of the Kosi Estuary, northern KwaZulu-Natal (26°47'S, 32°47'E), a subtropical coral-reef-influenced estuary far east of the eastern kelp limit near Cape Agulhas (re",,"agent:opus:rfbf-v7.1"
6,"Cape stumpnose","Rhabdosargus holubi","H","Harrison (1999) - A PRELIMINARY SURVEY OF ESTUARIES ON THE SOUTH WEST COAST OF SOUTH AFRICA CAPE HANGKLIP CAPE AGULHAS.pdf","West","Medium",0,,"not_applicable","not_applicable","non-kelp","unspecified","not_applicable","no","Rhabdosargus holubi was captured during this survey in the Klein (n=1) and Ratel (n=4) estuaries (Table 2, visually verified). This documents an in-scope species occupying non-kelp estuarine habitat at the sampled place and time: level-0 observed_alternative on the habitat route. Small numbers so sp",,"agent:opus:rfbf-v7.1"
6,"Cape stumpnose","Rhabdosargus holubi","H","Harrison (1999) - A preliminary survey of the estuaries on the south coast of South Africa, Cape Agulhas-Cape St Blaize, Mossel Bay, with particular reference to the fish fauna.pdf","East","High",0,,"not_applicable","not_applicable","non-kelp","juvenile","not_applicable","no","Cape stumpnose, in juvenile/sub-adult size classes, was captured in five estuaries, documenting an in-scope species occupying a non-kelp estuarine nursery habitat. Level-0 observed_alternative on the habitat route.",,"agent:opus:rfbf-v7.1"
6,"Cape stumpnose","Rhabdosargus holubi","H","Harrison and Whitfield (2006) - Estuarine typology and the structuring of fish communities in South Africa.pdf","Both","High",0,,"not_applicable","not_applicable","non-kelp","unspecified","not_applicable","no","Rhabdosargus holubi was captured in estuaries of all three regions (Tables 1, 5, 9), spanning East and West, a non-kelp habitat; kelp and diet unassessed. Level-0 observed_alternative on the habitat route across both regions; trophic route unassessed.",,"agent:opus:rfbf-v7.1"
6,"Cape stumpnose","Rhabdosargus holubi","H","Harrison and Whitfield (2008) - Geographical and typological changes in fish guilds of South African estuaries.pdf","Both","Low",0,,"not_applicable","not_applicable","non-kelp","unspecified","not_applicable","no","Cape stumpnose recorded in the estuary survey and listed in Appendix II as marine-estuarine-dependent (MMD), documenting use of estuarine (non-kelp) habitat as a juvenile nursery. No kelp co-occurrence, structural use, or trophic link observed. Level 0 observed_alternative on the habitat route; regi",,"agent:opus:rfbf-v7.1"
6,"Cape stumpnose","Rhabdosargus holubi","H","Jairam (2005) - COMMERCIAL AND RECREATIONAL MARINE SKIBOAT LINEFISHERIES IN RICHARDS BAY.pdf","East","Low",0,,"not_applicable","not_applicable","non-kelp","unspecified","not_applicable","no","Cape stumpnose caught in the Richards Bay commercial skiboat catch (7 individuals), beyond the eastern kelp limit. Documents occurrence in a non-kelp east-coast setting (level-0 observed_alternative, habitat route). No kelp assessed; trophic route unassessed.",,"agent:opus:rfbf-v7.1"
6,"Cape stumpnose","Rhabdosargus holubi","H","James and Harrison (2008) - A preliminary survey of the estuaries on the south coast of South Africa, Cape St Blaize, Mossel Bay-Robberg Peninsula, Plettenberg Bay, with particular reference to the fish fauna.pdf","East","High",0,,"not_applicable","not_applicable","non-kelp","juvenile","not_applicable","no","Region East estuarine survey. Rhabdosargus holubi (Cape stumpnose) was among the most abundant species across ~9 estuaries, predominantly newly recruited 0+ juveniles, documenting occupancy of estuarine (non-kelp) nursery habitat. No kelp or diet data. Level-0 observed_alternative on the habitat rou",,"agent:opus:rfbf-v7.1"
6,"Cape stumpnose","Rhabdosargus holubi","H","James and Harrison (2009) - A preliminary survey of the estuaries on the south coast of South Africa, Robberg Peninsula to Cape St Francis, with particular reference to the fish fauna.pdf","East","High",0,,"not_applicable","not_applicable","non-kelp","juvenile","not_applicable","no","Cape stumpnose (Rhabdosargus holubi) was caught abundantly (dominant in Keurbooms, n=952) across seven south-coast estuaries (~23-24°E), east of the kelp limit, as juveniles occupying non-kelp estuarine nursery habitat. No kelp or diet examined. Level-0 observed_alternative on the habitat route; tro",,"agent:opus:rfbf-v7.1"
6,"Cape stumpnose","Rhabdosargus holubi","H","James and Harrison (2010) - A preliminary survey of the estuaries on the southeast coast of South Africa, Cape Padrone-Great Fish River, with particular reference to the fish fauna.pdf","East","High",0,,"not_applicable","not_applicable","non-kelp","juvenile","not_applicable","no","Cape stumpnose recorded (predominantly recruits) across all ten southeast-coast estuaries, a non-kelp nursery habitat. No kelp assessed, no diet examined; habitat-route level-0 observed_alternative. Region East.",,"agent:opus:rfbf-v7.1"
6,"Cape stumpnose","Rhabdosargus holubi","H","James and Harrison (2011) - A preliminary survey of the estuaries on the southeast coast of South Africa, Old Woman's-Tyolomnqa, with particular reference to the fish fauna.pdf","East","High",0,,"not_applicable","not_applicable","non-kelp","both","not_applicable","no","Rhabdosargus holubi was one of the most abundant and ubiquitous fishes across the Eastern Cape estuaries in September 1996, east of the kelp range, with primary length-frequency data showing juveniles (dominant, 60-80 mm) and adults (>100 mm). It occupies non-kelp estuarine habitat (observed_alterna",,"agent:opus:rfbf-v7.1"
6,"Cape stumpnose","Rhabdosargus holubi","H","James and Harrison (2020) - A preliminary fish survey of the estuaries on the south-east coast of South Africa, Kei Estuary to Mdumbi.pdf","East","High",0,,"not_applicable","not_applicable","non-kelp","juvenile","not_applicable","no","Cape stumpnose was the numerically dominant species across the estuaries (East region; Table 5 abundance 17.67–30.15%; Table 6 biomass 3.24–15.45%), documenting occupancy of a non-kelp estuarine nursery habitat. Level-0 observed_alternative on the habitat route; no kelp measured or mentioned. Juveni",,"agent:opus:rfbf-v7.1"
6,"Cape stumpnose","Rhabdosargus holubi","H","James et al (2012)-Temporal variability of temperate fish assemblahe in Africas oldest MPA.pdf","East","High",0,,"not_applicable","not_applicable","non-kelp","unspecified","not_applicable","no","Recorded in all years by shore-angling on the non-kelp East-region reef of TNP; occupancy of non-kelp habitat only. Level-0 observed_alternative on the habitat route; trophic route unassessed.",,"agent:opus:rfbf-v7.1"
6,"Cape stumpnose","Rhabdosargus holubi","H","James et al. (2001) - The recreational fishery in the Kosi estuarine lake system, South Africa.pdf","East","Low",0,,"not_applicable","not_applicable","non-kelp","unspecified","not_applicable","no","Cape stumpnose is listed among the Rhabdosargus spp. caught in the Kosi estuarine system (East region, non-kelp habitat). The genus grouping is dominated by R. sarba, so R. holubi's occurrence is documented but not quantified individually. Level-0 observed_alternative on the habitat route.",,"agent:opus:rfbf-v7.1"
6,"Cape stumpnose","Rhabdosargus holubi","H","James et al. (2007) - Abundance  recruitment and residency of two sparids in an intermittently open estuary in South Africa.pdf","East","High",0,,"not_applicable","not_applicable","non-kelp","juvenile","not_applicable","no","Rhabdosargus holubi is in model scope. This 12-year study at the East Kleinemonde Estuary (Eastern Cape, 33.5°S) documents juvenile R. holubi occupying and residing in a non-kelp estuarine nursery habitat at the sampled place, time and life stage (dominant seine catch, 34-92% annual; 12-23 month res",,"agent:opus:rfbf-v7.1"
6,"Cape stumpnose","Rhabdosargus holubi","H","Joubert and Hanekom (1980) - A study of feeding in some inshore reef fish of the Natal Coast, South Africa.pdf","East","Low",0,,"not_applicable","not_applicable","non-kelp","adult","not_applicable","no","R. holubi recorded as a benthic feeder occupying the non-kelp Natal east-coast reef. Observed_alternative on the habitat route, level 0. Low specificity.",,"agent:opus:rfbf-v7.1"
6,"Cape stumpnose","Rhabdosargus holubi","H","Kisten and Strydom (2021) - Diel and tidal periodicity in the responses of early life stages of marine fishes to an estuary opening event in temperate South Africa.pdf","East","High",0,,"not_applicable","not_applicable","non-kelp","juvenile","not_applicable","no","Rhabdosargus holubi, the focal in-scope Cape stumpnose, was the most abundant marine-estuarine-dependent species, with postflexion larvae accumulating in the surf zone and recruiting through the estuary breach channel on nocturnal flood tides (Eastern Cape, East region). All documented habitat use i",,"agent:opus:rfbf-v7.1"
6,"Cape stumpnose","Rhabdosargus holubi","H","Kisten et al. (2024) - Occurrence of larval fishes sampled by drifting light traps in the lower reaches of a South African estuary.pdf","East","High",0,,"not_applicable","not_applicable","non-kelp","juvenile","not_applicable","no","Rhabdosargus holubi was caught as postflexion larvae (2 individuals) in the Kowie Estuary mouth, an Eastern Cape locality east of the kelp limit, and is treated in the discussion as a marine estuarine-dependent whose larvae recruit into estuaries. This documented occurrence of an in-scope species in",,"agent:opus:rfbf-v7.1"
6,"Cape stumpnose","Rhabdosargus holubi","H","Kok and Whitfield (1986) - The influence of open and closed mouth phases on the marine fish fauna of the Swartvlei estuary.pdf","East","High",0,,"not_applicable","not_applicable","non-kelp","both","not_applicable","no","Captured by small-seine, large-seine and gill netting in the Swartvlei estuary (Cape south coast, 34°S 22°46′E), a seagrass and sand-flat estuarine system east of the Agulhas kelp limit (Table 1); highly abundant, with juvenile length-frequency in Figure 4. This documents an in-scope species occupyi",,"agent:opus:rfbf-v7.1"
6,"Cape stumpnose","Rhabdosargus holubi","H","Lamberth (1994) - The commercial beach-seine fishery in False Bay, South Africa.pdf","West","Medium",0,,"not_applicable","not_applicable","non-kelp","both","not_applicable","no","Caught in beach-seine hauls in the sandy surf zone of False Bay; documents occupancy of a non-kelp habitat. Level-0 observed_alternative on the habitat route.",,"agent:opus:rfbf-v7.1"
6,"Cape stumpnose","Rhabdosargus holubi","H","Lamberth (2008) - Approaches to assessing the status of nearshore and estuarine fish and fisheries and their responses to environmental change.pdf","East","Medium",0,,"not_applicable","not_applicable","non-kelp","unspecified","not_applicable","no","Cape stumpnose, an estuarine-dependent sparid, documented in estuaries east of the kelp limit (south/east). Level-0 observed_alternative (non-kelp estuarine habitat). Region East.",,"agent:opus:rfbf-v7.1"
6,"Cape stumpnose","Rhabdosargus holubi","H","Lamberth and Turpie (2003) - The role of estuaries in South African fisheries, economic importance and management implications.pdf","Both","High",0,,"not_applicable","not_applicable","non-kelp","juvenile","not_applicable","no","Cape stumpnose (Category IIa) is documented occupying estuaries across all regions incl. the West Coast, with estuarine catch (15.89 t; Table V) and juvenile nursery use, a non-kelp habitat. Level-0 observed_alternative on the habitat route; kelp never assessed. Region Both.",,"agent:opus:rfbf-v7.1"
6,"Cape stumpnose","Rhabdosargus holubi","H","Lamberth et al. (2008) - Comparison of, and the effects of altered freshwater inflow on, fish assemblages of two contrasting South African estuaries, the cool-temperate Olifants and the warm-temperate Breede.pdf","East","High",0,,"not_applicable","not_applicable","non-kelp","both","not_applicable","no","Cape stumpnose was abundant in the Breede Estuary catches. Estuary is a non-kelp habitat; occurrence is a level-0 observed_alternative on the habitat route. Region East (Breede at the eastern kelp limit).",,"agent:opus:rfbf-v7.1"
6,"Cape stumpnose","Rhabdosargus holubi","H","Lasiak (1981) - Nursery grounds of juvenile teleosts, evidence from the surf zone of King's Beach, Port Elizabeth.pdf","East","High",0,,"not_applicable","not_applicable","non-kelp","both","not_applicable","no","Rhabdosargus holubi (Cape stumpnose) is recorded in the King's Beach surf-zone catch (Table 2: N=22, 0.3%, 10.0-24.0 cm) and asterisked in Table 1 as also caught as adults, so life stage is both. The sandy East-coast surf zone in Algoa Bay is beyond the Ecklonia maxima limit and kelp is never mentio",,"agent:opus:rfbf-v7.1"
6,"Cape stumpnose","Rhabdosargus holubi","H","Lasiak (1983) - Structural Aspects of the Surf-zone Fish Assemblage at King’s Beach, Algoa Bay, South Africa.pdf","East","Medium",0,,"not_applicable","not_applicable","non-kelp","unspecified","not_applicable","no","Rhabdosargus holubi (Cape stumpnose) occurred in the sandy surf-zone catch at King's Beach, Algoa Bay (East coast, no kelp present or sampled), documenting occupancy of a non-kelp habitat. No kelp co-occurrence, structural use, or diet observation, so level-0 observed_alternative on the habitat rout",,"agent:opus:rfbf-v7.1"
6,"Cape stumpnose","Rhabdosargus holubi","H","Lasiak (1984).pdf","East","High",0,,"not_applicable","not_applicable","non-kelp","unspecified","not_applicable","no","Rhabdosargus holubi (Cape stumpnose), a resident of the King's Beach sandy surf-zone (East). Non-kelp habitat occupancy = level-0 observed_alternative.",,"agent:opus:rfbf-v7.1"
6,"Cape stumpnose","Rhabdosargus holubi","H","Mann et al. (2003) - Evaluation of participation in and management of the Transkei shore linefishery.pdf","East","Medium",0,,"not_applicable","not_applicable","non-kelp","unspecified","not_applicable","no","Cape stumpnose caught along the non-kelp Transkei (East) shore-fishery (Table IV, n=22). Level-0 observed-alternative habitat record; no kelp-structural or diet observation.",,"agent:opus:rfbf-v7.1"
6,"Cape stumpnose","Rhabdosargus holubi","H","Mann et al. (2006) - Towards the declaration of a large marine protected area, a subtidal ichthyofaunal survey of the Pondoland coast in the Eastern Cape, South Africa.pdf","East","High",0,,"not_applicable","not_applicable","non-kelp","unspecified","not_applicable","no","Counted in the Pondoland UVC (Table 1: N=126, density 12.23 per 1 000 m2) on non-kelp reefs, Eastern Cape. Level-0 observed_alternative on the habitat route.",,"agent:opus:rfbf-v7.1"
6,"Cape stumpnose","Rhabdosargus holubi","H","Mann et al. (2022) - Monitoring the effects of spatial protection on the reef fish communities of the Pondoland Marine Protected Area, Eastern Cape Province, South Africa.pdf","East","Medium",0,,"not_applicable","not_applicable","non-kelp","unspecified","not_applicable","no","In-scope Cape stumpnose (Rhabdosargus holubi) recorded on Pondoland reef (10–30 m, Eastern Cape east coast), east of the kelp range. Occupies non-kelp reef habitat; kelp neither measured nor mentioned. Level-0 observed_alternative on the habitat route; trophic route unassessed.",,"agent:opus:rfbf-v7.1"
6,"Cape stumpnose","Rhabdosargus holubi","H","Mann et al. (2024) - Fish, fishers and the future, Proceedings of the 6th Southern African Marine Linefish Symposium.pdf","East","High",0,,"not_applicable","not_applicable","non-kelp","juvenile","not_applicable","no","Field and laboratory-choice study documents estuarine-dependent juvenile Cape stumpnose occupying and preferring dense eelgrass (Zostera) over saltmarsh/sand in Algoa Bay estuaries. Non-kelp seagrass/estuary habitat = level-0 observed_alternative (habitat). East region.",,"agent:opus:rfbf-v7.1"
6,"Cape stumpnose","Rhabdosargus holubi","H","Mkhize et al. (2024) - Habitat use by juvenile fish in macroalgae and seagrass beds in a temperate seascape.pdf","East","High",0,,"not_applicable","not_applicable","non-kelp","both","not_applicable","no","Non-kelp study region and habitats. Rhabdosargus holubi (predominantly YOY, but larger juveniles and adults also recorded) occupied both non-kelp habitats and was significantly more abundant in the non-kelp Zostera seagrass (MaxN 11.4 vs 0.8; p=0.02). The source frames the seagrass association as a ",,"agent:opus:rfbf-v7.1"
6,"Cape stumpnose","Rhabdosargus holubi","H","Mkhize et al. (2025) - Habitat use by juvenile fish in macroalgae and seagrass beds in a temperate South African seascape.pdf","East","High",0,,"not_applicable","not_applicable","non-kelp","both","not_applicable","no","Cape stumpnose recorded by sRUV occupying non-kelp Zostera capensis seagrass (where it was significantly most abundant, all YOY) and, at low abundance, non-kelp Plocamium corallorhiza macroalgae (YOY, larger juveniles and adults) in Algoa Bay (East). No kelp present or mentioned. Documented occupanc",,"agent:opus:rfbf-v7.1"
6,"Cape stumpnose","Rhabdosargus holubi","H","Nodo et al. (2018) - Response of demersal fish assemblages to an extreme flood event in a freshwater-deprived estuary in South Africa.pdf","East","High",0,,"not_applicable","not_applicable","non-kelp","juvenile","not_applicable","no","Rhabdosargus holubi (in-scope) was the most abundant species (n=802, 21.9%) across all reaches of the Kariega Estuary (Eastern Cape, East region), dominated by 0+ juveniles using the estuary as a nursery. This documents an in-scope species occupying a non-kelp estuarine habitat at the sampled life s",,"agent:opus:rfbf-v7.1"
6,"Cape stumpnose","Rhabdosargus holubi","H","Nodo et al. (2023) - The nursery function of shallow nearshore and estuarine benthic habitats for demersal fishes.pdf","East","High",0,,"not_applicable","not_applicable","non-kelp","both","not_applicable","no","Cape stumpnose dominates the soft-bottom estuarine catch of Algoa Bay (East region) across postflexion, transformation, YOY and adult stages, with a single YOY in the marine nearshore. Non-kelp benthic habitat, kelp not measured or mentioned: level-0 observed_alternative on the habitat route. Trophi",,"agent:opus:rfbf-v7.1"
6,"Cape stumpnose","Rhabdosargus holubi","H","Nodo et al. (2024) - Spatial patterns and environmental drivers of demersal fish assemblages in the Swartkops and Sundays estuarine to marine seascapes, South Africa.pdf","East","High",0,,"not_applicable","not_applicable","non-kelp","unspecified","not_applicable","no","Rhabdosargus holubi dominant in the soft-bottom Swartkops and Sundays estuary channels and present in the marine nearshore of Algoa Bay (East region); documents occupation of non-kelp sediment habitat. Habitat-route level-0 observed_alternative. Trophic route unassessed (no diet).",,"agent:opus:rfbf-v7.1"
6,"Cape stumpnose","Rhabdosargus holubi","H","Nodo et al. (2026) - Using DNA barcoding to identify the early life history stages of demersal coastal fishes in shallow nearshore and estuarine benthic habitats of Algoa Bay.pdf","East","High",0,,"not_applicable","not_applicable","non-kelp","juvenile","not_applicable","no","DNA-confirmed transformation-stage Rhabdosargus holubi were caught in the Swartkops and Sundays estuaries of Algoa Bay (Eastern Cape), east of the eastern kelp limit, in soft-bottom estuarine benthic habitat sampled by beam trawl. Kelp is neither measured nor mentioned. This documents an in-scope sp",,"agent:opus:rfbf-v7.1"
6,"Cape stumpnose","Rhabdosargus holubi","H","Pattrick and Strydom (2008) - Composition, abundance, distribution and seasonality of larval fishes in the shallow nearshore of the proposed Greater Addo Marine Reserve, Algoa Bay.pdf","East","Medium",0,,"not_applicable","not_applicable","non-kelp","juvenile","not_applicable","no","Two flexion/postflexion Rhabdosargus holubi larvae were collected on the ~5 m nearshore contour of eastern Algoa Bay, an East-region locality with no kelp present or mentioned. It documents occupancy of a non-kelp pelagic nearshore habitat at the larval stage, a level-0 observed_alternative on the h",,"agent:opus:rfbf-v7.1"
6,"Cape stumpnose","Rhabdosargus holubi","H","Pattrick and Strydom (2014) - Recruitment of fish larvae and juveniles into two estuarine nursery areas with evidence of ebb tide use.pdf","East","High",0,,"not_applicable","not_applicable","non-kelp","juvenile","not_applicable","no","Cape stumpnose was the most dominant species in the Sundays Estuary (29.6% of catch) and abundant in the Swartkops, across postflexion to juvenile stages (East, non-kelp estuarine nursery). A level-0 observed_alternative habitat record; kelp is not addressed.",,"agent:opus:rfbf-v7.1"
6,"Cape stumpnose","Rhabdosargus holubi","H","Pattrick and Strydom (2014) - The effects of exposure in sandy beach surf zones on larval fishes.pdf","East","High",0,,"not_applicable","not_applicable","non-kelp","juvenile","not_applicable","no","Rhabdosargus holubi was the second most abundant species (n=349; Table I), captured as postflexion larvae in the sandy beach surf zones of Algoa Bay (East of the kelp limit). This documents the in-scope species occupying a non-kelp habitat at the sampled place, time and life stage; kelp is neither p",,"agent:opus:rfbf-v7.1"
6,"Cape stumpnose","Rhabdosargus holubi","H","Pollard et al. (2017) - Eelgrass beds and bare substrata, sparid and mugilid composition in contrasting littoral estuarine habitats.pdf","East","High",0,,"not_applicable","not_applicable","non-kelp","juvenile","not_applicable","no","The Knysna Estuary (~23° E) lies east of the Cape Agulhas/De Hoop kelp limit, so no Ecklonia kelp is present; this is an estuarine eelgrass (Zostera capensis) versus bare-sediment seine survey. R. holubi was the most dominant species overall, recorded in all three non-kelp habitats (CPUE bare 13.4, ",,"agent:opus:rfbf-v7.1"
6,"Cape stumpnose","Rhabdosargus holubi","H","Pradervand (2004) - Long-term trends in the shore fishery of the Transkei coast, South Africa.pdf","East","Medium",0,,"not_applicable","not_applicable","non-kelp","unspecified","not_applicable","no","R. holubi recorded (n=81) in the Transkei shore fishery (East, non-kelp); no diet or kelp-structure observation. Level-0 observed_alternative on the habitat route.",,"agent:opus:rfbf-v7.1"
6,"Cape stumpnose","Rhabdosargus holubi","H","Pradervand and Govender (2003) - Assessment of catches in shore angling competitions from the border region of the Eastern Cape, South Africa.pdf","East","Medium",0,,"not_applicable","not_applicable","non-kelp","unspecified","not_applicable","no","Cape stumpnose positively identified (n=9) in the Border surf-zone catch, Eastern Cape (East of kelp limit). Level-0 observed_alternative habitat record. No diet data; trophic route unassessed.",,"agent:opus:rfbf-v7.1"
6,"Cape stumpnose","Rhabdosargus holubi","H","Pradervand and Hiseman (2006) - An analysis of the recreational shore fishery in the Goukamma Marine Protected Area.pdf","East","Medium",0,,"not_applicable","not_applicable","non-kelp","unspecified","not_applicable","no","Table 1 records 75 Cape stumpnose (Rhabdosargus holubi) in the Goukamma MPA shore fishery, east of the eastern kelp limit, in non-kelp coastal habitat. Occurrence only, no diet or kelp-structure use, no measured availability. Level-0 observed-alternative habitat record. Trophic route unassessed.",,"agent:opus:rfbf-v7.1"
6,"Cape stumpnose","Rhabdosargus holubi","H","Pradervand et al. (2007) - Long-term trends in the competitive shore fishery along the KwaZulu-Natal coast, South Africa.pdf","East","Low",0,,"not_applicable","not_applicable","non-kelp","unspecified","not_applicable","no","Cape stumpnose recorded (n=49) in the East-coast non-kelp shore fishery. Documents occurrence in a non-kelp inshore/estuarine habitat; kelp not assessed. Level-0 observed_alternative, habitat route.",,"agent:opus:rfbf-v7.1"
6,"Cape stumpnose","Rhabdosargus holubi","H","Reddy et al. (2011) - Marine connectivity and fish length frequencies of selected species in two adjacent temporarily open closed estuaries in the Eastern Cape Province, South Africa.pdf","East","High",0,,"not_applicable","not_applicable","non-kelp","juvenile","not_applicable","no","R. holubi (Cape stumpnose), an in-scope species, is documented occupying two Eastern Cape temporarily open/closed estuaries (non-kelp habitat) as juveniles at the sampled place and time. This is a level-0 observed_alternative habitat record. Kelp is never measured or mentioned; the locality lies eas",,"agent:opus:rfbf-v7.1"
6,"Cape stumpnose","Rhabdosargus holubi","H","Richardson et al. (2006) - The influence of selected environmental parameters on the distribution of the dominant demersal fishes in the Kariega Estuary channel, South Africa.pdf","East","Medium",0,,"not_applicable","not_applicable","non-kelp","juvenile","not_applicable","no","Cape stumpnose juveniles were abundant in the Kariega Estuary channel across both surveys and are described occupying the channel and adjacent eelgrass beds (non-kelp habitats) in the East region. This documents occupancy of a non-kelp habitat and supports a level-0 observed_alternative on the habit",,"agent:opus:rfbf-v7.1"
6,"Cape stumpnose","Rhabdosargus holubi","H","Rishworth et al. (2014) - Fish utilization of surf-zones. Are they changing? A case study of the Sheltered, warm-temperate King's Beach.pdf","East","Medium",0,,"not_applicable","not_applicable","non-kelp","adult","not_applicable","no","Cape stumpnose was recorded as a single adult in the King's Beach sandy surf-zone 100 m seine. In-scope species occupying non-kelp habitat, East region, outside the kelp range. Level 0 observed_alternative on the habitat route.",,"agent:opus:rfbf-v7.1"
6,"Cape stumpnose","Rhabdosargus holubi","H","Russell (1994) - Mass mortality of marine and estuarine fish in the Swartvlei and Wilderness lake systems, southern Cape.pdf","East","High",0,,"not_applicable","not_applicable","non-kelp","adult","not_applicable","no","Russell records Rhabdosargus holubi occupying Rondevlei, a non-kelp coastal lake in the East region, where a mass-mortality event killed large (adult) individuals (>200 counted, FL 324-410 mm, n=112). This is a documented observation of an in-scope species in a non-kelp habitat at the sampled place,",,"agent:opus:rfbf-v7.1"
6,"Cape stumpnose","Rhabdosargus holubi","H","Schleyer (1986) - Stomach contents of soe shore-caught teleosts of Natal, South Africa.pdf","East","Medium",0,,"not_applicable","not_applicable","non-kelp","unspecified","not_applicable","no","The Cape stumpnose is documented as a shore-caught fish feeding on the Natal nearshore substratum (east coast, no kelp). It is a level-0 observed_alternative habitat record (non-kelp habitat occupancy). Habitat characterisation is generic, hence Medium specificity.",,"agent:opus:rfbf-v7.1"
6,"Cape stumpnose","Rhabdosargus holubi","H","Schutte et al. (2020) - Changes in the fish community of the St Lucia estuarine system following Cyclone Gamede.pdf","East","Medium",0,,"not_applicable","not_applicable","non-kelp","unspecified","not_applicable","no","Rhabdosargus holubi was recorded as a marine species occupying the St Lucia estuarine system, a non-kelp East-coast habitat (Table 1, total CPUE 0.08%). This is a level-0 observed_alternative on the habitat route. Diet was not examined, so the trophic route is unassessed. No kelp variable is measure",,"agent:opus:rfbf-v7.1"
6,"Cape stumpnose","Rhabdosargus holubi","H","Sheppard et al (2012)-Effects of altered estuarine submerged macrophyte bed cover on omnivorous Rhabdosargus holubi.pdf","East","High",0,,"not_applicable","not_applicable","non-kelp","juvenile","not_applicable","no","R. holubi is strongly associated with, and forages and shelters within, submerged estuarine macrophyte beds (Ruppia cirrhosa, Potamogeton pectinatus) in Eastern Cape temporarily open/closed estuaries (East region). Long-term seine CPUE was lower during the six-year macrophyte-senescent period, but t",,"agent:opus:rfbf-v7.1"
6,"Cape stumpnose","Rhabdosargus holubi","H","Sheppard et al. (2011) - What role do beds of submerged macrophytes play in structuring estuarine fish assemblages.pdf","East","Medium",0,,"not_applicable","not_applicable","non-kelp","juvenile","not_applicable","no","Juvenile Rhabdosargus holubi was the dominant large-mesh species in a warm-temperate Eastern Cape TOCE (East region, east of the kelp range), occupying submerged Ruppia cirrhosa/Potamogeton pectinatus beds and, during macrophyte senescence, sandy alternative habitats. This is a documented observatio",,"agent:opus:rfbf-v7.1"
6,"Cape stumpnose","Rhabdosargus holubi","H","Smale and Buxton (1988) - The subtidal gully fish community of the eastern Cape and the role of this habitat as a nursery area.pdf","East","Medium",0,,"not_applicable","not_applicable","non-kelp","juvenile","not_applicable","no","Rhabdosargus holubi (Cape stumpnose) was collected as juveniles (n=46, 60–172 mm) from non-kelp red-algae rocky gullies in the eastern Cape (East, beyond the kelp limit). A level-0 observed_alternative on the habitat route. No diet data, so no trophic record.",,"agent:opus:rfbf-v7.1"
6,"Cape stumpnose","Rhabdosargus holubi","H","Smale et al. (1993) - Analysis of the demersal community of fish and cephalopods on the Agulhas Bank, South Africa.pdf","East","Low",0,,"not_applicable","not_applicable","non-kelp","unspecified","not_applicable","no","Cape stumpnose taken in Agulhas Bank demersal trawls (Appendix 1); occurrence in non-kelp shelf habitat east of the kelp limit. Level-0 observed_alternative on the habitat route.",,"agent:opus:rfbf-v7.1"
6,"Cape stumpnose","Rhabdosargus holubi","H","Strydom (2008) - Utilization of shallow subtidal bays associated with warm temperate rocky shores by the late-stage larvae of some inshore fish species, South Africa.pdf","East","Medium",0,,"not_applicable","not_applicable","non-kelp","juvenile","not_applicable","no","Rhabdosargus holubi postflexion larvae were recorded in these non-kelp subtidal bays east of the kelp limit, a documented occurrence of an in-scope species in a non-kelp habitat, giving a level-0 observed_alternative habitat record. The printed total-catch value (123) is internally inconsistent with",,"agent:opus:rfbf-v7.1"
6,"Cape stumpnose","Rhabdosargus holubi","H","Strydom and d'Hotman (2005) - Estuary-dependence of larval fishes in a non-estuary associated South African surf zone.pdf","East","High",0,,"not_applicable","not_applicable","non-kelp","juvenile","not_applicable","no","Rhabdosargus holubi postflexion larvae (N=21, 4%; 9.1-12.1 mm) were documented in the non-kelp sandy-beach surf zone at Cape Padrone (Eastern Cape). Documented occupation of a non-kelp habitat gives a level-0 observed_alternative habitat record. Kelp not assessed; no diet data.",,"agent:opus:rfbf-v7.1"
6,"Cape stumpnose","Rhabdosargus holubi","H","Strydom et al. (2003) - The role of estuarine type in characterizing early stage fish assemblages in warm temperate estuaries, South Africa.pdf","East","High",0,,"not_applicable","not_applicable","non-kelp","juvenile","not_applicable","no","Postflexion larvae/early juveniles of R. holubi were caught in Eastern Cape estuaries (n=286), documenting occupation of a non-kelp estuarine nursery habitat at the sampled place, time and life stage. Kelp is neither measured nor mentioned, and no habitat action involving kelp structure is documente",,"agent:opus:rfbf-v7.1"
6,"Cape stumpnose","Rhabdosargus holubi","H","Strydom et al. (2014) - Occurrence of larval fishes in a rocky shore-associated nursery area in temperate South Africa.pdf","East","Low",0,,"not_applicable","not_applicable","non-kelp","juvenile","not_applicable","no","Rhabdosargus holubi was recorded as three postflexion larvae in Shark Bay, a non-kelp East-coast rocky-shore bay. Documented occupancy of a non-kelp habitat by an in-scope species: level-0 observed_alternative on the habitat route. The discussion notes the species is estuary-dependent in the juvenil",,"agent:opus:rfbf-v7.1"
6,"Cape stumpnose","Rhabdosargus holubi","H","Strydom et al. (2017) - Feeding ecology of Rhabdosargus holubi in the warm temperate estuaries in South Africa.pdf","East","High",0,,"not_applicable","not_applicable","non-kelp","juvenile","not_applicable","no","The same study documents juvenile Rhabdosargus holubi occupying and using structured estuarine vegetated habitats (Zostera capensis seagrass, Spartina maritima saltmarsh, Phragmites australis reed) for shelter and feeding across five Eastern Cape estuaries (region East), with tidal movement between ",,"agent:opus:rfbf-v7.1"
6,"Cape stumpnose","Rhabdosargus holubi","H","Ter Morshuizen and Whitfield (1994) - The distribution of littoral fish associated with eelgrass Zostera capensis beds in the Kariega Estuary.pdf","East","High",0,,"not_applicable","not_applicable","non-kelp","juvenile","not_applicable","no","Rhabdosargus holubi (Cape stumpnose) is the second most abundant taxon caught in the Kariega Estuary eelgrass (Zostera capensis) beds (total 2,58 m-2, 20% of catch; Table II), with juvenile size structure confirmed by Fig. 4. The study is in an Eastern Cape estuary well east of the kelp coast, with ",,"agent:opus:rfbf-v7.1"
6,"Cape stumpnose","Rhabdosargus holubi","H","Ter Morshuizen et al. (1996) - Distribution patterns of fishes in an Eastern Cape estuary and river with particular emphasis on the ebb and flow region.pdf","East","High",0,,"not_applicable","not_applicable","non-kelp","juvenile","not_applicable","no","Rhabdosargus holubi is abundantly captured (juveniles) in the Great Fish River estuary and river, an Eastern Cape system east of the kelp limit with muddy substrata and no rocks or macrophytes. This documents an in-scope species occupying a non-kelp habitat at the sampled place, time and life stage,",,"agent:opus:rfbf-v7.1"
6,"Cape stumpnose","Rhabdosargus holubi","H","Venter and Mann (2012) - Preliminary assessment of surf-zone and estuarine line-fish species of the Dwesa-Cwebe Marine Protected Area.pdf","East","Medium",0,,"not_applicable","not_applicable","non-kelp","unspecified","not_applicable","no","Recorded in the East-region non-kelp surf-zone (5 individuals, 0.47%). Kelp neither measured nor mentioned. Level-0 observed_alternative on the habitat route. No diet data, trophic route unassessed.",,"agent:opus:rfbf-v7.1"
6,"Cape stumpnose","Rhabdosargus holubi","H","Wallace et al. (1984) - Inshore small-mesh trawling survey of the Cape south coast. Part 1. Introduction, methods, stations and catches.pdf","East","Medium",0,,"not_applicable","not_applicable","non-kelp","unspecified","not_applicable","no","Cape stumpnose taken in the soft-bottom trawl survey east of the kelp coast; non-kelp habitat occurrence. Level 0 observed_alternative on the habitat route.",,"agent:opus:rfbf-v7.1"
6,"Cape stumpnose","Rhabdosargus holubi","H","Wallace et al. (1984) - Inshore small-mesh trawling survey of the Cape south coast. Part 2. Occurrence of estuarine-associated fishes.pdf","East","High",0,,"not_applicable","not_applicable","non-kelp","both","not_applicable","no","Directly observed by trawl and by SCUBA over rocky reef, adjacent sand and inshore seaweed beds on the Cape south coast, entirely east of the Ecklonia maxima kelp limit. Documented occupancy of non-kelp habitat at the sampled place, time and life stage, with no kelp structure, no feeding data and no",,"agent:opus:rfbf-v7.1"
6,"Cape stumpnose","Rhabdosargus holubi","H","Watt-Pringle and Strydom (2003) - Habitat use by larval fishes in a temperate South African surf zone.pdf","East","High",0,,"not_applicable","not_applicable","non-kelp","juvenile","not_applicable","no","Rhabdosargus holubi was recorded as postflexion larvae (58 individuals) in a sandy inner surf zone east of the kelp limit, documenting occupancy of a non-kelp habitat. Level-0 observed_alternative on the habitat route; kelp not assessed.",,"agent:opus:rfbf-v7.1"
6,"Cape stumpnose","Rhabdosargus holubi","H","Welch et al (2023)-Juvenile sparids  Rhabdosargus holubi  consistently select structurally dense.pdf","East","High",0,,"not_applicable","not_applicable","non-kelp","juvenile","not_applicable","no","Welch et al. is a laboratory habitat-choice experiment on juvenile Rhabdosargus holubi collected from the Kariega Estuary (Eastern Cape), east of the Ecklonia maxima kelp limit. It documents strong, significant selection for structurally dense artificial vegetation over sparse and bare patches, inde",,"agent:opus:rfbf-v7.1"
6,"Cape stumpnose","Rhabdosargus holubi","H","Wet and Marais (1990) - Stomach content analysis of Rhabdosargus holubi in South Africa.pdf","East","Medium",0,,"not_applicable","not_applicable","non-kelp","juvenile","not_applicable","no","SCUBA observations document juvenile R. holubi shoaling and foraging within Zostera capensis seagrass beds (shoals of ~300 nibbling leaves inside beds versus 10-20 in macrophyte-free areas) and being more abundant in Zostera beds than adjacent bare areas. This is a documented structural action, but ",,"agent:opus:rfbf-v7.1"
6,"Cape stumpnose","Rhabdosargus holubi","H","Whitfield (1980) - Trophic relationships within the fish community of the Mhlanga estuary.pdf","East","Medium",0,,"not_applicable","not_applicable","non-kelp","juvenile","not_applicable","no","Rhabdosargus holubi was the most abundant sparid captured within the Mhlanga estuary (Table 1) and the estuary is described as a fish nursery. This documents an in-scope species occupying a non-kelp estuarine habitat, a level-0 habitat observed_alternative record. SL 22–130 mm indicates juveniles. N",,"agent:opus:rfbf-v7.1"
6,"Cape stumpnose","Rhabdosargus holubi","H","Whitfield (1989) - Ichthyoplankton interchange in the mouth region of a southern African estuary.pdf","East","Medium",0,,"not_applicable","not_applicable","non-kelp","unspecified","not_applicable","no","Rhabdosargus holubi (Cape stumpnose) is recorded as a Group 1 marine immigrant that spawns at sea and enters the seasonally open Swartvlei estuary as postlarvae, recruiting to shallow littoral nursery areas (abstract; Table 1: +5211 Oct, +2292 Mar; discussion). Swartvlei (34°01'S, 22°46'E) lies east",,"agent:opus:rfbf-v7.1"
6,"Cape stumpnose","Rhabdosargus holubi","H","Whitfield (2005) - Preliminary documentation and assessment of fish diversity in sub-Saharan African estuaries.pdf","West","Low",0,,"not_applicable","not_applicable","non-kelp","unspecified","not_applicable","yes","Rhabdosargus holubi (Cape stumpnose, marine immigrant) is listed among West-coast cool-temperate estuarine fish (Table 2), documenting non-kelp (estuarine) habitat use -> level-0 observed_alternative, habitat route. Secondary compilation; also in East estuaries (Tables 3-4).",,"agent:opus:rfbf-v7.1"
6,"Cape stumpnose","Rhabdosargus holubi","H","Whitfield and Blaber (1978) - Food and feeding ecology of piscivorous fishes at Lake St Lucia, Zululand.pdf","East","Medium",0,,"not_applicable","not_applicable","non-kelp","juvenile","not_applicable","no","Rhabdosargus holubi at St Lucia is associated with vegetated aquatic-macrophyte areas (85% of seine captures, primary), a non-kelp structural habitat in a kelp-free estuarine lake. This is a documented occupation of a non-kelp habitat (level 0, observed_alternative). Cape stumpnose in estuaries are ",,"agent:opus:rfbf-v7.1"
6,"Cape stumpnose","Rhabdosargus holubi","H","Whitfield et al. (1993) - A comparison of the ichthyofaunas in two permanently open eastern Cape estuaries.pdf","East","High",0,,"not_applicable","not_applicable","non-kelp","both","not_applicable","no","Rhabdosargus holubi was the dominant seine species in the Kowie estuary (164,2 per 10 hauls) and abundant in the Great Fish, across juvenile size classes (Fig 3). The authors attribute its Kowie densities to eelgrass (Zostera capensis) habitat, explicitly a non-kelp macrophyte. This documents occupa",,"agent:opus:rfbf-v7.1"
6,"Cape stumpnose","Rhabdosargus holubi","H","Whitfield et al. (2023) - Fishes of the Knysna Estuary.pdf","East","Medium",0,,"not_applicable","not_applicable","non-kelp","juvenile","not_applicable","no","The chapter documents R. holubi occupying non-kelp estuarine habitats (eelgrass beds and all estuarine habitat types) as juveniles, and treats the species as dependent on estuarine nursery grounds. This is a level-0 observed_alternative habitat record: a documented occupancy of a non-kelp habitat at",,"agent:opus:rfbf-v7.1"
6,"Cape stumpnose","Rhabdosargus holubi","T","Blaber (1973) - The ecology of juvenile Rhabdosargus holubi (Steindachner) (Teleostei, Sparidae).pdf","East","High",0,,"non_kelp","not_applicable","not_applicable","juvenile","not_applicable","no","Rhabdosargus holubi is an in-scope species (model_scope=true). Blaber documents, from >2000 stomachs of juveniles in five Eastern Cape estuaries (region East, beyond the eastern kelp limit at Cape Agulhas/De Hoop), a diet of the estuarine macrophyte Ruppia spiralis (of which only the epiphytic diato",,"agent:opus:rfbf-v7.1"
6,"Cape stumpnose","Rhabdosargus holubi","T","Blaber (1974) - Field studies of the diet of Rhabdosargus holubi.pdf","East","High",0,,"non_kelp","outside","not_applicable","both","not_applicable","no","Blaber's own field study examined stomach contents of over 2000 juvenile Rhabdosargus holubi seined from four estuaries (West Kleinemond, Kasouga, Kowie, Msikaba) between summer 1971 and winter 1973 (E01, E02, E03), and the author additionally analysed University of Cape Town Ecological Survey recor",,"agent:opus:rfbf-v7.1"
6,"Cape stumpnose","Rhabdosargus holubi","T","Buxton and Kok (1983) - Notes on the diet of Rhabdosargus holubi and Rhabdosargus globiceps.pdf","East","High",0,,"non_kelp","outside","not_applicable","unspecified","not_applicable","no","Buxton and Kok report their own stomach-content analysis of 112 R. holubi taken by small-mesh trawl between Mossel Bay and Algoa Bay in 1980, an area lying wholly east of Cape Agulhas and so beyond the eastern limit of Ecklonia maxima. The diet is dominated by soft-sediment epibenthos (Echinocardium",,"agent:opus:rfbf-v7.1"
6,"Cape stumpnose","Rhabdosargus holubi","T","Carassou et al. (2016) - Trophic dynamics of Rhabdosargus holubi across 3 adjacent habitats.pdf","East","High",0,,"non_kelp","not_applicable","not_applicable","both","not_applicable","no","The source is a detailed diet study of R. holubi in the Kowie system (Eastern Cape, Port Alfred), combining stomach contents (198 stomachs) and dual stable isotopes with SIAR mixing models across river, estuary and marine habitats. Every documented food item is non-kelp (filamentous algae, aquatic m",,"agent:opus:rfbf-v7.1"
6,"Cape stumpnose","Rhabdosargus holubi","T","Hanekom and Baird (1984) - Fish community structures in Zostera and non-Zostera regions of the Kromme estuary, St Francis Bay.pdf","East","High",0,,"non_kelp","not_applicable","not_applicable","juvenile","not_applicable","no","Stomach analysis of 28 juvenile R. holubi from the Kromme estuary Zostera beds shows a diet dominated by estuarine filamentous green algae (Chaetomorpha, Cladophora), with small amounts of Zostera seagrass, molluscs and annelids. This is a documented in-scope species consuming non-kelp food at the s",,"agent:opus:rfbf-v7.1"
6,"Cape stumpnose","Rhabdosargus holubi","T","Joubert and Hanekom (1980) - A study of feeding in some inshore reef fish of the Natal Coast, South Africa.pdf","East","Medium",0,,"non_kelp","not_applicable","not_applicable","adult","not_applicable","no","Primary qualitative diet data (17 stomachs) for R. holubi on Natal east-coast reefs, no kelp in region. Documented carnivory on non-kelp benthic prey. Observed_alternative on the trophic route, level 0.",,"agent:opus:rfbf-v7.1"
6,"Cape stumpnose","Rhabdosargus holubi","T","Paterson and Whitfield (1997) - A Stable Carbon Isotope Study of the Food-web in a Freshwater-deprived South African Estuary.pdf","East","High",0,,"non_kelp","not_applicable","not_applicable","juvenile","not_applicable","no","Juvenile Rhabdosargus holubi in the kelp-free Kariega Estuary (East). Its enriched littoral-group delta13C (-12.4 permil, Table 3) is interpreted by the authors as assimilation of epiphytic flora associated with Zostera capensis, a non-kelp source. Documented trophic use of a non-kelp food at the sa",,"agent:opus:rfbf-v7.1"
6,"Cape stumpnose","Rhabdosargus holubi","T","Schleyer (1986) - Stomach contents of soe shore-caught teleosts of Natal, South Africa.pdf","East","High",0,,"non_kelp","not_applicable","not_applicable","unspecified","not_applicable","no","Table 1 records the diet of 9 Cape stumpnose (185-354 mm) from the Natal nearshore sand substratum (east coast, beyond the kelp limit): sand mussels 41%, Macrura 36%, all non-kelp prey. Kelp not mentioned. Level-0 observed_alternative trophic record in the East region.",,"agent:opus:rfbf-v7.1"
6,"Cape stumpnose","Rhabdosargus holubi","T","Sheppard et al (2012)-Effects of altered estuarine submerged macrophyte bed cover on omnivorous Rhabdosargus holubi.pdf","East","High",0,,"non_kelp","not_applicable","not_applicable","juvenile","not_applicable","no","The study documents the diet of R. holubi in two Eastern Cape temporarily open/closed estuaries (East region, far beyond the kelp coast) using a SIAR stable-isotope mixing model (Table I, Fig. 1). The diet is dominated by epiphytic algae (up to c.80% in the West Kleinemonde) with the submerged macro",,"agent:opus:rfbf-v7.1"
6,"Cape stumpnose","Rhabdosargus holubi","T","Strydom et al. (2017) - Feeding ecology of Rhabdosargus holubi in the warm temperate estuaries in South Africa.pdf","East","High",0,,"non_kelp","not_applicable","not_applicable","juvenile","not_applicable","no","Primary stomach-content and stable-isotope study of juvenile Rhabdosargus holubi (in-scope) in five warm-temperate Eastern Cape estuaries, all east of the eastern kelp limit near Cape Agulhas (region East). The species is documented consuming a non-kelp estuarine diet dominated by epiphytic algae, f",,"agent:opus:rfbf-v7.1"
6,"Cape stumpnose","Rhabdosargus holubi","T","van der Elst (1988) - Shelf ichthyofauna of Natal.pdf","East","Low",0,,"non_kelp","not_applicable","not_applicable","unspecified","not_applicable","yes","Van der Elst characterises the Cape stumpnose as a herbivore among the Cape-to-Natal winter migrants. Generic herbivory (non-kelp, unspecified food) in the kelp-free East-coast frame is a level-0 observed_alternative on the trophic route. Migrant status attributed to Wallace (1975a).",,"agent:opus:rfbf-v7.1"
6,"Cape stumpnose","Rhabdosargus holubi","T","Wet and Marais (1990) - Stomach content analysis of Rhabdosargus holubi in South Africa.pdf","East","High",0,,"non_kelp","not_applicable","not_applicable","juvenile","not_applicable","no","Juvenile R. holubi in the Swartkops Estuary (Algoa Bay, Eastern Cape) lies East of the eastern kelp limit. This diet study documents the species consuming non-kelp estuarine food: the seagrass Zostera capensis, filamentous and marine algae, crustaceans (Cleistostoma algoense, Hymenosoma orbiculare, ",,"agent:opus:rfbf-v7.1"
6,"Cape stumpnose","Rhabdosargus holubi","T","Whitfield (1980) - Trophic relationships within the fish community of the Mhlanga estuary.pdf","East","High",0,,"non_kelp","not_applicable","not_applicable","juvenile","not_applicable","no","Rhabdosargus holubi was captured (Table 1) and its diet quantified (Table 3): reed-stem epiphytic filamentous algae, amphipods, insect larvae, bivalves and polychaetes, with the text noting it specialised on epiphytic items on Phragmites reed. This documents an in-scope species using non-kelp food i",,"agent:opus:rfbf-v7.1"
6,"Cape stumpnose","Rhabdosargus holubi","T","Whitfield et al. (2023) - Fishes of the Knysna Estuary.pdf","East","Medium",0,,"non_kelp","not_applicable","not_applicable","both","not_applicable","no","R. holubi is documented consuming non-kelp food across life stages: juveniles crop eelgrass and digest epiphytic diatoms in the estuary, adults crush molluscs and reef invertebrates in coastal waters. No kelp trophic link is stated or possible in this system, so this is a level-0 observed_alternativ",,"agent:opus:rfbf-v7.1"
7,"Carpenter","Argyrozona argyrozona","H","Anstett (2023) - Assessing the conservation benefit of South Africa's Bird Island Marine Protected Area to reef fishes.pdf","East","High",0,,"not_applicable","not_applicable","non-kelp","unspecified","not_applicable","no","Anstett (2023) is a primary stereo-BRUVS reef-fish survey in Algoa Bay, Eastern Cape, a warm-temperate Agulhas-ecoregion embayment east of the kelp limit; kelp is neither measured nor mentioned anywhere in the source. A. argyrozona was documented occupying sand, patch-reef and reef habitat across 49",,"agent:opus:rfbf-v7.1"
7,"Carpenter","Argyrozona argyrozona","H","Attwood et al. (2011) - Bycatch in South Africa's inshore trawl fishery as determined from observer records.pdf","East","High",0,,"not_applicable","not_applicable","non-kelp","both","not_applicable","no","Caught on the deep soft-bottom Agulhas Bank grounds, east of and below the kelp zone. Non-kelp habitat occurrence = level-0 observed_alternative (habitat). Diet not examined; trophic route unassessed.",,"agent:opus:rfbf-v7.1"
7,"Carpenter","Argyrozona argyrozona","H","Attwood et al. (2011) - Bycatch in South Africa’s inshore trawl fishery.pdf","East","High",0,,"not_applicable","not_applicable","non-kelp","unspecified","not_applicable","no","A. argyrozona was caught at 107.2 t per year (0.61%; 710 fish) on the inshore trawl grounds at 80-110 m east of the kelp limit, documenting occupancy of non-kelp soft-bottom habitat. Kelp and diet are never mentioned, so the trophic route is unassessed. Level 0 observed alternative; the sampled grou",,"agent:opus:rfbf-v7.1"
7,"Carpenter","Argyrozona argyrozona","H","Beckley and Buxton (1989) - UNDERWATER OBSERVATIONS OF REEF FISH IN AND AROUND ALGOA BAY, SOUTH AFRICA.pdf","East","Medium",0,,"not_applicable","not_applicable","non-kelp","adult","not_applicable","no","Carpenter/silverfish observed infrequently and in low numbers on Algoa Bay non-kelp rocky reef East of the kelp range. Level-0 observed_alternative on the habitat route.",,"agent:opus:rfbf-v7.1"
7,"Carpenter","Argyrozona argyrozona","H","Brouwer (2004) - Biology, population dynamics and management of Argyrozona argyrozona.pdf","East","High",0,,"not_applicable","not_applicable","non-kelp","both","not_applicable","no","The thesis documents where A. argyrozona lives using three independent primary strands: research fishing in the TNP at 20-90 m over reef (E11), including a named georeferenced reef at 36 m (E12) and an author's in situ photograph at that depth showing no kelp (E13); mark-recapture showing residency ",,"agent:opus:rfbf-v7.1"
7,"Carpenter","Argyrozona argyrozona","H","Brouwer and Buxton (2002) - Catch and effort of the shore and skiboat linefisheries along the South African Eastern Cape coast.pdf","East","Low",0,,"not_applicable","not_applicable","non-kelp","unspecified","not_applicable","no","Carpenter recorded in the Eastern Cape recreational and commercial skiboat catches, east of the kelp limit: level-0 observed_alternative, habitat route.",,"agent:opus:rfbf-v7.1"
7,"Carpenter","Argyrozona argyrozona","H","Brouwer and Griffiths (2004) - Age and growth of Argyrozona argyrozona (Pisces, Sparidae) in a marine protected area.pdf","East","Medium",0,,"not_applicable","not_applicable","non-kelp","adult","not_applicable","no","This age-and-growth methods study collected 2805 carpenter (Argyrozona argyrozona) by hook and line in the Tsitsikamma National Park (Eastern Cape, E01/E02/E03) and off Struis Bay on the central Agulhas Bank. The species is documented as a warm-temperate rocky-reef fish occupying reef in the TNP, a ",,"agent:opus:rfbf-v7.1"
7,"Carpenter","Argyrozona argyrozona","H","Brouwer and Griffiths (2004) - Argyrozona argyrozona.pdf","East","Medium",0,,"not_applicable","not_applicable","non-kelp","both","not_applicable","no","Brouwer and Griffiths collected 2328 carpenter by hook and line in the Tsitsikamma National Park between March 1996 and June 1999 (E01), captured and released a further 921 tagged individuals there (E08), took 477 more off Struis Bay on the central Agulhas Bank in April 2000 (E01), and obtained fish",,"agent:opus:rfbf-v7.1"
7,"Carpenter","Argyrozona argyrozona","H","Brouwer and Griffiths (2005) - Stock separation and life history of Argyrozona argyrozona on the South African east coast.pdf","East","High",0,,"not_applicable","not_applicable","non-kelp","both","not_applicable","no","The source never mentions kelp. An exhaustive search of the complete text companion returned zero occurrences of kelp, Ecklonia, Laminaria, macroalga, alga, seaweed, canopy, holdfast, drift, diet, prey, food, forage, trophic, shelter or refuge, and inspection of all 11 rendered pages, all 11 figures",,"agent:opus:rfbf-v7.1"
7,"Carpenter","Argyrozona argyrozona","H","Brouwer and Griffiths (2005) - Stock separation and life history of Argyrozona argyrozona on the South African east coast.pdf","West","Medium",0,,"not_applicable","not_applicable","non-kelp","unspecified","not_applicable","yes","This record carries the source's western signal, which is separable from R01 by evidence base and locality and so is coded on its own rather than by collapsing both into region 'Both'. Figure 3 is the source's own analysis of National Marine Linefish System catch and effort, in which each record is ",,"agent:opus:rfbf-v7.1"
7,"Carpenter","Argyrozona argyrozona","H","Brouwer and Griffiths (2005a) - Argyrozona argyrozona.pdf","East","High",0,,"not_applicable","not_applicable","non-kelp","both","not_applicable","no","This is a primary stock-separation and life-history study of Argyrozona argyrozona on the Agulhas Bank, from Cape Agulhas east to East London (title: 'on the South African east coast'). Searching the complete text companion for kelp, Ecklonia, macroalgae, seaweed, algae, holdfast, canopy and urchin ",,"agent:opus:rfbf-v7.1"
7,"Carpenter","Argyrozona argyrozona","H","Brouwer and Griffiths (2005b) - Argyrozona argyrozona.pdf","East","Medium",0,,"not_applicable","not_applicable","non-kelp","both","not_applicable","no","The source is a three-year handline catch study of Argyrozona argyrozona conducted entirely within the Tsitsikamma National Park, which Figure 1 places at ca. 23 deg 40 min to 24 deg 00 min E, far east of Cape Agulhas and so beyond the eastern kelp limit (region East). Fish were taken at 20-90 m dep",,"agent:opus:rfbf-v7.1"
7,"Carpenter","Argyrozona argyrozona","H","Brouwer and Griffiths (2005c) - Argyrozona argyrozona.pdf","East","Low",0,,"not_applicable","not_applicable","non-kelp","unspecified","not_applicable","yes","This is a sampling-design and ageing-methodology study. Exhaustive searching of the text companion returned no occurrence of kelp, Ecklonia, Laminaria, Macrocystis, seaweed, alga, macroalga, holdfast, frond, stipe, canopy or forest, and no occurrence of diet, stomach, gut, prey, feed, forage, trophi",,"agent:opus:rfbf-v7.1"
7,"Carpenter","Argyrozona argyrozona","H","Brouwer and Griffiths (2006) - Argyrozona argyrozona.pdf","East","Medium",0,,"not_applicable","not_applicable","non-kelp","both","not_applicable","no","Level 0, observed alternative, on the habitat route. This is a per-recruit stock assessment of carpenter on the Agulhas Bank; the source's own sampling documents the species occupying named Agulhas Bank line- and trawl-fishing grounds between Cape Agulhas and Port Alfred over 1986-2001 (E02, E05, E0",,"agent:opus:rfbf-v7.1"
7,"Carpenter","Argyrozona argyrozona","H","Button (2018) - Remotely operated vehicle exploring ichthyofauna association with habitat from shore-shelf, in an endemism hotspot in South Africa.pdf","East","Low",0,,"not_applicable","not_applicable","non-kelp","unspecified","not_applicable","no","ROV census off the Kei River mouth (East of the kelp limit) recorded carpenter (Argyrozona argyrozona) in 16% of 58 grid cells (median MaxN 2, max 9) on non-kelp shelf habitat. Documented occupancy of non-kelp habitat gives a level-0 observed_alternative on the habitat route; kelp absent and unasses",,"agent:opus:rfbf-v7.1"
7,"Carpenter","Argyrozona argyrozona","H","Button et al. (2021) - mesophotic fish and associated habitats across the continental shelf of the Amathole region.pdf","East","Low",0,,"not_applicable","not_applicable","non-kelp","unspecified","not_applicable","yes","The source names Argyrozona argyrozona once, in the Discussion, among the sparids whose abundance the study revealed (p. 4). This is the authors' summary of their own ROV survey result and is linkable to the MaxN Methods, so the protocol treats it as primary rather than as a citation lead. It establ",,"agent:opus:rfbf-v7.1"
7,"Carpenter","Argyrozona argyrozona","H","Buxton and Clarke (1985) - Age, growth and feeding of the blue hottentot Pachymetopon aeneum with notes on reproductive biology.pdf","East","Low",0,,"not_applicable","not_applicable","non-kelp","unspecified","not_applicable","no","This is a catch record with habitat context: the authors report that their line catches of large P. aeneum at 40-100 m off Port Elizabeth were usually accompanied by A. argyrozona (E24), within the Eastern Cape study area mapped in Figure 1 (E25). The species is therefore recorded in a non-kelp habi",,"agent:opus:rfbf-v7.1"
7,"Carpenter","Argyrozona argyrozona","H","Buxton et al. (1984) - Inshore small mesh trawling survey of the Cape south coast. Part 4. Contributions to the biology of some teleostei and Chondrichthyes.pdf","East","Medium",0,,"not_applicable","not_applicable","non-kelp","juvenile","not_applicable","no","A. argyrozona was trawled over south-coast reefs and soft substrates outside the kelp range; a non-kelp habitat observation. Level-0 observed_alternative, East.",,"agent:opus:rfbf-v7.1"
7,"Carpenter","Argyrozona argyrozona","H","Cliff (1983) - Early colonization by fish of an artifical reef in false bay.pdf","West","Medium",0,,"not_applicable","not_applicable","non-kelp","juvenile","not_applicable","no","Argyrozona argyrozona (silverfish/carpenter) colonised the kelp-free artificial reefs in False Bay (West), reaching ~40 above the Transvaal reef and being the most abundant species on the older Rockeater reef. An in-scope species on non-kelp structure; level-0 observed_alternative on the habitat rou",,"agent:opus:rfbf-v7.1"
7,"Carpenter","Argyrozona argyrozona","H","Cottrant (2024) - Assessing conservation measures for five southern African endemic shark species.pdf","West","Low",0,,"not_applicable","not_applicable","non-kelp","unspecified","not_applicable","no","Recorded on baited remote underwater video in Walker Bay across a kelp/reef/sand survey (Table 2, Carpenter). Presence documented but substrate not resolved. Coded Level-0 observed-alternative.",,"agent:opus:rfbf-v7.1"
7,"Carpenter","Argyrozona argyrozona","H","Currie (2017) - Historical baselines and a century of change in the demersal fish assemblages on South Africa's Agulhas Bank.pdf","East","High",0,,"not_applicable","not_applicable","non-kelp","unspecified","not_applicable","no","Carpenter, a reef-associated bentho-pelagic sparid, caught in demersal trawls on the offshore Agulhas Bank grounds (Table 8, historical median 23.78 declining to 0.1%). Documents occupancy of a non-kelp continental-shelf habitat = level-0 observed_alternative (habitat route). No diet data; trophic r",,"agent:opus:rfbf-v7.1"
7,"Carpenter","Argyrozona argyrozona","H","Dando (2020) - Underwater video survey and community structure of ichthyofauna in South Africa.pdf","West","Medium",0,,"not_applicable","not_applicable","non-kelp","unspecified","not_applicable","no","BRUV survey; Argyrozona argyrozona (carpenter) was recorded in the Betty's Bay kelp MPA (Table 13) and significantly associated with it (Table 21, IV=0.28, p=0.005), with its named habitat association being deep water (a non-kelp setting; kelp is shallow). Kelp not isolated. Route H, level 0 observe",,"agent:opus:rfbf-v7.1"
7,"Carpenter","Argyrozona argyrozona","H","Dopolo et al. (2013) - Line Fish conference paper.pdf","Both","Low",0,,"not_applicable","not_applicable","non-kelp","unspecified","not_applicable","no","Carpenter caught by shore anglers adjacent to Agulhas NP (n=1); catch record with no kelp or diet observation. Level-0 observed_alternative on the habitat route. Region Both (ANP straddles the kelp limit).",,"agent:opus:rfbf-v7.1"
7,"Carpenter","Argyrozona argyrozona","H","Dyer (2018) - The role of ecological processes in structuring reef fish communities in the Agulhas ecoregion South Africa.pdf","East","High",0,,"not_applicable","not_applicable","non-kelp","unspecified","not_applicable","no","Recorded on rocky reef via stereo-BRUVs at all four reefs in the Agulhas Ecoregion, east of the eastern kelp limit. Occupancy of non-kelp rocky-reef habitat; no kelp action observed and diet not examined. Level-0 observed_alternative on the habitat route.",,"agent:opus:rfbf-v7.1"
7,"Carpenter","Argyrozona argyrozona","H","Fennessy et al. (2003) - An assessment of the recreational and commercial skiboat fishery in the Transkei.pdf","East","Medium",0,,"not_applicable","not_applicable","non-kelp","unspecified","not_applicable","no","Carpenter was retained in the southern Transkei reef fishery (Coffee Bay, Kei Mouth), east of the kelp limit; no kelp mentioned. Documented non-kelp reef occurrence. Level-0 observed_alternative, habitat route; trophic route unassessed.",,"agent:opus:rfbf-v7.1"
7,"Carpenter","Argyrozona argyrozona","H","Gonzalez (2024) - Baited remote underwater video surveys report, Stilbaai Marine Protected Area (2013-2016).pdf","East","Medium",0,,"not_applicable","not_applicable","non-kelp","unspecified","not_applicable","no","Argyrozona argyrozona was recorded by baited remote underwater video in the Stilbaai MPA (Table 3; present in 2013, 2014, 2015, 2016 per Table 4). Stilbaai lies on the warm-temperate south coast east of Cape Agulhas/De Hoop, beyond the eastern range limit of Ecklonia maxima, and the report explicitl",,"agent:opus:rfbf-v7.1"
7,"Carpenter","Argyrozona argyrozona","H","Gotz et al. (2009) - Effects of fishing on a temperate reef community in South Africa 1, ichthyofauna.pdf","East","Low",0,,"not_applicable","not_applicable","non-kelp","unspecified","not_applicable","no","Carpenter was recorded (n=1) by angling at Goukamma reef sites in the East region, a non-kelp locality; kelp neither measured nor mentioned: Level 0 observed alternative on the habitat route. Single capture, hence Low specificity.",,"agent:opus:rfbf-v7.1"
7,"Carpenter","Argyrozona argyrozona","H","Götz et al. (2009) - fishing on a temperate reef community in South Africa 1- ichthyofauna.pdf","East","Low",0,,"not_applicable","not_applicable","non-kelp","unspecified","not_applicable","no","Argyrozona argyrozona was recorded on warm-temperate rocky reef at the Goukamma MPA study area (south-east coast, near Knysna), which lies east of the Cape Agulhas kelp limit and outside the Ecklonia maxima range. The survey (standardised angling over rocky substrate) documents the species occupying",,"agent:opus:rfbf-v7.1"
7,"Carpenter","Argyrozona argyrozona","H","Götz et al. (2014) - An exploratory investigation of the fish communities associated with reefs on the central Agulhas Bank, South Africa.pdf","East","Medium",0,,"not_applicable","not_applicable","non-kelp","unspecified","not_applicable","no","Caught (dominant linefishing species) over non-kelp hard-substrate reef on the central Agulhas Bank (East, beyond the eastern kelp limit; Table 2). Level-0 observed_alternative on the habitat route. Kelp not present/measured; baited-gear capture is not diet evidence, so no trophic record.",,"agent:opus:rfbf-v7.1"
7,"Carpenter","Argyrozona argyrozona","H","Gray et al. (2007) - On the feasibility of a directed trap-fishery for panga Pterogymnus laniarius Sparidae in South Africa.pdf","East","Medium",0,,"not_applicable","not_applicable","non-kelp","unspecified","not_applicable","no","Carpenter was caught demersally (126 fish, 10% of catch) at 20-99 m, most abundant in the 60-79 m stratum and on hard/reef substrata off the Eastern Cape, east of the kelp range. Observed occurrence in a non-kelp demersal habitat (observed alternative, level 0, habitat route). No diet data; trophic ",,"agent:opus:rfbf-v7.1"
7,"Carpenter","Argyrozona argyrozona","H","Griffiths (2000) - Long-term trends in catch and effort of commercial linefish off South Africa's Cape Province.pdf","West","Medium",0,,"not_applicable","not_applicable","non-kelp","unspecified","not_applicable","no","Commercial catch documents carpenter in the South-Western Cape (West/kelp coast) on inshore reef and offshore banks. Non-kelp habitat occurrence; kelp not measured or mentioned. Level-0 observed_alternative, habitat route.",,"agent:opus:rfbf-v7.1"
7,"Carpenter","Argyrozona argyrozona","H","Griffiths & Wilke (2002)-Long term movement patterns of five temperate reef fishes.pdf","East","Medium",0,,"not_applicable","not_applicable","non-kelp","both","not_applicable","no","A. argyrozona (carpenter) is documented occupying non-kelp reef on the central and western Agulhas Bank, east of the kelp limit: inshore juveniles (<50 m) and offshore adults on high-profile reef banks (50-90 m). Catch study with habitat context on non-kelp habitat; level-0 observed_alternative on t",,"agent:opus:rfbf-v7.1"
7,"Carpenter","Argyrozona argyrozona","H","Hecht and Tilney (1989) - The Port Alfred fishery.pdf","East","Medium",0,,"not_applicable","not_applicable","non-kelp","both","not_applicable","no","Carpenter is a principal species of the east-coast offshore reef/bank fishery, with larger fish taken on deeper banks (>80 m); observed in a non-kelp habitat with no kelp link, giving a level-0 observed_alternative habitat record.",,"agent:opus:rfbf-v7.1"
7,"Carpenter","Argyrozona argyrozona","H","Heyns-Veale et al. (2019) - Community-wide effects of protection reveal insights into marine protected area effectiveness for reef fish.pdf","Both","Medium",0,,"not_applicable","not_applicable","non-kelp","unspecified","not_applicable","no","Carpenter recorded on non-kelp reef via stereo-BRUVs at four eastern/kelp-edge MPAs; kelp not measured or mentioned. Level-0 observed_alternative on the habitat route. Trophic route unassessed. Region 'Both'.",,"agent:opus:rfbf-v7.1"
7,"Carpenter","Argyrozona argyrozona","H","Heyns‑Veale et al. (2016) - Depth and habitat determine assemblage structure of South Africa’s warm‑temperate reef fish.pdf","East","High",0,,"not_applicable","not_applicable","non-kelp","both","not_applicable","no","A baited stereo-video survey recorded Argyrozona argyrozona in the Tsitsikamma National Park MPA, east of the eastern limit of Ecklonia maxima. The species was restricted to the deep reef site and most strongly associated with habitat D (56-75 m), a sponge-dominated aphotic habitat with no algae amo",,"agent:opus:rfbf-v7.1"
7,"Carpenter","Argyrozona argyrozona","H","Lechanteur and Griffiths (2001) - Fish associated with artificial reefs in False Bay, South Africa, a preliminary survey.pdf","West","High",0,,"not_applicable","not_applicable","non-kelp","unspecified","not_applicable","no","Carpenter was recorded on the deep-water Rockeater wreck (7 fishes) in False Bay, occupying non-kelp artificial-reef structure. Kelp not measured. Level-0 observed_alternative, habitat route.",,"agent:opus:rfbf-v7.1"
7,"Carpenter","Argyrozona argyrozona","H","Mann et al. (2024) - Fish, fishers and the future, Proceedings of the 6th Southern African Marine Linefish Symposium.pdf","East","Medium",0,,"not_applicable","not_applicable","non-kelp","adult","not_applicable","no","Trawl species-association analysis places carpenter on low-profile sandstone reef on the central Agulhas Bank. Non-kelp reef occupancy east of the kelp limit with no kelp reference = level-0 observed_alternative (habitat). East region.",,"agent:opus:rfbf-v7.1"
7,"Carpenter","Argyrozona argyrozona","H","Reed et al. (2017) - Analysis of bycatch in the South African midwater trawl fishery for horse mackerel Trachurus capensis based on observer data.pdf","East","Medium",0,,"not_applicable","not_applicable","non-kelp","unspecified","not_applicable","no","Argyrozona argyrozona (carpenter), a deep-reef line-fishery sparid, is recorded as bycatch in the offshore Agulhas Bank midwater trawl (50–300 m), a non-kelp habitat. Documented non-kelp occurrence: habitat-route level-0 observed_alternative. Level 0.",,"agent:opus:rfbf-v7.1"
7,"Carpenter","Argyrozona argyrozona","H","Roberson et al. (2015) - First survey of fishes in Betty's bay along South Africa s temperate south west coast.pdf","West","High",1,,"not_applicable","not_applicable","not_applicable","unspecified","within","no","Predicted MaxN of A. argyrozona is greatest in kelp (Fig 5d), documenting kelp-forest occurrence (Level 1). The habitat abundance contrast does not establish Selection and no structural action is documented; the authors note this species is typically a deep-reef species, so the record stays at Level",,"agent:opus:rfbf-v7.1"
7,"Carpenter","Argyrozona argyrozona","H","Scott (1949) - Otter-trawl fisheries of South Africa.pdf","Both","Medium",0,,"not_applicable","not_applicable","non-kelp","unspecified","not_applicable","no","Silverfish (carpenter) is caught on the Cape Hangklip Ground (40–70 fathoms) and the deep Agulhas Bank grounds, non-kelp mud bottoms. Level-0 observed_alternative habitat record.",,"agent:opus:rfbf-v7.1"
7,"Carpenter","Argyrozona argyrozona","H","Smale and Badenhorst (1991) - The distribution and abundance of linefish and secondary trawlfish on the Cape south coast of South Africa 1986 1990.pdf","East","Medium",0,,"not_applicable","not_applicable","non-kelp","both","not_applicable","no","Silverfish/carpenter were recorded over the Agulhas Bank (44-162 m) in the East region, with the source's own station-level evidence (associated sponge/soft-coral fauna, net damage) documenting occupancy of reef/rocky non-kelp habitat. No kelp is measured or mentioned and no diet is analysed; this i",,"agent:opus:rfbf-v7.1"
7,"Carpenter","Argyrozona argyrozona","H","Smale and Badenhorst (1999) - linefish and secondary trawlfish on the Cape south coast.pdf","East","High",0,,"not_applicable","not_applicable","non-kelp","both","not_applicable","no","Carpenter (silverfish) were caught across the eastern Agulhas Bank (East region) at 44-162 m and observed primarily in reef and low-relief rocky habitat, evidenced at most stations by associated sponges, soft corals and net damage, and confirmed as a reef preference during the surveys. Reef is a non",,"agent:opus:rfbf-v7.1"
7,"Carpenter","Argyrozona argyrozona","H","Smale and Buxton (1985) - recreational ski-boat fishery off the Eastern Cape.pdf","East","Medium",0,,"not_applicable","not_applicable","non-kelp","unspecified","not_applicable","no","Carpenter is a principal, quantified sparid in the Algoa Bay catch, east of the kelp limit; the catch documents occurrence in a non-kelp reef/offshore setting, a level-0 observed alternative. No diet data; trophic route unassessed.",,"agent:opus:rfbf-v7.1"
7,"Carpenter","Argyrozona argyrozona","H","Smale et al. (1993) - Analysis of the demersal community of fish and cephalopods on the Agulhas Bank, South Africa.pdf","East","Low",0,,"not_applicable","not_applicable","non-kelp","unspecified","not_applicable","no","Carpenter taken in Agulhas Bank demersal trawls (Appendix 1); occurrence in non-kelp shelf/reef habitat east of the kelp limit. Level-0 observed_alternative on the habitat route.",,"agent:opus:rfbf-v7.1"
7,"Carpenter","Argyrozona argyrozona","H","Sowman (1984) - An assessment of recreational carrying capacity at Infanta, South Cape.pdf","East","Medium",0,,"not_applicable","not_applicable","non-kelp","unspecified","not_applicable","no","Table 11 (primary Easter-1984 ski-boat catch, St Sebastian Bay) records 13 Argyrozona argyrozona (12.0 kg). The locality lies east of the eastern kelp limit and no kelp occurs or is mentioned; the species is documented occupying a non-kelp East-coast marine habitat. No trophic or kelp-structural obs",,"agent:opus:rfbf-v7.1"
7,"Carpenter","Argyrozona argyrozona","H","Sparks and Immelman (2020) - Microplastics in offshore fish from the Agulhas Bank, South Africa.pdf","East","Medium",0,,"not_applicable","not_applicable","non-kelp","adult","not_applicable","no","Argyrozona argyrozona (carpenter) was trawled at an offshore Agulhas Bank site (34°46.8′S 024°03.9′E, East region) at 50–200 m depth in April–June 2019. This primary catch observation documents an adult (55 cm) occupying a benthopelagic offshore (non-kelp) habitat, coded level-0 observed_alternative",,"agent:opus:rfbf-v7.1"
7,"Carpenter","Argyrozona argyrozona","H","Wallace et al. (1984) - Inshore small-mesh trawling survey of the Cape south coast. Part 1. Introduction, methods, stations and catches.pdf","East","Medium",0,,"not_applicable","not_applicable","non-kelp","unspecified","not_applicable","no","Carpenter taken in the soft-bottom trawl survey east of the kelp coast; non-kelp habitat occurrence. Level 0 observed_alternative on the habitat route.",,"agent:opus:rfbf-v7.1"
7,"Carpenter","Argyrozona argyrozona","H","Winker et al. (2013).pdf","Both","Medium",0,,"not_applicable","not_applicable","non-kelp","adult","not_applicable","no","The source documents carpenter caught throughout the offshore south-coast hand-line fishery and characterises it as a reef-associated species concentrated offshore on the central Agulhas Bank (own spatial analysis, Fig. 1a). This is a documented observation of an in-scope species occupying non-kelp ",,"agent:opus:rfbf-v7.1"
7,"Carpenter","Argyrozona argyrozona","H","Winker et al. (2017) - Argyrozona argyrozona.pdf","Both","Medium",0,,"not_applicable","not_applicable","non-kelp","unspecified","not_applicable","no","The source is a JABBA-Select stock assessment of carpenter based on 1987-2015 commercial linefish and trawl catch and standardized CPUE. It documents the in-scope species occupying a non-kelp habitat (reefs 'on or above reefs off the South Coast of South Africa' / Agulhas Bank) at its sampled place ",,"agent:opus:rfbf-v7.1"
7,"Carpenter","Argyrozona argyrozona","T","Brouwer (2004) - Biology, population dynamics and management of Argyrozona argyrozona.pdf","East","Medium",0,,"non_kelp","outside","not_applicable","both","not_applicable","no","The thesis reports an original gravimetric stomach-content analysis of A. argyrozona (E02), sampled across the Agulhas Bank during the 1998 and 1999 spawning seasons (E01), with results given in prose (E03) and in two visually verified figures (E04, E05). Every prey category recorded, across four ar",,"agent:opus:rfbf-v7.1"
7,"Carpenter","Argyrozona argyrozona","T","Buxton et al. (1984) - Inshore small mesh trawling survey of the Cape south coast. Part 4. Contributions to the biology of some teleostei and Chondrichthyes.pdf","East","High",0,,"non_kelp","outside","not_applicable","juvenile","not_applicable","no","A. argyrozona (small/juvenile fish) diet (Table 4, verified) is mysid-dominated with macrura and octopus, a non-kelp diet at a south-coast reef/soft-substrate site outside the kelp range. Level-0 observed_alternative, trophic non_kelp, East. Large-fish diet (Nepgen 1977) is a citation lead.",,"agent:opus:rfbf-v7.1"
7,"Carpenter","Argyrozona argyrozona","T","Cliff (1983) - Early colonization by fish of an artifical reef in false bay.pdf","West","Low",0,,"non_kelp","not_applicable","not_applicable","juvenile","not_applicable","no","Two A. argyrozona stomachs from the kelp-free artificial reef (one empty, one with amphipods and unidentifiable crustacean/teleost remains) document a non-kelp diet at this site. A primary but small-sample trophic observation of non-kelp prey; level-0 observed_alternative on the trophic route (t_pat",,"agent:opus:rfbf-v7.1"
7,"Carpenter","Argyrozona argyrozona","T","Sauer and Smale (1991) - Predation patterns on squid Loligo vulgaris reynaudll.pdf","East","Medium",0,,"non_kelp","outside","not_applicable","unspecified","not_applicable","no","Two Argyrozona argyrozona caught by handline on the south-eastern Cape spawning grounds (Table IIc, p. 522), east of the eastern kelp limit, contained only Loligo vulgaris reynaudii. Squid is a non-kelp food and the source never links it to a kelp food web; kelp is never measured or mentioned as foo",,"agent:opus:rfbf-v7.1"
8,"Common smooth-hound shark","Mustelus mustelus","H","Albano (2020) - Evaluating the efficacy of a marine reserve for threatened and endemic sharks off South Africa.pdf","East","Medium",0,,"not_applicable","not_applicable","non-kelp","both","not_applicable","no","Smooth houndshark (in scope) occurred on BRUVS at De Hoop (East region), both adults and juveniles, associated at the pooled trophic-group level with sand habitat. This is a level-0 observed_alternative habitat record of an in-scope species over non-kelp habitat. Kelp not assessed; the intro stateme",,"agent:opus:rfbf-v7.1"
8,"Common smooth-hound shark","Mustelus mustelus","H","Albano et al. (2021) - Successful parks for sharks, no-take marine reserve provides conservation benefits to endemic and threatened sharks off South Africa.pdf","East","Medium",0,,"not_applicable","not_applicable","non-kelp","both","not_applicable","no","M. mustelus (adults and juveniles) was recorded on baited video at De Hoop, east of the kelp limit, and was more abundant on sand (a non-kelp substratum). Kelp was not measured and diet was not studied. Documented use of non-kelp habitat is a level-0 observed_alternative on the habitat route; the tr",,"agent:opus:rfbf-v7.1"
8,"Common smooth-hound shark","Mustelus mustelus","H","Atkinson et al. (2011) - Changes in demersal fish assemblages on the west coast of South Africa, 1986-2009.pdf","West","Medium",0,,"not_applicable","not_applicable","non-kelp","unspecified","not_applicable","no","Mustelus mustelus (smooth houndshark) appears as a quantified top-10 SIMPER species in the Group 1 (1986–1992) vs Group 2 year-group comparison (Fig 7, p167, visually verified), i.e. it was caught in the offshore demersal trawl survey on the west-coast shelf (soft-bottom, 100–500 m), a non-kelp habi",,"agent:opus:rfbf-v7.1"
8,"Common smooth-hound shark","Mustelus mustelus","H","Attwood et al. (2011) - Bycatch in South Africa's inshore trawl fishery as determined from observer records.pdf","East","High",0,,"not_applicable","not_applicable","non-kelp","unspecified","not_applicable","no","Caught on the deep soft-bottom Agulhas Bank grounds, explicitly a soft-bottom-associated taxon, east of and below the kelp zone. Non-kelp habitat occurrence = level-0 observed_alternative (habitat). Diet not examined; trophic route unassessed.",,"agent:opus:rfbf-v7.1"
8,"Common smooth-hound shark","Mustelus mustelus","H","Attwood et al. (2011) - Bycatch in South Africa’s inshore trawl fishery.pdf","East","High",0,,"not_applicable","not_applicable","non-kelp","unspecified","not_applicable","yes","Mustelus mustelus is resolved to species only in Table 6, where 81 unsorted and 28 discard fish were weighed (mean 3.61 kg, TL 1001 mm), establishing that the species was caught on the inshore trawl grounds at 80-110 m east of the kelp limit. That documents occupancy of non-kelp soft-bottom habitat.",,"agent:opus:rfbf-v7.1"
8,"Common smooth-hound shark","Mustelus mustelus","H","Attwood et al. (2013) - the Proceedings of the 4th Linefish symposium.pdf","West","Low",0,,"not_applicable","not_applicable","non-kelp","both","not_applicable","no","Telemetry tracks Mustelus mustelus as a benthic species in the Langebaan/Saldanha embayment on the West kelp coast (and False Bay Table 2 lists it demersal); kelp is never mentioned, a level-0 habitat observed alternative (non-kelp benthic/lagoon).",,"agent:opus:rfbf-v7.1"
8,"Common smooth-hound shark","Mustelus mustelus","H","Best et al. (2013) - Chondrichthyan occurrence and abundance trends in False Bay, South Africa, spanning a century of catch and survey records.pdf","West","Medium",0,,"not_applicable","not_applicable","non-kelp","unspecified","not_applicable","no","Recorded in False Bay (West) as the second most commonly caught chondrichthyan; Table 3 assigns primary habitat = Demersal, a non-kelp habitat. Kelp neither measured nor mentioned. Catch study with habitat context -> level-0 observed_alternative on the habitat route. Trophic route unassessed here: t",,"agent:opus:rfbf-v7.1"
8,"Common smooth-hound shark","Mustelus mustelus","H","Bitalo et al (2019)-Differential gene flow patterns for two commercially exploited shark species Galeorhinus galeus and Mustelus mustelus along the south west coast of SA.pdf","Both","Low",0,,"not_applicable","not_applicable","non-kelp","adult","not_applicable","yes","The source is a microsatellite gene-flow study; kelp is never mentioned. Its primary observation is occurrence/capture of adult M. mustelus at named coastal SW Cape localities (Table 1, Fig. 1), including the sandy Langebaan Lagoon and other non-kelp coastal settings. Following v7 guidance, a catch/",,"agent:opus:rfbf-v7.1"
8,"Common smooth-hound shark","Mustelus mustelus","H","Brouwer and Buxton (2002) - Catch and effort of the shore and skiboat linefisheries along the South African Eastern Cape coast.pdf","East","Low",0,,"not_applicable","not_applicable","non-kelp","unspecified","not_applicable","no","Smooth houndshark recorded across all three Eastern Cape sectors, east of the kelp limit: level-0 observed_alternative, habitat route.",,"agent:opus:rfbf-v7.1"
8,"Common smooth-hound shark","Mustelus mustelus","H","Bullock et al. (2021) - A decade of surf-zone linefish monitoring in the Dwesa-Cwebe Marine Protected Area.pdf","East","Low",0,,"not_applicable","not_applicable","non-kelp","unspecified","not_applicable","no","One smoothhound shark was captured in the Dwesa-Cwebe MPA surf zone on the Eastern Cape east coast, beyond the eastern kelp limit. Observed occupying non-kelp East-coast habitat with no kelp or diet data: level-0 habitat observed_alternative. Trophic route unassessed.",,"agent:opus:rfbf-v7.1"
8,"Common smooth-hound shark","Mustelus mustelus","H","Button (2018) - Remotely operated vehicle exploring ichthyofauna association with habitat from shore-shelf, in an endemism hotspot in South Africa.pdf","East","Low",0,,"not_applicable","not_applicable","non-kelp","unspecified","not_applicable","no","ROV census off the Kei River mouth (East of the kelp limit) recorded smoothhound shark (Mustelus mustelus) in 3% of 58 grid cells over non-kelp shelf habitat. Documented occupancy of non-kelp habitat gives a level-0 observed_alternative on the habitat route; kelp absent and unassessed. No trophic da",,"agent:opus:rfbf-v7.1"
8,"Common smooth-hound shark","Mustelus mustelus","H","Clarke (1988) - Biological aspects of Sparodon durbanensis and Pachymetopon grande.pdf","East","Low",0,,"not_applicable","not_applicable","non-kelp","unspecified","not_applicable","no","Mustelus mustelus (smooth houndshark, n=6) is landed in the study's Port Elizabeth inshore rock-angling catch survey, an Eastern Cape fishery east of the kelp limit. Documented occurrence in the non-kelp inshore zone; kelp never mentioned. Level-0 observed_alternative on the habitat route.",,"agent:opus:rfbf-v7.1"
8,"Common smooth-hound shark","Mustelus mustelus","H","Cortelezzi et al. (2022) - Conservation benefits of a marine protected area on South African chondrichthyans.pdf","East","High",0,,"not_applicable","not_applicable","non-kelp","both","not_applicable","no","Stereo-BRUV survey recorded M. mustelus as the dominant species over sand and rocky-reef habitat in Plettenberg Bay (Robberg MPA), which is in the warm temperate Agulhas ecoregion east of the Ecklonia maxima kelp limit near Cape Agulhas/De Hoop (East region). This is a documented occupation of non-k",,"agent:opus:rfbf-v7.1"
8,"Common smooth-hound shark","Mustelus mustelus","H","Cottrant (2024) - Assessing conservation measures for five southern African endemic shark species.pdf","West","Low",0,,"not_applicable","not_applicable","non-kelp","unspecified","not_applicable","no","Recorded on baited remote underwater video in Walker Bay across a kelp/reef/sand survey (Table 1); presence documented but substrate not resolved. Coded Level-0 observed-alternative.",,"agent:opus:rfbf-v7.1"
8,"Common smooth-hound shark","Mustelus mustelus","H","Currie (2017) - Historical baselines and a century of change in the demersal fish assemblages on South Africa's Agulhas Bank.pdf","East","High",0,,"not_applicable","not_applicable","non-kelp","unspecified","not_applicable","no","Smooth-hound modelled from DAFF demersal trawl catches on the offshore Agulhas Bank shelf (Table 10). Documents occupancy of a non-kelp continental-shelf habitat = level-0 observed_alternative (habitat route). No diet data; trophic route unassessed.",,"agent:opus:rfbf-v7.1"
8,"Common smooth-hound shark","Mustelus mustelus","H","De Vos et al. (2014) - Optimal BRUVs survey design for reef fish monitoring in the Stilbaai Marine Protected Area.pdf","East","High",0,,"not_applicable","not_applicable","non-kelp","unspecified","not_applicable","no","Recorded at 23 of 29 BRUVs sites on non-kelp sandstone reef at Stilbaai, east of the kelp limit. No kelp present or measured; a level-0 observed_alternative on the habitat route. Feeding guild is secondary; trophic route unassessed.",,"agent:opus:rfbf-v7.1"
8,"Common smooth-hound shark","Mustelus mustelus","H","De Vos et al. (2015) - Baited remote underwater video system survey of chondrichthyan diversity in False Bay, South Africa.pdf","West","High",0,,"not_applicable","not_applicable","non-kelp","unspecified","not_applicable","no","Mustelus mustelus was the most frequently recorded in-scope species (14 winter, 30 summer deployments) and Table 3 identifies it as a dominant species of sand habitat, common on sand and rare on reef. Both classes are non-kelp, making this a level-0 observed_alternative on the habitat route with an ",,"agent:opus:rfbf-v7.1"
8,"Common smooth-hound shark","Mustelus mustelus","H","Dicken (2010) - The ichthyofauna in the Port of Ngqura, South Africa.pdf","East","Medium",0,,"not_applicable","not_applicable","non-kelp","both","not_applicable","no","Smooth houndshark caught at the dolosse and quay-wall (non-kelp) habitats of the port in Algoa Bay, east of the kelp limit; mix of life stages. Level-0 observed_alternative on the habitat route.",,"agent:opus:rfbf-v7.1"
8,"Common smooth-hound shark","Mustelus mustelus","H","Dunlop and Mann (2012) - An assessment of participation, catch and effort in the KwaZulu-Natal shore-based marine linefishery, with comments on management effectiveness.pdf","East","Medium",0,,"not_applicable","not_applicable","non-kelp","unspecified","not_applicable","no","Mustelus mustelus (smooth houndshark) was caught (4) in the KZN (East) non-kelp shore fishery. Documented occurrence in non-kelp east-coast habitat = level-0 observed_alternative (habitat route). No diet or kelp data.",,"agent:opus:rfbf-v7.1"
8,"Common smooth-hound shark","Mustelus mustelus","H","Dyer (2018) - The role of ecological processes in structuring reef fish communities in the Agulhas ecoregion South Africa.pdf","East","High",0,,"not_applicable","not_applicable","non-kelp","unspecified","not_applicable","no","Recorded on rocky reef via stereo-BRUVs at all four reefs in the Agulhas Ecoregion, east of the eastern kelp limit. Occupancy of non-kelp rocky-reef habitat; no kelp action observed and diet not examined. Level-0 observed_alternative on the habitat route.",,"agent:opus:rfbf-v7.1"
8,"Common smooth-hound shark","Mustelus mustelus","H","Elston and Murray (2024) - Multi-method approach identifies a South African estuary as an important elasmobranch habitat and potential nursery ground.pdf","East","Medium",0,,"not_applicable","not_applicable","non-kelp","unspecified","not_applicable","no","Mustelus mustelus (smoothhound shark) was recorded in the Keurbooms Estuary (30 individuals, forming large summer aggregations), only in deeper subtidal sandy estuarine habitat at 1.8-2.5 m depth. The estuary is east of the kelp limit and contains no kelp; kelp is not measured or mentioned. This doc",,"agent:opus:rfbf-v7.1"
8,"Common smooth-hound shark","Mustelus mustelus","H","Gibbons et al. (2002) - Habitat use by demersal nekton on the continental shelf in the Benguela ecosystem, southern Africa.pdf","West","Low",0,,"not_applicable","not_applicable","non-kelp","unspecified","not_applicable","no","Mustelus mustelus (smooth houndshark) was observed once on video in the demersal mid-shelf environment at 100-140 m (Table 2, marked as seen once only), far below the kelp zone; kelp is not present or mentioned. This single documented sighting of an in-scope species in non-kelp habitat is a level-0 ",,"agent:opus:rfbf-v7.1"
8,"Common smooth-hound shark","Mustelus mustelus","H","Gonzalez (2024) - Baited remote underwater video surveys report, Stilbaai Marine Protected Area (2013-2016).pdf","East","Medium",0,,"not_applicable","not_applicable","non-kelp","unspecified","not_applicable","no","Mustelus mustelus was recorded by baited remote underwater video in the Stilbaai MPA (Table 3; present in 2013, 2014, 2015, 2016 per Table 4) and was the most frequently recorded triakid. Stilbaai lies on the warm-temperate south coast east of Cape Agulhas/De Hoop, beyond the eastern range limit of ",,"agent:opus:rfbf-v7.1"
8,"Common smooth-hound shark","Mustelus mustelus","H","Götz et al. (2008) - Selected fishery and population parameters of eight shore-angling species in the Tsitsikamma National Park no-take marine reserve.pdf","East","Medium",0,,"not_applicable","not_applicable","non-kelp","unspecified","not_applicable","no","Smooth-hound (smooth houndshark) caught in the TNP shore-angling survey (Table 1, n=17) at a non-kelp rocky-reef site on the Eastern Cape coast. Occurrence documented; no diet data and no kelp structural action. Level-0 observed_alternative on the habitat route. Trophic route unassessed.",,"agent:opus:rfbf-v7.1"
8,"Common smooth-hound shark","Mustelus mustelus","H","Gotz et al. (2009) - Effects of fishing on a temperate reef community in South Africa 1, ichthyofauna.pdf","East","Low",0,,"not_applicable","not_applicable","non-kelp","unspecified","not_applicable","no","Smoothhound was recorded by angling at Goukamma reef sites in the East region, a non-kelp locality; kelp neither measured nor mentioned: Level 0 observed alternative on the habitat route.",,"agent:opus:rfbf-v7.1"
8,"Common smooth-hound shark","Mustelus mustelus","H","Götz et al. (2009) - fishing on a temperate reef community in South Africa 1- ichthyofauna.pdf","East","Medium",0,,"not_applicable","not_applicable","non-kelp","unspecified","not_applicable","no","Mustelus mustelus was recorded on warm-temperate rocky reef at the Goukamma MPA study area (south-east coast, near Knysna), which lies east of the Cape Agulhas kelp limit and outside the Ecklonia maxima range. The survey (standardised angling over rocky substrate) documents the species occupying a n",,"agent:opus:rfbf-v7.1"
8,"Common smooth-hound shark","Mustelus mustelus","H","Götz et al. (2014) - An exploratory investigation of the fish communities associated with reefs on the central Agulhas Bank, South Africa.pdf","East","Medium",0,,"not_applicable","not_applicable","non-kelp","unspecified","not_applicable","no","Caught over non-kelp hard-substrate reef on the central Agulhas Bank (East, beyond the eastern kelp limit; Table 2). Level-0 observed_alternative on the habitat route. Kelp not present/measured; baited-gear capture is not diet evidence, so no trophic record.",,"agent:opus:rfbf-v7.1"
8,"Common smooth-hound shark","Mustelus mustelus","H","Hanekom et al. (1997) - Shore-angling catches in the Tsitsikamma National Park, 1989-1995.pdf","East","High",0,,"not_applicable","not_applicable","non-kelp","unspecified","not_applicable","no","Smoothhound (identified as M. mustelus in scientific fishing) caught on the TNP non-kelp coast east of the kelp limit: level 0 observed_alternative, habitat route. Trophic route unassessed.",,"agent:opus:rfbf-v7.1"
8,"Common smooth-hound shark","Mustelus mustelus","H","Heyns-Veale et al. (2019) - Community-wide effects of protection reveal insights into marine protected area effectiveness for reef fish.pdf","Both","High",0,,"not_applicable","not_applicable","non-kelp","unspecified","not_applicable","no","Smooth houndshark recorded by stereo-BRUVs on non-kelp reef/sand seabed (10-60 m) at De Hoop (explicitly sand-associated), Tsitsikamma and Bird Island; kelp is neither measured nor mentioned. This is a documented observation of an in-scope species occupying a non-kelp habitat at the sampled place an",,"agent:opus:rfbf-v7.1"
8,"Common smooth-hound shark","Mustelus mustelus","H","Hutchings and Lamberth (2002) - Bycatch in the gillnet and beach-seine fisheries in the Western Cape, South Africa, with implications for management.pdf","West","Medium",0,,"not_applicable","not_applicable","non-kelp","juvenile","not_applicable","no","Smooth houndshark recorded as 13 fish (98% immature, Fig. 3) in West Coast marine gillnets (Table II), documenting juvenile occupancy of a non-kelp marine net-fishery habitat. No kelp relationship measured or mentioned; level-0 observed_alternative on the habitat route. Trophic route unassessed.",,"agent:opus:rfbf-v7.1"
8,"Common smooth-hound shark","Mustelus mustelus","H","Jairam (2005) - COMMERCIAL AND RECREATIONAL MARINE SKIBOAT LINEFISHERIES IN RICHARDS BAY.pdf","East","Low",0,,"not_applicable","not_applicable","non-kelp","unspecified","not_applicable","no","A single smooth houndshark recorded in the recreational catch off Richards Bay, beyond the eastern kelp limit. Documents occurrence in a non-kelp east-coast setting (level-0 observed_alternative, habitat route). No kelp assessed; trophic route unassessed.",,"agent:opus:rfbf-v7.1"
8,"Common smooth-hound shark","Mustelus mustelus","H","James et al (2012)-Temporal variability of temperate fish assemblahe in Africas oldest MPA.pdf","East","Medium",0,,"not_applicable","not_applicable","non-kelp","unspecified","not_applicable","no","Regularly recorded by shore-angling on the non-kelp East-region reef of TNP; occupancy of non-kelp habitat only. Level-0 observed_alternative on the habitat route; trophic route unassessed.",,"agent:opus:rfbf-v7.1"
8,"Common smooth-hound shark","Mustelus mustelus","H","James et al. (2026) - Healthy estuaries enhance climate change resilience for fish within South African coastal seascapes.pdf","East","Low",0,,"not_applicable","not_applicable","non-kelp","unspecified","not_applicable","no","Author pers. obs documents Mustelus mustelus (Smooth houndshark) moving into the Kromme Estuary as a thermal refuge during 2025 upwelling, an in-scope species occupying/using a non-kelp estuarine habitat. No kelp content. Route H, level 0 observed_alternative, region East, specificity Low.",,"agent:opus:rfbf-v7.1"
8,"Common smooth-hound shark","Mustelus mustelus","H","Lamberth (1994) - The commercial beach-seine fishery in False Bay, South Africa.pdf","West","High",0,,"not_applicable","not_applicable","non-kelp","both","not_applicable","no","Caught in beach-seine hauls in ~36% of hauls in the sandy surf zone of False Bay; documents occupancy of a non-kelp habitat. Level-0 observed_alternative on the habitat route.",,"agent:opus:rfbf-v7.1"
8,"Common smooth-hound shark","Mustelus mustelus","H","Lamberth (2006) - White shark and other chondrichthyan interactions with the beach-seine (treknet) fishery in False Bay, South Africa.pdf","West","High",0,,"not_applicable","not_applicable","non-kelp","both","not_applicable","no","Smooth houndshark is one of the dominant chondrichthyans of the beach-seine catch (mean 4.177 per haul, 36.3% of hauls) on non-kelp surf-zone grounds. Kelp not measured or mentioned. Level-0 observed_alternative on the habitat route.",,"agent:opus:rfbf-v7.1"
8,"Common smooth-hound shark","Mustelus mustelus","H","Lamberth (2008) - Approaches to assessing the status of nearshore and estuarine fish and fisheries and their responses to environmental change.pdf","Both","Low",0,,"not_applicable","not_applicable","non-kelp","unspecified","not_applicable","no","Smooth houndshark recorded in estuaries at trace levels (West and East). Level-0 observed_alternative (non-kelp estuarine habitat). Region Both; specificity Low given trace catch.",,"agent:opus:rfbf-v7.1"
8,"Common smooth-hound shark","Mustelus mustelus","H","Lamberth and Turpie (2003) - The role of estuaries in South African fisheries, economic importance and management implications.pdf","Both","Medium",0,,"not_applicable","not_applicable","non-kelp","unspecified","not_applicable","no","Smooth houndshark (Category III) is documented occurring in estuaries across all five regions incl. the West Coast, with estuarine catch (Table II; Table V, 0.21 t), a non-kelp habitat. Level-0 observed_alternative on the habitat route; kelp never assessed. Region Both.",,"agent:opus:rfbf-v7.1"
8,"Common smooth-hound shark","Mustelus mustelus","H","Lamberth et al. (1995) - The vulnerability of fish to capture by commercial beach-seine nets in False Bay, South Africa.pdf","West","Medium",0,,"not_applicable","not_applicable","non-kelp","unspecified","not_applicable","no","Smooth houndshark caught in the Fish Hoek Beach sandy surf zone (West coast); documented occupancy of a non-kelp sandy habitat. No kelp use, diet, availability, or counterfactual assessed, so level-0 observed_alternative on the habitat route.",,"agent:opus:rfbf-v7.1"
8,"Common smooth-hound shark","Mustelus mustelus","H","Lechanteur (1999) - The ecology and management of false bay reef fish.pdf","West","Medium",2,,"not_applicable","not_applicable","foraging","unspecified","within","no","Smooth houndshark was most common in the shallow (0-8 m) Ecklonia zone and is reported to enter kelp beds to feed in warm water. Foraging within kelp structure supports Structural Use (level 2); the statement is an author inference, so specificity is Medium.",,"agent:opus:rfbf-v7.1"
8,"Common smooth-hound shark","Mustelus mustelus","H","Lechanteur and Griffiths (2002) - Composition and seasonal variability of the suprabenthic reef-fish assemblage in False Bay.pdf","West","Low",1,,"not_applicable","not_applicable","not_applicable","unspecified","not_applicable","no","A demersal shark recorded at trace density in the shallow Ecklonia strata (0-8 m), giving habitat co-occurrence with kelp (level 1). Also present in a kelp-free deep stratum; no kelp-structure action documented and visual census may under-detect it.",,"agent:opus:rfbf-v7.1"
8,"Common smooth-hound shark","Mustelus mustelus","H","Maggs et al (2013)-Contribution of a large no take zone to the management of vulnerable reef fishes in the south western indian ocean.pdf","East","Medium",0,,"not_applicable","not_applicable","non-kelp","unspecified","not_applicable","no","Mustelus mustelus was caught in the Pondoland MPA survey on East-Coast reef and sand at 10–30 m (13 individuals, Table A1), east of the kelp limit. Level-0 observed_alternative on the habitat route; no diet observed so trophic route unassessed. Region East.",,"agent:opus:rfbf-v7.1"
8,"Common smooth-hound shark","Mustelus mustelus","H","Mann et al. (2006) - Towards the declaration of a large marine protected area, a subtidal ichthyofaunal survey of the Pondoland coast in the Eastern Cape, South Africa.pdf","East","Medium",0,,"not_applicable","not_applicable","non-kelp","unspecified","not_applicable","no","Counted in the Pondoland UVC (Table 1: N=1, mean density 0.10 per 1 000 m2) on rocky/sandstone reefs 3-31 m deep in the Eastern Cape, east of the eastern kelp limit where Ecklonia is absent. This documents the species occupying a non-kelp reef habitat at the sampled place and time: a level-0 observe",,"agent:opus:rfbf-v7.1"
8,"Common smooth-hound shark","Mustelus mustelus","H","Mann et al. (2022) - Monitoring the effects of spatial protection on the reef fish communities of the Pondoland Marine Protected Area, Eastern Cape Province, South Africa.pdf","East","Medium",0,,"not_applicable","not_applicable","non-kelp","unspecified","not_applicable","no","In-scope common smoothhound (Mustelus mustelus) recorded on Pondoland reef (10–30 m, Eastern Cape east coast), east of the kelp range. Occupies non-kelp reef habitat; kelp neither measured nor mentioned. Level-0 observed_alternative on the habitat route; trophic route unassessed.",,"agent:opus:rfbf-v7.1"
8,"Common smooth-hound shark","Mustelus mustelus","H","Mann et al. (2024) - Fish, fishers and the future, Proceedings of the 6th Southern African Marine Linefish Symposium.pdf","Both","Medium",0,,"not_applicable","not_applicable","non-kelp","adult","not_applicable","no","Seven-year telemetry study documents smooth-hound sharks resident (home ranges <1 km) in southern Cape coastal MPAs. Coastal, non-kelp occupancy with no kelp reference = level-0 observed_alternative (habitat). Region Both (southern Cape MPAs straddle the eastern kelp limit).",,"agent:opus:rfbf-v7.1"
8,"Common smooth-hound shark","Mustelus mustelus","H","McCord (2005) - Ecological and management aspects of Galeorhinus galeus.pdf","Both","Low",0,,"not_applicable","not_applicable","non-kelp","unspecified","not_applicable","no","Mustelus mustelus is documented as the primary bycatch of the demersal soupfin-shark longline/handline fishery, which operates on the South African west/south-coast continental shelf at ~50-200 m. This places the species in a non-kelp demersal habitat (catch study with habitat context) and is coded ",,"agent:opus:rfbf-v7.1"
8,"Common smooth-hound shark","Mustelus mustelus","H","O'Connel et al. (2019) - The influence of kelp density of white sharks.pdf","West","Low",1,,"not_applicable","not_applicable","uncertain","unspecified","within","yes","Mustelus mustelus was positively identified by a baited-video survey in which every deployment site was a characterised Ecklonia maxima bed, at Dyer Island west of Cape Agulhas, so the region is West and co-occurrence with kelp is established at level 1.

The level goes no higher. No action involvin",,"agent:opus:rfbf-v7.1"
8,"Common smooth-hound shark","Mustelus mustelus","H","O'Connell et al. (2019) - The influence of kelp density on white shark presence within the Dyer Island nature reserve.pdf","West","Low",1,,"not_applicable","not_applicable","not_applicable","unspecified","both","no","Mustelus mustelus was identified in the BRUVS surveys and recorded present across low, moderate and high kelp densities, establishing co-occurrence with kelp (level 1, habitat). No structural use action is documented and the kelp-density analysis was pooled across five elasmobranch species (present ",,"agent:opus:rfbf-v7.1"
8,"Common smooth-hound shark","Mustelus mustelus","H","Osgood et al. (2019) - Using baited remote underwater videos (BRUVs) to characterize chondrichthyan communities in a global biodiversity hotspot.pdf","West","Medium",0,,"not_applicable","not_applicable","non-kelp","unspecified","not_applicable","no","Habitat route, observed alternative. M. mustelus (the most frequently observed larger shark) was recorded occupying non-kelp sand habitat: it is a significant indicator of sand sites (DLI 0.15) with a positive first-latent-variable coefficient reflecting higher abundance/occurrence at sand. This doc",,"agent:opus:rfbf-v7.1"
8,"Common smooth-hound shark","Mustelus mustelus","H","Osgood et al. (2020) - Chondrichthyans as an umbrella species-complex for conserving South African biodiversity.pdf","West","Low",0,,"not_applicable","not_applicable","non-kelp","unspecified","not_applicable","no","Common smooth-hound shark is observed on BRUV in the kelp region and is noted as relatively abundant on sand habitat (and plots toward the sand vector in the RDA): occupation of non-kelp (sand) habitat, a level-0 observed_alternative on the habitat route. Trophic route unassessed.",,"agent:opus:rfbf-v7.1"
8,"Common smooth-hound shark","Mustelus mustelus","H","Roberson et al. (2015) - First survey of fishes in Betty's bay along South Africa s temperate south west coast.pdf","West","Low",0,,"not_applicable","not_applicable","non-kelp","unspecified","not_applicable","no","M. mustelus was recorded at 2 of 58 sites without resolution to kelp habitat. Observed occupancy of the surveyed inshore habitat (Level 0 observed alternative); kelp co-occurrence not established.",,"agent:opus:rfbf-v7.1"
8,"Common smooth-hound shark","Mustelus mustelus","H","Rooth and Watson (2024) - Predator avoidance by mesopredatory benthic sharks.pdf","West","Medium",0,,"not_applicable","not_applicable","non-kelp","unspecified","not_applicable","no","Mustelus mustelus was directly recorded on BRUV footage near Gansbaai during the third encounter (8 Oct 2018), present in the field of view for 46.0 s and visible swimming over rocky reef in Figure 3 (visually verified). This documents the species occupying a non-kelp reef habitat at the sampled pla",,"agent:opus:rfbf-v7.1"
8,"Common smooth-hound shark","Mustelus mustelus","H","Silva (2007)-Status and prognosis of the Mustelus mustelus fishery in the south eastern and south western cape coasts SA.pdf","Both","Low",0,,"not_applicable","not_applicable","non-kelp","both","not_applicable","no","This is a stock-assessment MSc thesis whose primary contribution for M. mustelus is age, growth, maturity, mortality and per-recruit modelling. Its own primary observation of habitat is that the species was sampled by demersal trawl over the soft-bottom continental shelf between Saldanha Bay and Gan",,"agent:opus:rfbf-v7.1"
8,"Common smooth-hound shark","Mustelus mustelus","H","Silva (2018) - BIOLOGY, MOVEMENT BEHAVIOUR AND SPATIAL DYNAMICS OF AN EXPLOITED POPULATION OF SMOOTHHOUND SHARK MUSTELUS MUSTELUS IN SA.pdf","West","High",0,,"not_applicable","not_applicable","non-kelp","both","not_applicable","no","The habitat route is directly assessed by two years of acoustic telemetry showing Mustelus mustelus is resident within Langebaan Lagoon (mean 79% of time inside the MPA; some individuals never leaving). The occupied habitat is a sheltered soft-sediment lagoon of shallow mudflats, sandbanks and chann",,"agent:opus:rfbf-v7.1"
8,"Common smooth-hound shark","Mustelus mustelus","H","Smale and Compagno (1997) - Life history and diet of two southern African smoothhound sharks Mustelus mustelus and Mustelus palumbes.pdf","Both","High",0,,"not_applicable","not_applicable","non-kelp","both","not_applicable","no","The source documents M. mustelus as a shallow-water coastal species found mostly in water <100 m, commonly over sand or shale plains and occasionally near rocky reefs, plus a west-coast inshore soft-sediment lagoon (Langebaan Lagoon, <=38 m) and the Agulhas Bank shelf. Captive observations show indi",,"agent:opus:rfbf-v7.1"
8,"Common smooth-hound shark","Mustelus mustelus","H","Smale et al. (1993) - Analysis of the demersal community of fish and cephalopods on the Agulhas Bank, South Africa.pdf","East","Low",0,,"not_applicable","not_applicable","non-kelp","unspecified","not_applicable","no","Smooth houndshark taken in Agulhas Bank demersal trawls (Appendix 1; Cruise 63 SIMPER species); occurrence in non-kelp deep-shelf habitat east of the kelp limit. Level-0 observed_alternative on the habitat route.",,"agent:opus:rfbf-v7.1"
8,"Common smooth-hound shark","Mustelus mustelus","H","Smale et al. (1995) - Attempted ambush predation on spawning squid by Poroderma africanum.pdf","East","Low",0,,"not_applicable","not_applicable","non-kelp","unspecified","not_applicable","no","Mustelus mustelus (N>10) was observed present at the non-kelp Tsitsikamma reef site during the study, documenting occupancy of a non-kelp habitat and yielding a level-0 observed_alternative habitat record. Its role as a squid predator is only cited, not observed here, and no kelp is present.",,"agent:opus:rfbf-v7.1"
8,"Common smooth-hound shark","Mustelus mustelus","H","Smale et al. (2001) - Behavioural interactions of predators and spawning chokka squid off South Africa.pdf","East","Medium",0,,"not_applicable","not_applicable","non-kelp","unspecified","not_applicable","no","Mustelus mustelus documented occupying (cruising around, and mapped grouped at) squid spawning aggregations on Eastern Cape reef/sand grounds. Documented use of a non-kelp habitat, level-0 observed_alternative on the habitat route; Fig. 5b visually verified.",,"agent:opus:rfbf-v7.1"
8,"Common smooth-hound shark","Mustelus mustelus","H","Watson (2013) - Baited remote underwater survey of chondrichthyans in False Bay, South Africa.pdf","West","Medium",0,,"not_applicable","not_applicable","non-kelp","unspecified","not_applicable","no","Mustelus mustelus was recorded at 9 of 95 BRUV sites across False Bay's sand/reef benthos (West region). Kelp was not measured or mentioned. Documented occupancy of a non-kelp benthic habitat gives a level-0 observed_alternative on the habitat route. No habitat-specific SIMPER signal was reported fo",,"agent:opus:rfbf-v7.1"
8,"Common smooth-hound shark","Mustelus mustelus","H","Whitfield (2005) - Preliminary documentation and assessment of fish diversity in sub-Saharan African estuaries.pdf","West","Low",0,,"not_applicable","not_applicable","non-kelp","unspecified","not_applicable","yes","Mustelus mustelus is listed as a marine straggler in West-coast cool-temperate estuaries (Table 2), documenting a non-kelp (estuarine) habitat occupancy -> level-0 observed_alternative, habitat route. Secondary compilation.",,"agent:opus:rfbf-v7.1"
8,"Common smooth-hound shark","Mustelus mustelus","T","Attwood et al. (2013) - the Proceedings of the 4th Linefish symposium.pdf","West","Low",0,,"non_kelp","not_applicable","not_applicable","both","not_applicable","no","Primary diet of Mustelus mustelus in the Langebaan MPA (West kelp coast) is non-kelp crustacean prey; kelp is never mentioned, so this is a level-0 trophic observed alternative (non-kelp diet).",,"agent:opus:rfbf-v7.1"
8,"Common smooth-hound shark","Mustelus mustelus","T","Sauer and Smale (1991) - Predation patterns on squid Loligo vulgaris reynaudll.pdf","East","High",0,,"non_kelp","outside","not_applicable","unspecified","not_applicable","no","Quantified stomach contents for Mustelus mustelus (n = 39, Table Ia, p. 515) from the south-eastern Cape spawning grounds, east of the eastern kelp limit. All identified prey are non-kelp: crustaceans, cephalopods and teleosts, with Loligo vulgaris reynaudii dominant at 89,70 %F. Kelp is never measu",,"agent:opus:rfbf-v7.1"
8,"Common smooth-hound shark","Mustelus mustelus","T","Silva (2018) - BIOLOGY, MOVEMENT BEHAVIOUR AND SPATIAL DYNAMICS OF AN EXPLOITED POPULATION OF SMOOTHHOUND SHARK MUSTELUS MUSTELUS IN SA.pdf","West","High",0,,"non_kelp","not_applicable","not_applicable","both","not_applicable","no","Mustelus mustelus is in model scope. The thesis studies a resident population in Langebaan Lagoon / Saldanha Bay on the west coast, within the Ecklonia maxima range but in a sheltered soft-sediment lagoon. The diet (Table 2.2, visually verified on PDF p. 70; n=189 stomachs) is dominated by lagoon/es",,"agent:opus:rfbf-v7.1"
8,"Common smooth-hound shark","Mustelus mustelus","T","Smale and Compagno (1997) - Life history and diet of two southern African smoothhound sharks Mustelus mustelus and Mustelus palumbes.pdf","Both","High",0,,"non_kelp","not_applicable","not_applicable","both","not_applicable","no","Mustelus mustelus is the only model-scope species with primary observations here (M. palumbes is not in the species frame; other in-frame species appear only as prey items and are not coded). Diet was quantified from 402 stomachs across the Cape south coast and Langebaan Lagoon: prey is dominated by",,"agent:opus:rfbf-v7.1"
8,"Common smooth-hound shark","Mustelus mustelus","T","Smale et al. (2001) - Behavioural interactions of predators and spawning chokka squid off South Africa.pdf","East","High",0,,"non_kelp","not_applicable","not_applicable","unspecified","not_applicable","no","East-coast video record of Mustelus mustelus attacking and apparently swallowing a spawning squid, a non-kelp prey. Level-0 observed_alternative on the trophic route. Stomach-content data (four males, three females) reported elsewhere as Smale (unpublished) is retained as a citation lead.",,"agent:opus:rfbf-v7.1"
9,"Dageraad","Chrysoblephus cristiceps","H","Beckley and Buxton (1989) - UNDERWATER OBSERVATIONS OF REEF FISH IN AND AROUND ALGOA BAY, SOUTH AFRICA.pdf","East","High",0,,"not_applicable","not_applicable","non-kelp","both","not_applicable","no","Dageraad observed frequently (79% at Philip's Reef), with juveniles restricted to the non-kelp reef habitat East of the kelp range. Level-0 observed_alternative on the habitat route.",,"agent:opus:rfbf-v7.1"
9,"Dageraad","Chrysoblephus cristiceps","H","Brouwer and Buxton (2002) - Catch and effort of the shore and skiboat linefisheries along the South African Eastern Cape coast.pdf","East","Low",0,,"not_applicable","not_applicable","non-kelp","unspecified","not_applicable","no","Dageraad recorded in the Eastern Cape recreational and commercial skiboat catches, east of the kelp limit: level-0 observed_alternative, habitat route.",,"agent:opus:rfbf-v7.1"
9,"Dageraad","Chrysoblephus cristiceps","H","Burger (1990) - The distribution patterns and community structure of the Tsitsikamma rocky littoral ichthyofauna.pdf","East","Medium",0,,"not_applicable","not_applicable","non-kelp","unspecified","not_applicable","no","East-region record beyond the kelp coast. Chrysoblephus cristiceps was recorded on non-kelp deep reef at Tsitsikamma, where no kelp forest occurs. Documented occurrence in a non-kelp habitat: level-0 observed_alternative on the habitat route.",,"agent:opus:rfbf-v7.1"
9,"Dageraad","Chrysoblephus cristiceps","H","Button (2018) - Remotely operated vehicle exploring ichthyofauna association with habitat from shore-shelf, in an endemism hotspot in South Africa.pdf","East","Low",0,,"not_applicable","not_applicable","non-kelp","unspecified","not_applicable","no","ROV census off the Kei River mouth (East of the kelp limit) recorded dageraad (Chrysoblephus cristiceps) in 7% of 58 grid cells on non-kelp shelf reef habitat. Documented occupancy of non-kelp habitat gives a level-0 observed_alternative on the habitat route; kelp absent and unassessed. The authors ",,"agent:opus:rfbf-v7.1"
9,"Dageraad","Chrysoblephus cristiceps","H","Button et al. (2021) - mesophotic fish and associated habitats across the continental shelf of the Amathole region.pdf","East","Medium",0,,"not_applicable","not_applicable","non-kelp","unspecified","not_applicable","no","The source observes Chrysoblephus cristiceps on ROV transect video on the Amathole mesophotic shelf (Results p. 3; Figure 2a verified on the rendered page). The survey design places the observation in mesophotic benthic habitat at 30-170 m composed of sand, rhodolith, rubble and rock with coral, spo",,"agent:opus:rfbf-v7.1"
9,"Dageraad","Chrysoblephus cristiceps","H","Buxton (1990) - Life history changes in exploited reef fishes on the east coast of South Africa.pdf","East","Medium",0,,"not_applicable","not_applicable","non-kelp","both","not_applicable","no","The study sampled C. cristiceps by line-fishery catch sampling at four exploited localities between Mossel Bay and East London and by research fishing inside the Tsitsikamma reserve, 1978 to 1986 (E10, E11, E12). The source characterises its two study species as reef-dwelling (E09), and divers in th",,"agent:opus:rfbf-v7.1"
9,"Dageraad","Chrysoblephus cristiceps","H","Buxton and Smale (1989) - Abundance and distribution patterns of 3 temperate marine reef fish in South Africa.pdf","East","Medium",0,,"not_applicable","not_applicable","non-kelp","both","not_applicable","no","Level 0, observed alternative. C. cristiceps was recorded by line transect on sandstone reef at all three Tsitsikamma sites and at Cape Recife, at 6-25 m depth (Table 4, verified on the rendered page), and the source reports its own primary behavioural observations of the species retreating over ree",,"agent:opus:rfbf-v7.1"
9,"Dageraad","Chrysoblephus cristiceps","H","Coetzee and Baird (1981) - Catch composition and catch per unit effort of anglers' catches off St Croix Island.pdf","East","Low",0,,"not_applicable","not_applicable","non-kelp","unspecified","not_applicable","no","Dageraad, in the St Croix Island angler catch at a non-kelp East-region rocky reef → level-0 observed_alternative on the habitat route.",,"agent:opus:rfbf-v7.1"
9,"Dageraad","Chrysoblephus cristiceps","H","Currie (2017) - Historical baselines and a century of change in the demersal fish assemblages on South Africa's Agulhas Bank.pdf","East","Low",0,,"not_applicable","not_applicable","non-kelp","unspecified","not_applicable","no","Dageraad recorded (rarely) in the historical demersal trawl catches on the offshore Agulhas Bank grounds (Table 8, historical median 0.00, no significant change). This passing but codeable record documents occurrence on a non-kelp continental-shelf habitat = level-0 observed_alternative (habitat rou",,"agent:opus:rfbf-v7.1"
9,"Dageraad","Chrysoblephus cristiceps","H","De Vos et al. (2014) - Optimal BRUVs survey design for reef fish monitoring in the Stilbaai Marine Protected Area.pdf","East","Medium",0,,"not_applicable","not_applicable","non-kelp","unspecified","not_applicable","no","Recorded at 4 of 29 BRUVs sites on non-kelp sandstone reef at Stilbaai, east of the kelp limit. No kelp present or measured; a level-0 observed_alternative on the habitat route. Feeding guild is secondary; trophic route unassessed.",,"agent:opus:rfbf-v7.1"
9,"Dageraad","Chrysoblephus cristiceps","H","Dunlop & Mann (2013)-An assessment of participation catch and effort in the offshore boat based line fishery in KZN.pdf","East","Low",0,,"not_applicable","not_applicable","non-kelp","unspecified","not_applicable","no","East-region KZN catch survey; no kelp. Dageraad (reef sparid) retained in small numbers across sectors, documenting occurrence in non-kelp KZN reef habitat. Level-0 observed_alternative, habitat route.",,"agent:opus:rfbf-v7.1"
9,"Dageraad","Chrysoblephus cristiceps","H","Dyer (2018) - The role of ecological processes in structuring reef fish communities in the Agulhas ecoregion South Africa.pdf","East","High",0,,"not_applicable","not_applicable","non-kelp","unspecified","not_applicable","no","Recorded on rocky reef via stereo-BRUVs at all four reefs in the Agulhas Ecoregion, east of the eastern kelp limit. Occupancy of non-kelp rocky-reef habitat; no kelp action observed and diet not examined. Level-0 observed_alternative on the habitat route.",,"agent:opus:rfbf-v7.1"
9,"Dageraad","Chrysoblephus cristiceps","H","Fennessy et al. (2003) - An assessment of the recreational and commercial skiboat fishery in the Transkei.pdf","East","Medium",0,,"not_applicable","not_applicable","non-kelp","unspecified","not_applicable","no","Dageraad was a major reef-fishery species in both the northern and southern Transkei. East of the kelp limit, no kelp mentioned; documented non-kelp reef occurrence. Level-0 observed_alternative, habitat route; trophic route unassessed.",,"agent:opus:rfbf-v7.1"
9,"Dageraad","Chrysoblephus cristiceps","H","Gonzalez (2024) - Baited remote underwater video surveys report, Stilbaai Marine Protected Area (2013-2016).pdf","East","Medium",0,,"not_applicable","not_applicable","non-kelp","unspecified","not_applicable","no","Chrysoblephus cristiceps was recorded by baited remote underwater video in the Stilbaai MPA (Table 3; present in 2015 per Table 4). Stilbaai lies on the warm-temperate south coast east of Cape Agulhas/De Hoop, beyond the eastern range limit of Ecklonia maxima, and the report explicitly states that t",,"agent:opus:rfbf-v7.1"
9,"Dageraad","Chrysoblephus cristiceps","H","Götz et al. (2007) - Comparison of the effects of different linefishing methods on catch composition and capture mortality of South African temperate reef fish.pdf","East","Medium",0,,"not_applicable","not_applicable","non-kelp","unspecified","not_applicable","no","Dageraad (Chrysoblephus cristiceps) was caught on the Goukamma subtidal rocky reef (Table 4 and Table 7, n=42), an East-region locality east of the kelp limit with no Ecklonia maxima present or mentioned. This documents occupancy of a non-kelp rocky-reef habitat: level-0 observed_alternative on the ",,"agent:opus:rfbf-v7.1"
9,"Dageraad","Chrysoblephus cristiceps","H","Gotz et al. (2009) - Effects of fishing on a temperate reef community in South Africa 1, ichthyofauna.pdf","East","High",0,,"not_applicable","not_applicable","non-kelp","unspecified","not_applicable","no","Dageraad was recorded by standardised angling at Goukamma rocky-reef sites in the East region, occupying non-kelp rocky reef without kelp measured or mentioned: Level 0 observed alternative on the habitat route.",,"agent:opus:rfbf-v7.1"
9,"Dageraad","Chrysoblephus cristiceps","H","Götz et al. (2009) - fishing on a temperate reef community in South Africa 1- ichthyofauna.pdf","East","Medium",0,,"not_applicable","not_applicable","non-kelp","unspecified","not_applicable","no","Chrysoblephus cristiceps was recorded on warm-temperate rocky reef at the Goukamma MPA study area (south-east coast, near Knysna), which lies east of the Cape Agulhas kelp limit and outside the Ecklonia maxima range. The survey (standardised angling over rocky substrate) documents the species occupy",,"agent:opus:rfbf-v7.1"
9,"Dageraad","Chrysoblephus cristiceps","H","Griffiths (2000) - Long-term trends in catch and effort of commercial linefish off South Africa's Cape Province.pdf","East","Medium",0,,"not_applicable","not_applicable","non-kelp","unspecified","not_applicable","no","Fishery-independent survey documents dageraad on Southern Cape reef complexes (eastern kelp limit). Non-kelp reef habitat occurrence; kelp not measured or mentioned. Level-0 observed_alternative, habitat route, region East. Diet (large benthic invertebrates) is a citation lead.",,"agent:opus:rfbf-v7.1"
9,"Dageraad","Chrysoblephus cristiceps","H","Hanekom et al. (1997) - Shore-angling catches in the Tsitsikamma National Park, 1989-1995.pdf","East","Low",0,,"not_applicable","not_applicable","non-kelp","unspecified","not_applicable","no","Dageraad listed among catches on the TNP non-kelp coast east of the kelp limit: level 0 observed_alternative, habitat route. Trophic route unassessed.",,"agent:opus:rfbf-v7.1"
9,"Dageraad","Chrysoblephus cristiceps","H","Hecht and Tilney (1989) - The Port Alfred fishery.pdf","East","Medium",0,,"not_applicable","not_applicable","non-kelp","both","not_applicable","no","Dageraad, historically the principal species and a leading reef sparid, is caught in the east-coast Port Alfred reef/bank fishery; observed in a non-kelp reef habitat with no kelp link, giving a level-0 observed_alternative habitat record.",,"agent:opus:rfbf-v7.1"
9,"Dageraad","Chrysoblephus cristiceps","H","Heyns-Veale et al. (2019) - Community-wide effects of protection reveal insights into marine protected area effectiveness for reef fish.pdf","East","Medium",0,,"not_applicable","not_applicable","non-kelp","unspecified","not_applicable","no","Dageraad recorded on non-kelp reef via stereo-BRUVs at Tsitsikamma, Bird Island and Amathole (all east of the kelp limit); kelp not measured or mentioned. Level-0 observed_alternative on the habitat route. Trophic route unassessed. Region 'East'.",,"agent:opus:rfbf-v7.1"
9,"Dageraad","Chrysoblephus cristiceps","H","Heyns‑Veale et al. (2016) - Depth and habitat determine assemblage structure of South Africa’s warm‑temperate reef fish.pdf","East","Medium",0,,"not_applicable","not_applicable","non-kelp","both","not_applicable","no","A baited stereo-video survey recorded Chrysoblephus cristiceps in the Tsitsikamma National Park MPA, east of the eastern limit of Ecklonia maxima, restricted to the shallow reef site (habitats A and B, 11-25 m), which are quantified as algae, ascidian and sponge dominated with the 'algae' category n",,"agent:opus:rfbf-v7.1"
9,"Dageraad","Chrysoblephus cristiceps","H","Jairam (2005) - COMMERCIAL AND RECREATIONAL MARINE SKIBOAT LINEFISHERIES IN RICHARDS BAY.pdf","East","Low",0,,"not_applicable","not_applicable","non-kelp","unspecified","not_applicable","no","Dageraad caught in the Richards Bay commercial skiboat catch (2 individuals), beyond the eastern kelp limit. Documents occurrence in a non-kelp east-coast reef setting (level-0 observed_alternative, habitat route). No kelp assessed; trophic route unassessed.",,"agent:opus:rfbf-v7.1"
9,"Dageraad","Chrysoblephus cristiceps","H","Maggs et al (2013)-Contribution of a large no take zone to the management of vulnerable reef fishes in the south western indian ocean.pdf","East","Medium",0,,"not_applicable","not_applicable","non-kelp","unspecified","not_applicable","no","Chrysoblephus cristiceps (dageraad) was caught in the Pondoland MPA survey on East-Coast reef at 10–30 m (4 individuals, Table A1), east of the kelp limit. Level-0 observed_alternative on the habitat route; trophic route unassessed. Region East.",,"agent:opus:rfbf-v7.1"
9,"Dageraad","Chrysoblephus cristiceps","H","Mann et al. (2022) - Monitoring the effects of spatial protection on the reef fish communities of the Pondoland Marine Protected Area, Eastern Cape Province, South Africa.pdf","East","Medium",0,,"not_applicable","not_applicable","non-kelp","unspecified","not_applicable","no","In-scope dageraad (Chrysoblephus cristiceps) caught on Pondoland reef (10–30 m, Eastern Cape east coast), east of the kelp range. Occupies non-kelp reef habitat; kelp neither measured nor mentioned. Level-0 observed_alternative on the habitat route; trophic route unassessed.",,"agent:opus:rfbf-v7.1"
9,"Dageraad","Chrysoblephus cristiceps","H","Parker et al. (2016) - Insights from baited video sampling of temperate reef fishes, how biased are angling surveys.pdf","East","Medium",0,,"not_applicable","not_applicable","non-kelp","unspecified","not_applicable","no","Chrysoblephus cristiceps was one of the four most abundant species sampled by angling and stereo-BRUVs on the Rheeders Reef complex in the Tsitsikamma NP MPA (East region, beyond the eastern kelp limit). The source documents the species occupying non-kelp rocky-reef habitat at the sampled place and ",,"agent:opus:rfbf-v7.1"
9,"Dageraad","Chrysoblephus cristiceps","H","Penrith (1972) - THE BEHAVIOUR OF REEF-DWELLING SPARID FISHES.pdf","East","Medium",0,,"not_applicable","not_applicable","non-kelp","juvenile","not_applicable","no","In-scope species observed occupying flat-rock inshore banks ('dageraad banks') on the Tsitsikamma coast (East). The documented habitat is non-kelp rock substrate; kelp is neither measured nor mentioned. Level-0 observed_alternative on the habitat route, in the East region beyond the kelp limit.",,"agent:opus:rfbf-v7.1"
9,"Dageraad","Chrysoblephus cristiceps","H","Smale (1988) - Distribution and reproduction of Petrus rupestris.pdf","East","Low",0,,"not_applicable","not_applicable","non-kelp","unspecified","not_applicable","yes","Chrysoblephus cristiceps is an in-scope species named with a locational observation: it is caught off Coffee Bay on the offshore continental-shelf reefs fished by the ski-boat linefishery (10-160 m). This documents occurrence in a non-kelp offshore-reef habitat east of the kelp limit, supporting a l",,"agent:opus:rfbf-v7.1"
9,"Dageraad","Chrysoblephus cristiceps","H","Smale and Buxton (1985) - recreational ski-boat fishery off the Eastern Cape.pdf","East","Medium",0,,"not_applicable","not_applicable","non-kelp","unspecified","not_applicable","no","Dageraad is a principal, quantified reef sparid in the Algoa Bay catch, east of the kelp limit; the catch documents occupancy of non-kelp reef habitat, a level-0 observed alternative. The 'regularly found over reefs' underwater observation is attributed to Buxton and Smale (1984) and retained as a c",,"agent:opus:rfbf-v7.1"
9,"Dageraad","Chrysoblephus cristiceps","H","Sowman (1984) - An assessment of recreational carrying capacity at Infanta, South Cape.pdf","East","Medium",0,,"not_applicable","not_applicable","non-kelp","unspecified","not_applicable","no","Table 11 records 54 dageraad (161.0 kg). The species is documented occupying non-kelp East-coast reef habitat east of the kelp limit; no trophic or kelp-structural observation: level-0 observed_alternative on the habitat route. Trophic route unassessed.",,"agent:opus:rfbf-v7.1"
9,"Dageraad","Chrysoblephus cristiceps","H","Steyn et al. (2021) - Changes in food-web structure and energy flow in kelp forest ecosystems following the invasion of Jasus lalandii.pdf","West","Low",1,,"not_applicable","not_applicable","not_applicable","unspecified","within","no","Dageraad is named among reef fish found in south-west-coast kelp forests and included as a functional group in the Betty's Bay kelp forest model (level-1 co-occurrence). Diet link to lobster is an assumption; trophic route not codeable.",,"agent:opus:rfbf-v7.1"
9,"Dageraad","Chrysoblephus cristiceps","H","Steyn et al. (2021) - Changes in foodweb structure and energy flow in kelp ecosystems on the southwest coast of South Africa following invasion of Jasus lalandii.pdf","West","Medium",1,,"not_applicable","not_applicable","non-kelp","unspecified","within","no","Dageraad is listed among reef fish found in south-west-coast kelp forests and is a named model group, establishing habitat co-occurrence with kelp (level 1). No kelp-structure use is documented.",,"agent:opus:rfbf-v7.1"
9,"Dageraad","Chrysoblephus cristiceps","H","Wallace et al. (1984) - Inshore small-mesh trawling survey of the Cape south coast. Part 1. Introduction, methods, stations and catches.pdf","East","Low",0,,"not_applicable","not_applicable","non-kelp","adult","not_applicable","no","Dageraad (adult) taken in the soft-bottom trawl survey east of the kelp coast; non-kelp habitat occurrence. Level 0 observed_alternative on the habitat route.",,"agent:opus:rfbf-v7.1"
9,"Dageraad","Chrysoblephus cristiceps","H","Winker et al. (2013).pdf","East","Low",0,,"not_applicable","not_applicable","non-kelp","adult","not_applicable","no","Dageraad is documented caught in the SE region (Table 1) and characterised as a reef-associated species (non-kelp habitat). Level 0 observed_alternative on the habitat route; trophic route unassessed.",,"agent:opus:rfbf-v7.1"
9,"Dageraad","Chrysoblephus cristiceps","T","Penrith (1972) - THE BEHAVIOUR OF REEF-DWELLING SPARID FISHES.pdf","East","Medium",0,,"non_kelp","not_applicable","not_applicable","juvenile","not_applicable","no","In-scope species observed feeding on the Tsitsikamma coast (East, beyond the eastern kelp limit at Cape Agulhas). Young fish forage head-down, pulling at the holdfasts of generic algae to search for food. The alga is not identified as kelp and no kelp food-web link is stated, so this is a documented",,"agent:opus:rfbf-v7.1"
9,"Dageraad","Chrysoblephus cristiceps","T","Steyn et al. (2021) - Changes in foodweb structure and energy flow in kelp ecosystems on the southwest coast of South Africa following invasion of Jasus lalandii.pdf","West","Low",0,,"non_kelp","not_applicable","not_applicable","unspecified","not_applicable","no","Dageraad is inferred to feed opportunistically on rock lobster, a non-kelp resource, giving an observed-alternative trophic record (level 0). No kelp or kelp-food-web ingestion is shown.",,"agent:opus:rfbf-v7.1"
11,"Elf","Pomatomus saltatrix","H","Attwood et al. (2011) - Bycatch in South Africa's inshore trawl fishery as determined from observer records.pdf","East","Low",0,,"not_applicable","not_applicable","non-kelp","unspecified","not_applicable","no","Caught as trace bycatch on the deep Agulhas Bank grounds, east of and below the kelp zone. Non-kelp habitat occurrence = level-0 observed_alternative (habitat). Diet not examined; trophic route unassessed.",,"agent:opus:rfbf-v7.1"
11,"Elf","Pomatomus saltatrix","H","Attwood et al. (2011) - Bycatch in South Africa’s inshore trawl fishery.pdf","East","Medium",0,,"not_applicable","not_applicable","non-kelp","unspecified","not_applicable","no","P. saltatrix was caught at 0.8 t per year on the inshore trawl grounds at 80-110 m east of the kelp limit, and is listed among the handline-fishery species making up 10.7% of the total catch (p. 2169). This documents occurrence in a non-kelp setting, though as a trace catch of a pelagic species in a",,"agent:opus:rfbf-v7.1"
11,"Elf","Pomatomus saltatrix","H","Attwood et al. (2016) - Seasonally and spatially referenced estimates of recreational shore-angling effort, catch composition, catch rates and total catch in the Goukamma Marine Protected Area, South Africa.pdf","East","Medium",0,,"not_applicable","not_applicable","non-kelp","unspecified","not_applicable","no","Elf (53 fish, 4.2%) caught in the non-kelp Goukamma MPA; SIMPER shows abundance on rocky and sandy shores but not mixed shores. Level-0 observed_alternative on the habitat route.",,"agent:opus:rfbf-v7.1"
11,"Elf","Pomatomus saltatrix","H","Beckley (1984) - Shallow Water Trawling Off the Swartkops Estuary Algoa Bay.pdf","East","Medium",0,,"not_applicable","not_applicable","non-kelp","juvenile","not_applicable","no","One Pomatomus saltatrix of 147 mm total length was captured by beam trawl in 5–7 m of water off the Swartkops estuary mouth, Algoa Bay, within a catch the author characterises as juveniles of eleven teleost species. This is a documented observation of an in-scope species occupying a non-kelp inshore",,"agent:opus:rfbf-v7.1"
11,"Elf","Pomatomus saltatrix","H","Beckley (1985) - Tidal exchange of ichthyoplankton in the Swartkops estuary mouth, South Africa.pdf","East","Medium",0,,"not_applicable","not_applicable","non-kelp","juvenile","not_applicable","no","A single 201 mm elf was captured in the Swartkops estuary mouth (East coast, non-kelp habitat) in Session 2. No kelp relationship is examined. Level-0 observed_alternative on the habitat route.",,"agent:opus:rfbf-v7.1"
11,"Elf","Pomatomus saltatrix","H","Beckley and Buxton (1989) - UNDERWATER OBSERVATIONS OF REEF FISH IN AND AROUND ALGOA BAY, SOUTH AFRICA.pdf","East","Medium",0,,"not_applicable","not_applicable","non-kelp","adult","not_applicable","no","Elf observed on ~5% of Philip's Reef dives over Algoa Bay non-kelp rocky reef East of the kelp range. Level-0 observed_alternative on the habitat route.",,"agent:opus:rfbf-v7.1"
11,"Elf","Pomatomus saltatrix","H","Beckley and Connell (1996) - Early Life History of Pomatomus saltatrix off the East Coast of South Africa.pdf","East","High",0,,"not_applicable","not_applicable","non-kelp","juvenile","not_applicable","no","Pomatomus saltatrix is the only species in the frame that this source actually observes. Sardinops appears solely as the name of the research vessel (RS Sardinops, p. 319), and Merluccius capensis and Atractoscion aequidens appear only inside reference-list titles (p. 321-322), so none of these is c",,"agent:opus:rfbf-v7.1"
11,"Elf","Pomatomus saltatrix","H","Beckley et al. (2008) - Few fish but many fishers, a case study of shore-based recreational angling in a major South African estuarine port.pdf","East","Medium",0,,"not_applicable","not_applicable","non-kelp","unspecified","not_applicable","no","East-region estuarine port; Pomatomus saltatrix identified in the shore-angling catch (Table 3; 31 individuals, 1.84%), documenting occurrence in a non-kelp estuarine habitat. No kelp present or examined; no diet data. Level-0 observed_alternative habitat record.",,"agent:opus:rfbf-v7.1"
11,"Elf","Pomatomus saltatrix","H","Bennett (1989) - The fish community of a moderately exposed beach on the southwestern Cape Coast of South Africa and an assessment of this habitat as a nursery for juvenile fish.pdf","West","High",0,,"not_applicable","not_applicable","non-kelp","juvenile","not_applicable","no","Elf (Pomatomus saltatrix) occurred seasonally (Nov–Feb) in the Fishoek sandy surf-zone (N=212, 23% of hauls) as juveniles, classified a juvenile migrant benefiting from but not dependent on the surf-zone (Table 3, category 4), being relatively more abundant on inshore sandy substrata and in estuarie",,"agent:opus:rfbf-v7.1"
11,"Elf","Pomatomus saltatrix","H","Bennett & Attwood (1993)-Shore-angling catches in the De Hoop Nature Reserve  South Africa  and further evidence for the protective value of marine reserves.pdf","East","Medium",0,,"not_applicable","not_applicable","non-kelp","unspecified","not_applicable","no","Pomatomus saltatrix (n=50) was caught by shore-angling at De Hoop in a non-kelp aeolianite beach-rock and sand surf zone at the eastern edge of the Ecklonia maxima range. Documented occurrence in non-kelp habitat with no diet or kelp-structure observation gives a level-0 observed_alternative on the ",,"agent:opus:rfbf-v7.1"
11,"Elf","Pomatomus saltatrix","H","Brouwer and Buxton (2002) - Catch and effort of the shore and skiboat linefisheries along the South African Eastern Cape coast.pdf","East","Low",0,,"not_applicable","not_applicable","non-kelp","unspecified","not_applicable","no","Elf/shad recorded across all three Eastern Cape sectors and a dominant shore target, east of the kelp limit: level-0 observed_alternative, habitat route.",,"agent:opus:rfbf-v7.1"
11,"Elf","Pomatomus saltatrix","H","Bullock et al. (2021) - A decade of surf-zone linefish monitoring in the Dwesa-Cwebe Marine Protected Area.pdf","East","Medium",0,,"not_applicable","not_applicable","non-kelp","unspecified","not_applicable","no","Elf was captured (n=71) in the Dwesa-Cwebe MPA surf zone on the Eastern Cape east coast, beyond the eastern kelp limit. Observed occupying non-kelp East-coast habitat with no kelp or diet data: level-0 habitat observed_alternative. Trophic route unassessed.",,"agent:opus:rfbf-v7.1"
11,"Elf","Pomatomus saltatrix","H","Burger (1990) - The distribution patterns and community structure of the Tsitsikamma rocky littoral ichthyofauna.pdf","East","High",0,,"not_applicable","not_applicable","non-kelp","unspecified","not_applicable","no","East-region record beyond the kelp coast. Pomatomus saltatrix was recorded in non-kelp subtidal gullies at Tsitsikamma, where no kelp forest occurs. Documented occurrence in a non-kelp habitat: level-0 observed_alternative on the habitat route.",,"agent:opus:rfbf-v7.1"
11,"Elf","Pomatomus saltatrix","H","Buxton et al. (1984) - Inshore small mesh trawling survey of the Cape south coast. Part 4. Contributions to the biology of some teleostei and Chondrichthyes.pdf","East","Medium",0,,"not_applicable","not_applicable","non-kelp","juvenile","not_applicable","no","Juvenile P. saltatrix occupies the inshore soft-substrate nursery (<30 m) on the south coast outside the kelp range (Table 7, Fig 11, verified). Diet is treated in Part 3, so only the habitat route is coded here. Level-0 observed_alternative, East.",,"agent:opus:rfbf-v7.1"
11,"Elf","Pomatomus saltatrix","H","Clark et al. (1994) - Assessment of the impact of commercial beach-seine netting on juvenile teleost populations in the surf zone of False Bay, South Africa.pdf","West","High",0,,"not_applicable","not_applicable","non-kelp","juvenile","not_applicable","no","Juvenile Pomatomus saltatrix were caught in 44,7% of hauls (9 495 individuals) in the sandy/mixed-shore surf zone of False Bay, 1991–1992. Documented occupancy of a non-kelp habitat = level-0 observed_alternative on the habitat route. Kelp not measured or mentioned; no diet observation, so trophic r",,"agent:opus:rfbf-v7.1"
11,"Elf","Pomatomus saltatrix","H","Clarke (1988) - Biological aspects of Sparodon durbanensis and Pachymetopon grande.pdf","East","Low",0,,"not_applicable","not_applicable","non-kelp","unspecified","not_applicable","no","Pomatomus saltatrix (elf, n=362) is the most numerous species in the study's Port Elizabeth inshore rock-angling catch survey, an Eastern Cape fishery east of the kelp limit. Documented occurrence in the non-kelp inshore zone; kelp never mentioned. Level-0 observed_alternative on the habitat route.",,"agent:opus:rfbf-v7.1"
11,"Elf","Pomatomus saltatrix","H","Coetzee and Baird (1981) - Catch composition and catch per unit effort of anglers' catches off St Croix Island.pdf","East","Medium",0,,"not_applicable","not_applicable","non-kelp","unspecified","not_applicable","no","Elf, the dominant species in the St Croix Island angler catch at a non-kelp East-region rocky reef → level-0 observed_alternative on the habitat route. No diet or kelp-structure evidence; trophic route unassessed.",,"agent:opus:rfbf-v7.1"
11,"Elf","Pomatomus saltatrix","H","Cowley et al. (2013) - The trouble with estuarine fisheries in temperate South Africa, illustrated by a case study on the Sundays Estuary.pdf","East","Low",0,,"not_applicable","not_applicable","non-kelp","unspecified","not_applicable","no","The survey records elf/shad occupying the Sundays Estuary (non-kelp habitat) in the East region, east of the eastern kelp limit. Small catch of 3 (Table 1). No kelp presence and no diet data. Level-0 observed_alternative on the habitat route.",,"agent:opus:rfbf-v7.1"
11,"Elf","Pomatomus saltatrix","H","Currie (2017) - Historical baselines and a century of change in the demersal fish assemblages on South Africa's Agulhas Bank.pdf","East","Medium",0,,"not_applicable","not_applicable","non-kelp","unspecified","not_applicable","no","Elf caught in demersal trawls over the offshore Agulhas Bank shelf (Table 8, historical median 0.13, absent in re-surveys). Documents occurrence over a non-kelp continental-shelf environment = level-0 observed_alternative (habitat route). No diet data; trophic route unassessed.",,"agent:opus:rfbf-v7.1"
11,"Elf","Pomatomus saltatrix","H","Day (1970) - The biology of False Bay, South Africa.pdf","West","Low",0,,"not_applicable","not_applicable","non-kelp","adult","not_applicable","no","Elf shoals congregate in the northern bay and surf, an occupied pelagic non-kelp habitat at the sampled place and time (level 0 observed alternative).",,"agent:opus:rfbf-v7.1"
11,"Elf","Pomatomus saltatrix","H","Dicken (2010) - The ichthyofauna in the Port of Ngqura, South Africa.pdf","East","Medium",0,,"not_applicable","not_applicable","non-kelp","adult","not_applicable","no","Elf, the second most abundant species (n=1135, mostly adult), caught across all non-kelp port habitats in Algoa Bay east of the kelp limit. Level-0 observed_alternative on the habitat route.",,"agent:opus:rfbf-v7.1"
11,"Elf","Pomatomus saltatrix","H","Dicken et al. (2012) - Long-term catch and effort trends in Eastern Cape Angling Week competitions.pdf","East","Medium",0,,"not_applicable","not_applicable","non-kelp","adult","not_applicable","no","Eastern Cape shore fishery east of the kelp limit; Table 1 records Pomatomus saltatrix caught in non-kelp habitat (120 fish). Level-0 observed_alternative on the habitat route. Trophic route unassessed (no diet data).",,"agent:opus:rfbf-v7.1"
11,"Elf","Pomatomus saltatrix","H","Dopolo et al. (2013) - Line Fish conference paper.pdf","Both","Low",0,,"not_applicable","not_applicable","non-kelp","unspecified","not_applicable","no","Elf, a dominant species in the ANP shore catch (n=27, 11%); catch record with no kelp or diet observation. Level-0 observed_alternative on the habitat route. Region Both (ANP straddles the kelp limit).",,"agent:opus:rfbf-v7.1"
11,"Elf","Pomatomus saltatrix","H","Dunlop & Mann (2013)-An assessment of participation catch and effort in the offshore boat based line fishery in KZN.pdf","East","Low",0,,"not_applicable","not_applicable","non-kelp","unspecified","not_applicable","no","East-region KZN catch survey; no kelp. Elf/shad (coastal pelagic) recorded in the recreational catch, documenting occurrence in non-kelp KZN coastal waters. Level-0 observed_alternative, habitat route.",,"agent:opus:rfbf-v7.1"
11,"Elf","Pomatomus saltatrix","H","Dunlop and Mann (2012) - An assessment of participation, catch and effort in the KwaZulu-Natal shore-based marine linefishery, with comments on management effectiveness.pdf","East","High",0,,"not_applicable","not_applicable","non-kelp","unspecified","not_applicable","no","Pomatomus saltatrix was a top-five species (673 caught) in the KZN (East) non-kelp shore fishery; a migratory predator caught along the kelp-free east coast. Documented occurrence in non-kelp habitat = level-0 observed_alternative (habitat route). No diet or kelp data.",,"agent:opus:rfbf-v7.1"
11,"Elf","Pomatomus saltatrix","H","Fennessy et al. (1998) - Fish species composition and abundance on a subtropical, artificial reef on the east coast of South Africa.pdf","East","Low",0,,"not_applicable","not_applicable","non-kelp","unspecified","not_applicable","no","Pomatomus saltatrix (elf) is listed in Appendix 1 as observed at Vetch's Pier, an east-coast non-kelp locality, though as a pelagic species it was rarely seen and only between transects. This is a documented (if passing) occurrence of an in-scope species in a non-kelp setting, coded as a level-0 obs",,"agent:opus:rfbf-v7.1"
11,"Elf","Pomatomus saltatrix","H","Fennessy et al. (2003) - An assessment of the recreational and commercial skiboat fishery in the Transkei.pdf","East","Low",0,,"not_applicable","not_applicable","non-kelp","unspecified","not_applicable","no","Elf, a coastal pelagic predator, was retained in the Transkei, east of the kelp limit; no kelp mentioned. Documented non-kelp occurrence. Level-0 observed_alternative, habitat route; trophic route unassessed.",,"agent:opus:rfbf-v7.1"
11,"Elf","Pomatomus saltatrix","H","Fennessy et al. (2010) - Influence of the sardine run on selected nearshore predatory teleosts in KwaZulu-Natal.pdf","East","Medium",0,,"not_applicable","not_applicable","non-kelp","unspecified","not_applicable","no","Primary shore-angling catch data place adult/subadult Pomatomus saltatrix in nearshore KwaZulu-Natal waters (Figure 2, Table 2), a region east of the eastern kelp limit where kelp is absent and never mentioned. This is a documented occurrence in a non-kelp East-coast habitat, i.e. a level-0 observed",,"agent:opus:rfbf-v7.1"
11,"Elf","Pomatomus saltatrix","H","Gonzalez (2024) - Baited remote underwater video surveys report, Stilbaai Marine Protected Area (2013-2016).pdf","East","Medium",0,,"not_applicable","not_applicable","non-kelp","unspecified","not_applicable","no","Pomatomus saltatrix was recorded by baited remote underwater video in the Stilbaai MPA (Table 3; present in 2016 per Table 4). Stilbaai lies on the warm-temperate south coast east of Cape Agulhas/De Hoop, beyond the eastern range limit of Ecklonia maxima, and the report explicitly states that the su",,"agent:opus:rfbf-v7.1"
11,"Elf","Pomatomus saltatrix","H","Götz et al. (2008) - Selected fishery and population parameters of eight shore-angling species in the Tsitsikamma National Park no-take marine reserve.pdf","East","Medium",0,,"not_applicable","not_applicable","non-kelp","unspecified","not_applicable","no","Elf caught in the TNP shore-angling survey (Table 1, n=66) at a non-kelp rocky-reef site on the Eastern Cape coast. Occurrence documented; no diet data and no kelp structural action. Level-0 observed_alternative on the habitat route. Trophic route unassessed.",,"agent:opus:rfbf-v7.1"
11,"Elf","Pomatomus saltatrix","H","Gotz et al. (2009) - Effects of fishing on a temperate reef community in South Africa 1, ichthyofauna.pdf","East","Low",0,,"not_applicable","not_applicable","non-kelp","unspecified","not_applicable","no","Elf was recorded by angling at Goukamma reef sites in the East region, a non-kelp locality; kelp neither measured nor mentioned: Level 0 observed alternative on the habitat route.",,"agent:opus:rfbf-v7.1"
11,"Elf","Pomatomus saltatrix","H","Götz et al. (2009) - fishing on a temperate reef community in South Africa 1- ichthyofauna.pdf","East","Low",0,,"not_applicable","not_applicable","non-kelp","unspecified","not_applicable","no","Pomatomus saltatrix was recorded on warm-temperate rocky reef at the Goukamma MPA study area (south-east coast, near Knysna), which lies east of the Cape Agulhas kelp limit and outside the Ecklonia maxima range. The survey (standardised angling over rocky substrate) documents the species occurring o",,"agent:opus:rfbf-v7.1"
11,"Elf","Pomatomus saltatrix","H","Govender (1996)-Mark_recapture_models_for_determination of mortality, migration and growth in Pomatomus saltatrix.pdf","Both","Low",0,,"not_applicable","not_applicable","non-kelp","adult","not_applicable","no","P. saltatrix is model-scope (Elf; West and East). This is a South African tagging/population-dynamics thesis (regional, eligible). It never mentions kelp, Ecklonia, seaweed or reef, and contains no primary diet analysis, so the trophic route is unassessed (silence). On the habitat route the thesis d",,"agent:opus:rfbf-v7.1"
11,"Elf","Pomatomus saltatrix","H","Graham (1994) - ASSOCIATION OF JUVENILES OF FOUR FISH SPECIES WITH SANDBANKS IN DURBAN BAY, KWAZULU NATAL.pdf","East","Low",0,,"not_applicable","not_applicable","non-kelp","unspecified","not_applicable","no","Pomatomus saltatrix was netted (CPUE 2.3 autumn, 0.3 summer) on the BS estuarine sandbank in Durban Bay (East coast), documenting occurrence of an in-scope species in a non-kelp habitat. Level-0 observed alternative on the habitat route; no kelp in the system.",,"agent:opus:rfbf-v7.1"
11,"Elf","Pomatomus saltatrix","H","Griffiths (2000) - Long-term trends in catch and effort of commercial linefish off South Africa's Cape Province.pdf","East","Low",0,,"not_applicable","not_applicable","non-kelp","unspecified","not_applicable","no","Fishery-independent survey documents elf (Pomatomus saltatrix) on Southern Cape reef complexes in the second survey, in low numbers. Non-kelp reef habitat occurrence; kelp not measured or mentioned. Level-0 observed_alternative, habitat route, region East, Low specificity.",,"agent:opus:rfbf-v7.1"
11,"Elf","Pomatomus saltatrix","H","Hanekom et al. (1989) - Sea temperature variations in the Tsitsikamma Coastal National Park, South Africa, with notes on the effect of cold conditions on some fish populations.pdf","East","Medium",0,,"not_applicable","not_applicable","non-kelp","unspecified","not_applicable","no","Elf occupied the Keurbooms Estuary in large numbers during cold upwelling (East coast), interpreted as a warmer thermal refuge. This documents use of a non-kelp habitat at the sampled place/time; kelp is neither measured nor mentioned. Level-0 observed_alternative habitat record. The prey and season",,"agent:opus:rfbf-v7.1"
11,"Elf","Pomatomus saltatrix","H","Hanekom et al. (1997) - Shore-angling catches in the Tsitsikamma National Park, 1989-1995.pdf","East","High",0,,"not_applicable","not_applicable","non-kelp","unspecified","not_applicable","no","Elf a dominant species in locals' catch (10.4% by number) on the TNP non-kelp coast east of the kelp limit: level 0 observed_alternative, habitat route. Trophic route unassessed.",,"agent:opus:rfbf-v7.1"
11,"Elf","Pomatomus saltatrix","H","Harrison (1999) - A PRELIMINARY SURVEY OF ESTUARIES ON THE SOUTH WEST COAST OF SOUTH AFRICA CAPE HANGKLIP CAPE AGULHAS.pdf","West","Medium",0,,"not_applicable","not_applicable","non-kelp","unspecified","not_applicable","no","One Pomatomus saltatrix was captured during this survey in the Klein Estuary (Table 2 and Table 3, visually verified). This documents an in-scope species occupying non-kelp estuarine habitat at the sampled place and time: level-0 observed_alternative on the habitat route. Single individual, so speci",,"agent:opus:rfbf-v7.1"
11,"Elf","Pomatomus saltatrix","H","Harrison and Whitfield (2006) - Estuarine typology and the structuring of fish communities in South Africa.pdf","Both","Medium",0,,"not_applicable","not_applicable","non-kelp","unspecified","not_applicable","no","Pomatomus saltatrix was captured in estuaries of all three regions (Tables 1, 5, 9), spanning East and West, a non-kelp habitat; kelp and diet unassessed. Level-0 observed_alternative on the habitat route across both regions; trophic route unassessed.",,"agent:opus:rfbf-v7.1"
11,"Elf","Pomatomus saltatrix","H","Harrison and Whitfield (2008) - Geographical and typological changes in fish guilds of South African estuaries.pdf","Both","Low",0,,"not_applicable","not_applicable","non-kelp","unspecified","not_applicable","no","Elf recorded in the estuary survey and listed in Appendix II as marine-estuarine-opportunist (MMO), documenting use of estuarine (non-kelp) habitat. No kelp co-occurrence, structural use, or trophic link observed. Level 0 observed_alternative on the habitat route; region pooled across West and East.",,"agent:opus:rfbf-v7.1"
11,"Elf","Pomatomus saltatrix","H","Hedger et al (2010)-Residency and migratory behaviour of Pomatomus saltratrix.pdf","West","High",0,,"not_applicable","not_applicable","non-kelp","adult","not_applicable","no","This is an acoustic-telemetry study of adult (mature) Pomatomus saltatrix in the Saldanha Bay - Langebaan Lagoon embayment on the South African west coast (West region, within the Ecklonia maxima range). It documents residency and fine- and large-scale movements of 36 tagged adults within a lagoon/e",,"agent:opus:rfbf-v7.1"
11,"Elf","Pomatomus saltatrix","H","Hutchings and Lamberth (2002) - Bycatch in the gillnet and beach-seine fisheries in the Western Cape, South Africa, with implications for management.pdf","West","Medium",0,,"not_applicable","not_applicable","non-kelp","both","not_applicable","no","Elf recorded as 1 009 fish in West Coast estuarine and marine gillnets (Table II), a common bycatch occupying non-kelp open water, mostly immature but including mature fish (Fig. 3). No kelp relationship measured or mentioned; level-0 observed_alternative on the habitat route. Trophic route unassess",,"agent:opus:rfbf-v7.1"
11,"Elf","Pomatomus saltatrix","H","Jairam (2005) - COMMERCIAL AND RECREATIONAL MARINE SKIBOAT LINEFISHERIES IN RICHARDS BAY.pdf","East","Low",0,,"not_applicable","not_applicable","non-kelp","unspecified","not_applicable","no","Elf/shad caught recreationally off Richards Bay (48 individuals), beyond the eastern kelp limit. Documents occurrence in a non-kelp east-coast coastal setting (level-0 observed_alternative, habitat route). No kelp assessed; trophic route unassessed.",,"agent:opus:rfbf-v7.1"
11,"Elf","Pomatomus saltatrix","H","James and Harrison (2008) - A preliminary survey of the estuaries on the south coast of South Africa, Cape St Blaize, Mossel Bay-Robberg Peninsula, Plettenberg Bay, with particular reference to the fish fauna.pdf","East","Low",0,,"not_applicable","not_applicable","non-kelp","unspecified","not_applicable","no","Region East estuarine survey. Pomatomus saltatrix (elf) was caught in the Klein Brak and Knysna estuaries (3 individuals), documenting occupancy of estuarine (non-kelp) habitat. No kelp or diet data. Level-0 observed_alternative on the habitat route; specificity Low.",,"agent:opus:rfbf-v7.1"
11,"Elf","Pomatomus saltatrix","H","James and Harrison (2009) - A preliminary survey of the estuaries on the south coast of South Africa, Robberg Peninsula to Cape St Francis, with particular reference to the fish fauna.pdf","East","High",0,,"not_applicable","not_applicable","non-kelp","both","not_applicable","no","Elf (Pomatomus saltatrix) was caught in four south-coast estuaries (~23-24°E), east of the kelp limit, as recruits and larger fish occupying non-kelp estuarine habitat. No kelp or diet examined. Level-0 observed_alternative on the habitat route; trophic route unassessed.",,"agent:opus:rfbf-v7.1"
11,"Elf","Pomatomus saltatrix","H","James and Harrison (2010) - A preliminary survey of the estuaries on the southeast coast of South Africa, Cape Padrone-Great Fish River, with particular reference to the fish fauna.pdf","East","Low",0,,"not_applicable","not_applicable","non-kelp","unspecified","not_applicable","no","Elf recorded (few individuals) in three southeast-coast estuaries, a non-kelp habitat. No kelp assessed, no diet examined; habitat-route level-0 observed_alternative. Region East. Low specificity.",,"agent:opus:rfbf-v7.1"
11,"Elf","Pomatomus saltatrix","H","James and Harrison (2020) - A preliminary fish survey of the estuaries on the south-east coast of South Africa, Kei Estuary to Mdumbi.pdf","East","Low",0,,"not_applicable","not_applicable","non-kelp","juvenile","not_applicable","no","Elf captured across the estuaries (East region; Table 5 abundance 0.02–0.22%; Table 6 biomass 0.01–0.59%), documenting occupancy of a non-kelp estuarine habitat. Level-0 observed_alternative on the habitat route; no kelp measured or mentioned. Juvenile life stage inferred from category IIc. Trophic ",,"agent:opus:rfbf-v7.1"
11,"Elf","Pomatomus saltatrix","H","James et al (2012)-Temporal variability of temperate fish assemblahe in Africas oldest MPA.pdf","East","High",0,,"not_applicable","not_applicable","non-kelp","unspecified","not_applicable","no","Recorded in all years by shore-angling on the non-kelp East-region reef of TNP; occupancy of non-kelp habitat only. Level-0 observed_alternative on the habitat route; trophic route unassessed.",,"agent:opus:rfbf-v7.1"
11,"Elf","Pomatomus saltatrix","H","James et al. (2001) - The recreational fishery in the Kosi estuarine lake system, South Africa.pdf","East","Low",0,,"not_applicable","not_applicable","non-kelp","unspecified","not_applicable","no","Elf recorded (n=22) as a surf-zone shore catch on the northern KZN east coast, a non-kelp habitat. Level-0 observed_alternative on the habitat route; Low specificity.",,"agent:opus:rfbf-v7.1"
11,"Elf","Pomatomus saltatrix","H","Kok and Whitfield (1986) - The influence of open and closed mouth phases on the marine fish fauna of the Swartvlei estuary.pdf","East","Medium",0,,"not_applicable","not_applicable","non-kelp","unspecified","not_applicable","no","Captured by gill netting in the Swartvlei estuary (Cape south coast, 34°S 22°46′E), a seagrass and sand-flat estuarine system east of the Agulhas kelp limit (Table 1). This documents an in-scope species occupying a non-kelp estuarine habitat; kelp is neither observed nor mentioned. Level 0 observed_",,"agent:opus:rfbf-v7.1"
11,"Elf","Pomatomus saltatrix","H","Lamberth (1994) - The commercial beach-seine fishery in False Bay, South Africa.pdf","West","High",0,,"not_applicable","not_applicable","non-kelp","both","not_applicable","no","Caught in beach-seine hauls in the sandy surf zone of False Bay in most hauls; documents occupancy of a non-kelp habitat. Level-0 observed_alternative on the habitat route.",,"agent:opus:rfbf-v7.1"
11,"Elf","Pomatomus saltatrix","H","Lamberth (2006) - White shark and other chondrichthyan interactions with the beach-seine (treknet) fishery in False Bay, South Africa.pdf","West","High",0,,"not_applicable","not_applicable","non-kelp","unspecified","not_applicable","no","Elf is a named beach-seine target species caught on non-kelp sandy surf-zone grounds in False Bay. Kelp not measured or mentioned. Level-0 observed_alternative on the habitat route.",,"agent:opus:rfbf-v7.1"
11,"Elf","Pomatomus saltatrix","H","Lamberth (2008) - Approaches to assessing the status of nearshore and estuarine fish and fisheries and their responses to environmental change.pdf","Both","High",0,,"not_applicable","not_applicable","non-kelp","unspecified","not_applicable","no","Elf documented in estuaries, dominated by West-coast catch (62.58 t). Level-0 observed_alternative (non-kelp estuarine habitat). Region Both.",,"agent:opus:rfbf-v7.1"
11,"Elf","Pomatomus saltatrix","H","Lamberth and Turpie (2003) - The role of estuaries in South African fisheries, economic importance and management implications.pdf","Both","High",0,,"not_applicable","not_applicable","non-kelp","juvenile","not_applicable","no","Elf (Category IIc) is documented as estuary-dependent, occupying estuaries in all five regions with West Coast catch dominant (62.58 t; Table V), a non-kelp habitat. Level-0 observed_alternative on the habitat route; kelp never assessed. Region Both.",,"agent:opus:rfbf-v7.1"
11,"Elf","Pomatomus saltatrix","H","Lamberth et al. (1995) - The vulnerability of fish to capture by commercial beach-seine nets in False Bay, South Africa.pdf","West","Medium",0,,"not_applicable","not_applicable","non-kelp","juvenile","not_applicable","no","Elf (juveniles, below maturity) caught in the Fish Hoek Beach sandy surf zone (West coast); documented occupancy of a non-kelp habitat. No kelp use, diet, availability, or counterfactual assessed, so level-0 observed_alternative on the habitat route.",,"agent:opus:rfbf-v7.1"
11,"Elf","Pomatomus saltatrix","H","Lamberth et al. (1997) - The status of the South African beach-seine and gill-net fisheries.pdf","West","Medium",0,,"not_applicable","not_applicable","non-kelp","unspecified","not_applicable","no","Pomatomus saltatrix recorded in the this-study West Coast surf-zone/nearshore net fishery (872 kg, 383 hauls, 1995-1996), documenting occurrence in a non-kelp habitat at the sampled place and time. No kelp, diet, availability or performance data, so level-0 observed_alternative on the habitat route.",,"agent:opus:rfbf-v7.1"
11,"Elf","Pomatomus saltatrix","H","Lamberth et al. (2008) - Comparison of, and the effects of altered freshwater inflow on, fish assemblages of two contrasting South African estuaries, the cool-temperate Olifants and the warm-temperate Breede.pdf","Both","High",0,,"not_applicable","not_applicable","non-kelp","both","not_applicable","no","Elf occurred in both estuaries' seine and gillnet catches. Estuary is a non-kelp habitat; the occurrence is a level-0 observed_alternative on the habitat route.",,"agent:opus:rfbf-v7.1"
11,"Elf","Pomatomus saltatrix","H","Lasiak (1981) - Nursery grounds of juvenile teleosts, evidence from the surf zone of King's Beach, Port Elizabeth.pdf","East","High",0,,"not_applicable","not_applicable","non-kelp","both","not_applicable","no","Pomatomus saltatrix (elf) is recorded in the King's Beach surf-zone catch (Table 2: N=25, 0.3%, 7.0-24.5 cm) and asterisked in Table 1 as also caught as adults, so life stage is both. The sandy East-coast surf zone in Algoa Bay is beyond the Ecklonia maxima limit and kelp is never mentioned. This is",,"agent:opus:rfbf-v7.1"
11,"Elf","Pomatomus saltatrix","H","Lasiak (1983) - Structural Aspects of the Surf-zone Fish Assemblage at King’s Beach, Algoa Bay, South Africa.pdf","East","Medium",0,,"not_applicable","not_applicable","non-kelp","unspecified","not_applicable","no","Pomatomus saltatrix (elf) occurred in the sandy surf-zone catch at King's Beach, Algoa Bay (East coast, no kelp present or sampled), documenting occupancy of a non-kelp habitat. No kelp co-occurrence, structural use, or diet observation, so level-0 observed_alternative on the habitat route.",,"agent:opus:rfbf-v7.1"
11,"Elf","Pomatomus saltatrix","H","Lasiak (1984).pdf","East","High",0,,"not_applicable","not_applicable","non-kelp","unspecified","not_applicable","no","Pomatomus saltatrix (elf), a resident of the King's Beach sandy surf-zone (East). Non-kelp habitat occupancy = level-0 observed_alternative.",,"agent:opus:rfbf-v7.1"
11,"Elf","Pomatomus saltatrix","H","Lloyd et al. (2011) - Ocean warming alters species abundance patterns and increases species diversity in an African sub-tropical reef-fish community.pdf","East","Low",0,,"not_applicable","not_applicable","non-kelp","unspecified","not_applicable","no","Pomatomus saltatrix (elf) is recorded in the KwaZulu-Natal offshore-reef spear-fishing catch (28.0–31.6°S; East region), with 2 individuals shot 1989–2007 (Appendix A). Documents the species occurring in a non-kelp subtropical reef zone; kelp is not measured or mentioned. Pelagic predator and very l",,"agent:opus:rfbf-v7.1"
11,"Elf","Pomatomus saltatrix","H","Maggs et al (2012)-Long terms trends in the recreational shore-fishery for Pomatomus saltatrix.pdf","East","Low",0,,"not_applicable","not_applicable","non-kelp","adult","not_applicable","no","This is a primary catch-and-effort study of the recreational shore-fishery for elf (Pomatomus saltatrix) along the ~560 km KwaZulu-Natal coast (East region, north-east of the eastern kelp limit). Its own data document elf being caught in the KZN nearshore/shore zone (over 1.5 million elf, 1985-2009)",,"agent:opus:rfbf-v7.1"
11,"Elf","Pomatomus saltatrix","H","Maggs et al (2013)-Contribution of a large no take zone to the management of vulnerable reef fishes in the south western indian ocean.pdf","East","Medium",0,,"not_applicable","not_applicable","non-kelp","unspecified","not_applicable","no","Pomatomus saltatrix (elf) was caught in the Pondoland MPA survey on East-Coast reef at 10–30 m (6 individuals, Table A1), east of the kelp limit. Level-0 observed_alternative on the habitat route; trophic route unassessed. Region East.",,"agent:opus:rfbf-v7.1"
11,"Elf","Pomatomus saltatrix","H","Mann and Pradervand (2007) - Declining catch per unit effort of an estuarine-dependent fish, Rhabdosargus sarba (Teleostei, Sparidae), in the marine environment following closure of the St Lucia Estuarine System, South Africa.pdf","East","Low",0,,"not_applicable","not_applicable","non-kelp","unspecified","not_applicable","no","Caught in the northern KZN marine surf zone (Table 1, 94 fish); documented occurrence in a non-kelp habitat outside the kelp range. Level-0 observed_alternative on the habitat route. No trophic data.",,"agent:opus:rfbf-v7.1"
11,"Elf","Pomatomus saltatrix","H","Mann et al. (2003) - Evaluation of participation in and management of the Transkei shore linefishery.pdf","East","Medium",0,,"not_applicable","not_applicable","non-kelp","unspecified","not_applicable","no","Elf, the most numerous species in the catch (Table IV, n=120), caught along the non-kelp Transkei (East) shore-fishery. Level-0 observed-alternative habitat record; a migratory pelagic species with no kelp-structural or diet observation here.",,"agent:opus:rfbf-v7.1"
11,"Elf","Pomatomus saltatrix","H","Mann et al. (2006) - Towards the declaration of a large marine protected area, a subtidal ichthyofaunal survey of the Pondoland coast in the Eastern Cape, South Africa.pdf","East","High",0,,"not_applicable","not_applicable","non-kelp","unspecified","not_applicable","no","Counted in the Pondoland UVC (Table 1: N=37, density 4.83 per 1 000 m2) in the water column over non-kelp reefs, Eastern Cape. Level-0 observed_alternative on the habitat route; a mobile pelagic recorded over reef, no trophic data.",,"agent:opus:rfbf-v7.1"
11,"Elf","Pomatomus saltatrix","H","Mann et al. (2015) - Movement patterns of surf-zone fish species in a subtropical MPA on the east coast of South Africa.pdf","East","Low",0,,"not_applicable","not_applicable","non-kelp","adult","not_applicable","no","East-coast subtropical MPA beyond the kelp limit; no kelp present. P. saltatrix was caught (122) in the surf zone, documenting occupancy of a non-kelp habitat, although the authors note it is a warm-temperate species scarce at this northern-limit locality. Level-0 observed_alternative on the habitat",,"agent:opus:rfbf-v7.1"
11,"Elf","Pomatomus saltatrix","H","Mann et al. (2016) - Monitoring the recovery of a previously exploited surf-zone fish community in the St Lucia Marine Reserve, South Africa.pdf","East","Medium",0,,"not_applicable","not_applicable","non-kelp","unspecified","not_applicable","no","Pomatomus saltatrix was captured (n=118) in the St Lucia surf zone on the KwaZulu-Natal east coast, documenting occupancy of a non-kelp surf-zone habitat. Level-0 observed_alternative on the habitat route; region East, no kelp present. No diet or kelp comparison.",,"agent:opus:rfbf-v7.1"
11,"Elf","Pomatomus saltatrix","H","Mann et al. (2022) - Monitoring the effects of spatial protection on the reef fish communities of the Pondoland Marine Protected Area, Eastern Cape Province, South Africa.pdf","East","Medium",0,,"not_applicable","not_applicable","non-kelp","unspecified","not_applicable","no","In-scope elf (Pomatomus saltatrix) caught on Pondoland reef (10–30 m, Eastern Cape east coast), east of the kelp range. Occupies non-kelp reef habitat; kelp neither measured nor mentioned. Level-0 observed_alternative on the habitat route; trophic route unassessed.",,"agent:opus:rfbf-v7.1"
11,"Elf","Pomatomus saltatrix","H","Marais (1984) - Feeding ecology of major carnivorous fish from four eastern Cape estuaries.pdf","East","Medium",0,,"not_applicable","not_applicable","non-kelp","both","not_applicable","no","Elf occupies the eastern Cape estuaries where it was gill-netted. Occupation of a non-kelp estuarine habitat by an in-scope species is a level-0 observed_alternative on the habitat route.",,"agent:opus:rfbf-v7.1"
11,"Elf","Pomatomus saltatrix","H","Marais (1990) - Body composition of ten marine migrants and one freshwater fish species caught in estuaries of the Eastern Cape.pdf","East","Medium",0,,"not_applicable","not_applicable","non-kelp","unspecified","not_applicable","no","Pomatomus saltatrix was gill-netted in Eastern Cape estuaries (Table I, N=13 across two size classes) for whole-body proximate analysis, documenting an in-scope species occupying a non-kelp estuarine habitat east of the kelp limit. This is a level-0 habitat observed_alternative. No diet and no kelp ",,"agent:opus:rfbf-v7.1"
11,"Elf","Pomatomus saltatrix","H","McGregor and Strydom (2018) - The abundance, diversity and distribution of small fishes in mangrove and non-mangrove estuaries in warm temperate South Africa.pdf","East","High",0,,"not_applicable","not_applicable","non-kelp","juvenile","not_applicable","no","Pomatomus saltatrix (elf) was caught in three Eastern Cape estuaries (N=138 Gonubie, 1 Qora, 3 Xhora; Table 1), east of the kelp limit, in estuarine non-kelp habitat, juvenile sizes. Level-0 observed_alternative on the habitat route.",,"agent:opus:rfbf-v7.1"
11,"Elf","Pomatomus saltatrix","H","Nodo et al. (2018) - Response of demersal fish assemblages to an extreme flood event in a freshwater-deprived estuary in South Africa.pdf","East","Medium",0,,"not_applicable","not_applicable","non-kelp","juvenile","not_applicable","no","Pomatomus saltatrix (in-scope) was caught (n=6, juveniles ~60–80 mm SL) in the middle reaches of the Kariega Estuary (Eastern Cape, East region) in summer. This documents an in-scope species occupying a non-kelp estuarine habitat: level-0 observed_alternative on the habitat route. No diet analysis; ",,"agent:opus:rfbf-v7.1"
11,"Elf","Pomatomus saltatrix","H","Osgood et al. (2020) - Chondrichthyans as an umbrella species-complex for conserving South African biodiversity.pdf","West","Low",0,,"not_applicable","not_applicable","non-kelp","unspecified","not_applicable","no","Shad (elf) is recorded once on BRUV in the kelp region at a non-kelp site. A single occurrence documents presence in the region on a non-kelp habitat: level-0 observed_alternative on the habitat route, Low specificity. Trophic route unassessed.",,"agent:opus:rfbf-v7.1"
11,"Elf","Pomatomus saltatrix","H","Parker et al (2017)-An assessment of Rhabdosargus globiceps fishery of Saldanha Bay SA.pdf","West","Low",0,,"not_applicable","not_applicable","non-kelp","unspecified","not_applicable","no","Elf is named as a seasonal alternative species present in Saldanha Bay (a sheltered non-kelp west-coast bay), drawing angling effort away from white stumpnose in winter. A primary but very thin occurrence observation with no habitat characterization. Classified level 0 (observed_alternative), habita",,"agent:opus:rfbf-v7.1"
11,"Elf","Pomatomus saltatrix","H","Pattrick and Strydom (2014) - Recruitment of fish larvae and juveniles into two estuarine nursery areas with evidence of ebb tide use.pdf","East","Medium",0,,"not_applicable","not_applicable","non-kelp","juvenile","not_applicable","no","Two elf juveniles were caught in the Sundays Estuary (East, non-kelp estuarine nursery). A level-0 observed_alternative habitat record; specificity Medium given two individuals.",,"agent:opus:rfbf-v7.1"
11,"Elf","Pomatomus saltatrix","H","Pattrick and Strydom (2014) - The effects of exposure in sandy beach surf zones on larval fishes.pdf","East","Low",0,,"not_applicable","not_applicable","non-kelp","juvenile","not_applicable","no","Pomatomus saltatrix was captured as a single early juvenile (n=1; Table I) in the sandy beach surf zones of Algoa Bay (East of the kelp limit). This documents the in-scope species occupying a non-kelp habitat at the sampled place, time and life stage; kelp is neither present nor measured. Habitat-ro",,"agent:opus:rfbf-v7.1"
11,"Elf","Pomatomus saltatrix","H","Penney et al. (1999) - Long-term trends in catch and effort in the KwaZulu-Natal nearshore linefisheries.pdf","East","Low",0,,"not_applicable","not_applicable","non-kelp","unspecified","not_applicable","no","Elf is documented as a predatory pelagic gamefish occurring along the KwaZulu-Natal coast (East region, no kelp) and is a KZN linefish target. Occupation of non-kelp coastal habitat by an in-scope species is a level-0 observed_alternative on the habitat route. The prey-following (trophic) detail is ",,"agent:opus:rfbf-v7.1"
11,"Elf","Pomatomus saltatrix","H","Pradervand (2004) - Long-term trends in the shore fishery of the Transkei coast, South Africa.pdf","East","High",0,,"not_applicable","not_applicable","non-kelp","adult","not_applicable","no","P. saltatrix, the most abundant species (n=3414, all mature), recorded in the Transkei shore fishery (East, non-kelp); no diet or kelp-structure observation. Level-0 observed_alternative on the habitat route.",,"agent:opus:rfbf-v7.1"
11,"Elf","Pomatomus saltatrix","H","Pradervand and Govender (2003) - Assessment of catches in shore angling competitions from the border region of the Eastern Cape, South Africa.pdf","East","High",0,,"not_applicable","not_applicable","non-kelp","adult","not_applicable","no","Elf positively identified (n=238, all mature) in the Border surf-zone catch, Eastern Cape (East of kelp limit). Level-0 observed_alternative habitat record. No diet data; trophic route unassessed.",,"agent:opus:rfbf-v7.1"
11,"Elf","Pomatomus saltatrix","H","Pradervand and Hiseman (2006) - An analysis of the recreational shore fishery in the Goukamma Marine Protected Area.pdf","East","Medium",0,,"not_applicable","not_applicable","non-kelp","adult","not_applicable","no","Table 1 records 262 shad/elf (Pomatomus saltatrix) in the Goukamma MPA shore fishery, east of the eastern kelp limit, in non-kelp coastal habitat. Occurrence only, no diet or kelp-structure use, no measured availability. Level-0 observed-alternative habitat record. Trophic route unassessed.",,"agent:opus:rfbf-v7.1"
11,"Elf","Pomatomus saltatrix","H","Pradervand et al. (2007) - Long-term trends in the competitive shore fishery along the KwaZulu-Natal coast, South Africa.pdf","East","Medium",0,,"not_applicable","not_applicable","non-kelp","adult","not_applicable","no","Elf is the top teleost in this East-coast non-kelp shore fishery (9.7% by number), almost all mature (>99%), with a cool-season inshore catch peak. Documents occupancy of non-kelp coastal habitat; kelp not assessed. Level-0 observed_alternative, habitat route.",,"agent:opus:rfbf-v7.1"
11,"Elf","Pomatomus saltatrix","H","Rishworth et al. (2014) - Fish utilization of surf-zones. Are they changing? A case study of the Sheltered, warm-temperate King's Beach.pdf","East","Medium",0,,"not_applicable","not_applicable","non-kelp","both","not_applicable","no","Elf was caught in the King's Beach sandy surf-zone 100 m seine (6 individuals, mixed juvenile/adult). In-scope species occupying non-kelp habitat, East region, outside the kelp range. Level 0 observed_alternative on the habitat route.",,"agent:opus:rfbf-v7.1"
11,"Elf","Pomatomus saltatrix","H","Rishworth et al. (2015) - The nursery role of a sheltered surf-zone in warm-temperate southern Africa.pdf","East","Low",0,,"not_applicable","not_applicable","non-kelp","juvenile","not_applicable","no","Pomatomus saltatrix is captured (Table 2, n=1, early juvenile, TL 5.60 cm) in the King's Beach surf-zone, a non-kelp sandy habitat in the East region, giving a level-0 observed_alternative habitat record. No kelp is measured or mentioned, and no availability, comparator, or endpoint bears on kelp. S",,"agent:opus:rfbf-v7.1"
11,"Elf","Pomatomus saltatrix","H","Schramm (1991) - Grillotia perelica plerocercoids in mullet from estuaries in Transkei.pdf","East","Low",0,,"not_applicable","not_applicable","non-kelp","unspecified","not_applicable","no","Pomatomus saltatrix (n=5, Elf) was caught among the estuarine teleosts of the Transkei estuaries, documenting occurrence in a non-kelp estuarine habitat on the East coast. Level-0 observed_alternative on the habitat route; occurrence only, so Low specificity.",,"agent:opus:rfbf-v7.1"
11,"Elf","Pomatomus saltatrix","H","Schutte et al. (2020) - Changes in the fish community of the St Lucia estuarine system following Cyclone Gamede.pdf","East","Medium",0,,"not_applicable","not_applicable","non-kelp","unspecified","not_applicable","no","Pomatomus saltatrix was recorded as a marine species occupying the St Lucia estuarine system at trace CPUE, a non-kelp East-coast habitat (Table 1, total 0.003%). This is a level-0 observed_alternative on the habitat route. Diet was not examined, so the trophic route is unassessed. No kelp variable ",,"agent:opus:rfbf-v7.1"
11,"Elf","Pomatomus saltatrix","H","Sheppard et al. (2011) - What role do beds of submerged macrophytes play in structuring estuarine fish assemblages.pdf","East","Low",0,,"not_applicable","not_applicable","non-kelp","juvenile","not_applicable","no","Elf (Pomatomus saltatrix) was recorded once in the non-kelp Eastern Cape estuary during the senescent period. Level-0 habitat observed_alternative; kelp not considered.",,"agent:opus:rfbf-v7.1"
11,"Elf","Pomatomus saltatrix","H","Smale (1983) - Resource partitioning by top predatory teleosts in the eastern cape coastal waters South Africa.pdf","East","Low",0,,"not_applicable","not_applicable","non-kelp","both","not_applicable","no","Pomatomus saltatrix is documented as a pelagic predator over soft, sandy substrates in the eastern Cape, a non-kelp habitat. Level-0 observed_alternative on the habitat route; Low specificity because habitat is stated only at the pelagic-grouping level.",,"agent:opus:rfbf-v7.1"
11,"Elf","Pomatomus saltatrix","H","Smale (1984) - Inshore small-mesh trawling survey of the Cape south coast. Part 3. The occurrence and feeding of Argyrosomus hololepidotus, Pomatomus saltatrix and Merluccius capensis.pdf","East","High",0,,"not_applicable","not_applicable","non-kelp","juvenile","not_applicable","no","Juvenile P. saltatrix are documented as a pelagic midwater predator distributed over shallow soft-bottom coastal waters (CPUE greatest 0-19 m) sampled by otter trawl east of the kelp limit. Kelp structure is absent and unmentioned. This is a documented observation of an in-scope species occupying no",,"agent:opus:rfbf-v7.1"
11,"Elf","Pomatomus saltatrix","H","Smale (1987) - Food paritioning by coastal pedatory teleosts in South Africa.pdf","East","Medium",0,,"not_applicable","not_applicable","non-kelp","both","not_applicable","no","The source documents P. saltatrix occupying non-kelp habitat at the sampled place, time and life stage: all 400 specimens were taken inshore of Cape Recife, east of the eastern kelp limit, and the paper's habitat vocabulary throughout is confined to pelagic, reef and soft substrates. This is a level",,"agent:opus:rfbf-v7.1"
11,"Elf","Pomatomus saltatrix","H","Smale (2009) - The feeding habits of six pelagic and predatory teleosts in eastern Cape coastal waters (South Africa).pdf","East","Low",0,,"not_applicable","not_applicable","non-kelp","both","not_applicable","no","P. saltatrix is documented occupying eastern Cape inshore coastal water (Algoa Bay and environs), a non-kelp habitat east of the kelp limit, at the sampled place and time. The source records no action involving kelp structure, so the habitat route is a level-0 observed_alternative. Specificity is Lo",,"agent:opus:rfbf-v7.1"
11,"Elf","Pomatomus saltatrix","H","Smale and Buxton (1985) - recreational ski-boat fishery off the Eastern Cape.pdf","East","Medium",0,,"not_applicable","not_applicable","non-kelp","adult","not_applicable","no","Elf is a principal, quantified component of the Eastern Cape catch (Algoa Bay), east of the kelp limit, and is labelled a pelagic species. The catch documents occupancy of non-kelp pelagic/coastal habitat, a level-0 observed alternative on the habitat route. Life history (adult migration to Natal, j",,"agent:opus:rfbf-v7.1"
11,"Elf","Pomatomus saltatrix","H","Smale and Kok (2015)-The occurrence and feeding of Pomatomus saltatrix  elf  and Lichia amia  leervis  juveniles in two Cape south coast estuaries.pdf","East","Medium",0,,"not_applicable","not_applicable","non-kelp","juvenile","not_applicable","no","P. saltatrix juveniles were caught throughout Knysna estuary across a salinity gradient (12-35 per mille), with the largest catches in mixed estuarine waters above the railway bridge; the species is described as a midwater schooling predator. This documents occupancy of a non-kelp estuarine habitat ",,"agent:opus:rfbf-v7.1"
11,"Elf","Pomatomus saltatrix","H","Smale et al. (1993) - Analysis of the demersal community of fish and cephalopods on the Agulhas Bank, South Africa.pdf","East","Low",0,,"not_applicable","not_applicable","non-kelp","unspecified","not_applicable","no","Elf taken in Agulhas Bank demersal trawls (Appendix 1); occurrence in non-kelp shelf habitat east of the kelp limit. Level-0 observed_alternative on the habitat route.",,"agent:opus:rfbf-v7.1"
11,"Elf","Pomatomus saltatrix","H","Sowman (1984) - An assessment of recreational carrying capacity at Infanta, South Cape.pdf","East","Medium",0,,"not_applicable","not_applicable","non-kelp","unspecified","not_applicable","no","Table 11 records 85 elf (114.0 kg). The species is documented occupying non-kelp East-coast marine habitat east of the kelp limit; no trophic or kelp-structural observation: level-0 observed_alternative on the habitat route. Trophic route unassessed.",,"agent:opus:rfbf-v7.1"
11,"Elf","Pomatomus saltatrix","H","Strydom (2008) - Utilization of shallow subtidal bays associated with warm temperate rocky shores by the late-stage larvae of some inshore fish species, South Africa.pdf","East","Low",0,,"not_applicable","not_applicable","non-kelp","juvenile","not_applicable","no","A single Pomatomus saltatrix juvenile was recorded in these non-kelp subtidal bays east of the kelp limit, a documented occurrence of an in-scope species in a non-kelp habitat, giving a level-0 observed_alternative habitat record. Specificity is Low given the single individual.",,"agent:opus:rfbf-v7.1"
11,"Elf","Pomatomus saltatrix","H","Strydom et al. (2014) - Occurrence of larval fishes in a rocky shore-associated nursery area in temperate South Africa.pdf","East","Low",0,,"not_applicable","not_applicable","non-kelp","juvenile","not_applicable","no","Pomatomus saltatrix was recorded as four juveniles in Shark Bay, a non-kelp East-coast rocky-shore bay. Documented occupancy of a non-kelp habitat by an in-scope species: level-0 observed_alternative on the habitat route. Specificity low (few individuals, catch-record only).",,"agent:opus:rfbf-v7.1"
11,"Elf","Pomatomus saltatrix","H","Talbots (1955)-Notes on the biology of Rhabdosargus globiceps.pdf","West","Low",0,,"not_applicable","not_applicable","non-kelp","unspecified","not_applicable","no","Elf (Pomatomus saltatrix, recorded as P. saltator) is documented as a common predator present in the Klein River estuary, a non-kelp habitat. Level-0 observed_alternative on the habitat route.",,"agent:opus:rfbf-v7.1"
11,"Elf","Pomatomus saltatrix","H","Ter Morshuizen and Whitfield (1994) - The distribution of littoral fish associated with eelgrass Zostera capensis beds in the Kariega Estuary.pdf","East","Medium",0,,"not_applicable","not_applicable","non-kelp","juvenile","not_applicable","no","Pomatomus saltatrix (elf) was captured as a single incidental record in middle-reach eelgrass (Table II) of a non-kelp Eastern Cape estuary, with no kelp or diet observation. Level-0 observed_alternative, habitat route.",,"agent:opus:rfbf-v7.1"
11,"Elf","Pomatomus saltatrix","H","Van der Walt and Govender (1996) - Stock assessment of Sarpa salpa (Pisces, Sparidae) off the KwaZulu-Natal coast, South Africa.pdf","East","Medium",0,,"not_applicable","not_applicable","non-kelp","unspecified","not_applicable","no","Pomatomus saltatrix (Elf) is individually named and is the dominant species in the KwaZulu-Natal shore-angling catch (71.9% North Coast, 65.7% South Coast), characterised by the authors as a surf and gamefish species of the East-coast shore fishery. This documents an in-scope species occupying a non",,"agent:opus:rfbf-v7.1"
11,"Elf","Pomatomus saltatrix","H","Venter and Mann (2012) - Preliminary assessment of surf-zone and estuarine line-fish species of the Dwesa-Cwebe Marine Protected Area.pdf","East","Medium",0,,"not_applicable","not_applicable","non-kelp","unspecified","not_applicable","no","Recorded in the East-region non-kelp surf-zone (3 individuals, 0.28%). Kelp neither measured nor mentioned. Level-0 observed_alternative on the habitat route. No diet data, trophic route unassessed.",,"agent:opus:rfbf-v7.1"
11,"Elf","Pomatomus saltatrix","H","Wallace et al. (1984) - Inshore small-mesh trawling survey of the Cape south coast. Part 1. Introduction, methods, stations and catches.pdf","East","Medium",0,,"not_applicable","not_applicable","non-kelp","unspecified","not_applicable","no","Elf abundant in the soft-bottom trawl survey east of the kelp coast; non-kelp habitat occurrence. Level 0 observed_alternative on the habitat route; diet deferred to Part 3 (citation lead).",,"agent:opus:rfbf-v7.1"
11,"Elf","Pomatomus saltatrix","H","Wallace et al. (1984) - Inshore small-mesh trawling survey of the Cape south coast. Part 2. Occurrence of estuarine-associated fishes.pdf","East","High",0,,"not_applicable","not_applicable","non-kelp","both","not_applicable","no","Juveniles trawled abundantly on soft substrata and adults observed over rocky reef, on the Cape south coast east of the kelp limit. Documented non-kelp habitat occupancy across life stages; no kelp, diet or availability data here. Level-0 observed_alternative, habitat route.",,"agent:opus:rfbf-v7.1"
11,"Elf","Pomatomus saltatrix","H","Watt-Pringle and Strydom (2003) - Habitat use by larval fishes in a temperate South African surf zone.pdf","East","Medium",0,,"not_applicable","not_applicable","non-kelp","juvenile","not_applicable","no","Pomatomus saltatrix was recorded (two postflexion individuals) in a sandy inner surf zone east of the kelp limit, documenting occupancy of a non-kelp habitat. Level-0 observed_alternative on the habitat route; kelp not assessed. Specificity Medium given only two individuals.",,"agent:opus:rfbf-v7.1"
11,"Elf","Pomatomus saltatrix","H","Whitfield (2005) - Preliminary documentation and assessment of fish diversity in sub-Saharan African estuaries.pdf","West","Low",0,,"not_applicable","not_applicable","non-kelp","unspecified","not_applicable","yes","Pomatomus saltatrix (marine immigrant) is listed among West-coast cool-temperate estuarine fish (Table 2), documenting non-kelp (estuarine) habitat use -> level-0 observed_alternative, habitat route. Secondary compilation.",,"agent:opus:rfbf-v7.1"
11,"Elf","Pomatomus saltatrix","H","Whitfield and Blaber (1978) - Food and feeding ecology of piscivorous fishes at Lake St Lucia, Zululand.pdf","East","Medium",0,,"not_applicable","not_applicable","non-kelp","unspecified","not_applicable","no","Pomatomus saltatrix (Elf, model_scope=true) was recorded occurring in South Lake of the St Lucia estuarine system, a kelp-free non-kelp habitat far east of the kelp coast. This is a documented occupation of a non-kelp habitat (level 0, observed_alternative). No trophic observation specific to this s",,"agent:opus:rfbf-v7.1"
11,"Elf","Pomatomus saltatrix","H","Whitfield et al. (1993) - A comparison of the ichthyofaunas in two permanently open eastern Cape estuaries.pdf","East","Medium",0,,"not_applicable","not_applicable","non-kelp","both","not_applicable","no","Pomatomus saltatrix (elf) was recorded across plankton, seine and gill nets in both eastern Cape estuaries (gill Kowie 1,3 per 100 h), documenting occupancy of non-kelp estuarine habitat: level-0 observed_alternative on the habitat route.",,"agent:opus:rfbf-v7.1"
11,"Elf","Pomatomus saltatrix","H","Whitfield et al. (2023) - Fishes of the Knysna Estuary.pdf","East","Low",0,,"not_applicable","not_applicable","non-kelp","juvenile","not_applicable","no","Elf juveniles are documented using estuarine conditions opportunistically, an occupancy of a non-kelp habitat, giving a level-0 observed_alternative habitat record.",,"agent:opus:rfbf-v7.1"
11,"Elf","Pomatomus saltatrix","H","Winker et al. (2013).pdf","Both","Low",0,,"not_applicable","not_applicable","non-kelp","adult","not_applicable","no","Elf is documented as a component of the SW and SE hand-line catch (Tables 1 and 2), establishing occurrence in the (non-kelp) commercial fishery grounds at the sampled place and time. Level 0 observed_alternative on the habitat route; no diet or kelp observation, so the trophic route is unassessed a",,"agent:opus:rfbf-v7.1"
11,"Elf","Pomatomus saltatrix","T","Marais (1984) - Feeding ecology of major carnivorous fish from four eastern Cape estuaries.pdf","East","High",0,,"non_kelp","not_applicable","not_applicable","both","not_applicable","no","Elf was caught and its diet analysed in the estuaries; it fed on estuarine fish (Gilchristella, mullets) and cephalopods (Sepia), none kelp-linked. A level-0 observed_alternative on the trophic route.",,"agent:opus:rfbf-v7.1"
11,"Elf","Pomatomus saltatrix","T","Sauer and Smale (1991) - Predation patterns on squid Loligo vulgaris reynaudll.pdf","East","High",0,,"non_kelp","outside","not_applicable","unspecified","not_applicable","no","Quantified stomach contents for Pomatomus saltatrix (n = 31, Table IIa, p. 520) from the south-eastern Cape spawning grounds, east of the eastern kelp limit. All identified prey are non-kelp: squid and pelagic teleosts. Kelp is never measured or mentioned as food or habitat in the source. Level-0 ob",,"agent:opus:rfbf-v7.1"
11,"Elf","Pomatomus saltatrix","T","Smale (1983) - Resource partitioning by top predatory teleosts in the eastern cape coastal waters South Africa.pdf","East","High",0,,"non_kelp","not_applicable","not_applicable","both","not_applicable","no","Pomatomus saltatrix in the eastern Cape feeds on pelagic schooling teleosts, squid (Loligo reynaudi) and mysids, all non-kelp prey east of the kelp range. Documented use of a non-kelp food resource, hence level-0 observed_alternative on the trophic route.",,"agent:opus:rfbf-v7.1"
11,"Elf","Pomatomus saltatrix","T","Smale (1984) - Inshore small-mesh trawling survey of the Cape south coast. Part 3. The occurrence and feeding of Argyrosomus hololepidotus, Pomatomus saltatrix and Merluccius capensis.pdf","East","High",0,,"non_kelp","not_applicable","not_applicable","juvenile","not_applicable","no","Pomatomus saltatrix juveniles (99.7% nought-year-old) are directly observed in the soft-bottom inshore trawl nursery east of the kelp limit. Their diet (Table 2, verified) is mysids, euphausiids, loliginids and pelagic/suprabenthic teleosts, none linked to a kelp food web. This is a documented non-k",,"agent:opus:rfbf-v7.1"
11,"Elf","Pomatomus saltatrix","T","Smale (1987) - Food paritioning by coastal pedatory teleosts in South Africa.pdf","East","High",0,,"non_kelp","outside","not_applicable","both","not_applicable","no","The source documents P. saltatrix (400 stomachs across four size groups from 20 to 70 cm, all taken inshore of Cape Recife, east of the eastern kelp limit) consuming exclusively non-kelp prey: clupeids, engraulids, Loligo reynaudi and, in the largest size group, Diplodus sargus, Pterogymnus laniariu",,"agent:opus:rfbf-v7.1"
11,"Elf","Pomatomus saltatrix","T","Smale (2009) - The feeding habits of six pelagic and predatory teleosts in eastern Cape coastal waters (South Africa).pdf","East","High",0,,"non_kelp","not_applicable","not_applicable","both","not_applicable","no","Pomatomus saltatrix is an in-scope predator whose diet in eastern Cape coastal water (mainly Algoa Bay) comprises pelagic schooling squid (Loligo reynaudi) and clupeid/engraulid teleosts. This is documented consumption of non-kelp food at the sampled place and time, with no kelp food-web link, givin",,"agent:opus:rfbf-v7.1"
11,"Elf","Pomatomus saltatrix","T","Smale and Kok (2015)-The occurrence and feeding of Pomatomus saltatrix  elf  and Lichia amia  leervis  juveniles in two Cape south coast estuaries.pdf","East","High",0,,"non_kelp","not_applicable","not_applicable","juvenile","not_applicable","no","Smale & Kok document the diet of juvenile P. saltatrix in Knysna estuary (Table 1) as estuarine crustaceans (Mysidacea Mesopedopsis slabberi, Penaeidae, Caridea; 81.7% dry mass in fish <100 mm) and estuarine teleosts (Hepsetia breviceps, Gobiidae, Sparidae, engraulids, unidentified teleosts; 96.8% d",,"agent:opus:rfbf-v7.1"
11,"Elf","Pomatomus saltatrix","T","Smale et al. (2001) - Behavioural interactions of predators and spawning chokka squid off South Africa.pdf","East","Medium",0,,"non_kelp","not_applicable","not_applicable","unspecified","not_applicable","no","Pomatomus saltatrix filmed attacking squid in the water column over Eastern Cape egg beds; a documented use of non-kelp prey (level-0 observed_alternative, trophic route). The stomach-content statement citing Smale (1986b) is a citation lead.",,"agent:opus:rfbf-v7.1"
11,"Elf","Pomatomus saltatrix","T","van der Elst (1988) - Shelf ichthyofauna of Natal.pdf","East","Low",0,,"non_kelp","not_applicable","not_applicable","adult","not_applicable","yes","The elf is documented as a pilchard predator migrating into the kelp-free Natal (East) region during the sardine run, a non-kelp trophic resource; this is a level-0 observed_alternative on the trophic route. The specific claim is attributed to van der Elst (1976), recorded also as a citation lead.",,"agent:opus:rfbf-v7.1"
13,"Garrick","Lichia amia","H","Beckley (1983) - The ichthyofauna associated with Zostera capensis Setchell in the Swartkops estuary, South Africa.pdf","East","Low",0,,"not_applicable","not_applicable","non-kelp","juvenile","not_applicable","no","Three juvenile leervis (Lichia amia, 46-98 mm) were caught in the Zostera beds of an East-coast estuary. Documented occupancy of a non-kelp seagrass/estuarine habitat gives a level-0 observed_alternative habitat record. Low specificity given only three specimens; no kelp evidence.",,"agent:opus:rfbf-v7.1"
13,"Garrick","Lichia amia","H","Beckley (1984) - The ichthyofauna of the sunday estuary South Africa with particular reference to the juvenile marine component.pdf","East","Medium",0,,"not_applicable","not_applicable","non-kelp","juvenile","not_applicable","no","Juvenile/subadult leervis caught in the Sundays Estuary, a non-kelp habitat in the East region. No kelp present or assessed. Level-0 observed_alternative on the habitat route.",,"agent:opus:rfbf-v7.1"
13,"Garrick","Lichia amia","H","Beckley (1984) - The ichthyofauna of the Sundays Estuary, South Africa, with particular reference to the juvenile marine component.pdf","East","Medium",0,,"not_applicable","not_applicable","non-kelp","juvenile","not_applicable","no","Juvenile/subadult leervis (Lichia amia) occupied the Sundays Estuary (n=11, 49-315 mm, all reaches, 6 months), a non-kelp estuarine habitat in the East region; the discussion additionally places juveniles in estuaries and on sandy beaches. Level-0 observed_alternative habitat record; no kelp involve",,"agent:opus:rfbf-v7.1"
13,"Garrick","Lichia amia","H","Beckley and Buxton (1989) - UNDERWATER OBSERVATIONS OF REEF FISH IN AND AROUND ALGOA BAY, SOUTH AFRICA.pdf","East","Medium",0,,"not_applicable","not_applicable","non-kelp","adult","not_applicable","no","Leervis/garrick observed infrequently and in low numbers over Algoa Bay non-kelp rocky reef East of the kelp range. Level-0 observed_alternative on the habitat route.",,"agent:opus:rfbf-v7.1"
13,"Garrick","Lichia amia","H","Beckley et al. (2008) - Few fish but many fishers, a case study of shore-based recreational angling in a major South African estuarine port.pdf","East","Medium",0,,"not_applicable","not_applicable","non-kelp","unspecified","not_applicable","no","East-region estuarine port; Lichia amia identified in the shore-angling catch (Table 3 cont.; 6 individuals, 0.36%; 10.03 kg), documenting occurrence in a non-kelp estuarine habitat. No kelp present or examined; no diet data. Level-0 observed_alternative habitat record.",,"agent:opus:rfbf-v7.1"
13,"Garrick","Lichia amia","H","Bennett (1989) - The fish community of a moderately exposed beach on the southwestern Cape Coast of South Africa and an assessment of this habitat as a nursery for juvenile fish.pdf","West","High",0,,"not_applicable","not_applicable","non-kelp","juvenile","not_applicable","no","Garrick/leervis (Lichia amia) occurred seasonally (Nov–Feb) in the Fishoek sandy surf-zone (N=13, 23% of hauls) as juveniles, classified a juvenile migrant using both surf-zone and estuaries (Table 3, category 3). Both documented habitats are non-kelp; kelp is not measured or mentioned. Level-0 obse",,"agent:opus:rfbf-v7.1"
13,"Garrick","Lichia amia","H","Blaber (1974b)_Population structure and growth of juvenile Rhabdosargus holubi in a closed estuary.pdf","East","Medium",0,,"not_applicable","not_applicable","non-kelp","juvenile","not_applicable","no","Hypacanthus amia (L.), the leervis/garrick, is the accepted-name synonym of Lichia amia; identity is unambiguous from the L. authority and the piscivorous-predator description. Fifty individuals (modal size 90-200 mm S.L.) were captured in the closed West Kleinemond estuary in 1971 and their modal-s",,"agent:opus:rfbf-v7.1"
13,"Garrick","Lichia amia","H","Brouwer and Buxton (2002) - Catch and effort of the shore and skiboat linefisheries along the South African Eastern Cape coast.pdf","East","Low",0,,"not_applicable","not_applicable","non-kelp","unspecified","not_applicable","no","Leervis/garrick recorded in the Eastern Cape shore and recreational skiboat catches, east of the kelp limit: level-0 observed_alternative, habitat route.",,"agent:opus:rfbf-v7.1"
13,"Garrick","Lichia amia","H","Clark et al. (1994) - Assessment of the impact of commercial beach-seine netting on juvenile teleost populations in the surf zone of False Bay, South Africa.pdf","West","Low",0,,"not_applicable","not_applicable","non-kelp","juvenile","not_applicable","no","Juvenile Lichia amia were caught (47 individuals; 3,6% of hauls) in the sandy/mixed-shore surf zone of False Bay, 1991–1992. Documented occupancy of a non-kelp habitat = level-0 observed_alternative on the habitat route. Kelp not measured or mentioned; no diet observation, so trophic route unassesse",,"agent:opus:rfbf-v7.1"
13,"Garrick","Lichia amia","H","Coatzee (1982) - Stomach content analysis of the leervis Lichia amia.pdf","East","Low",0,,"not_applicable","not_applicable","non-kelp","unspecified","not_applicable","no","The source documents Lichia amia (in scope) occupying the Swartvlei estuarine system, a non-kelp habitat, where 222 specimens were captured by gill net across three estuarine stations over 1978-1980. This is a documented observation of an in-scope species occupying a non-kelp habitat at the sampled ",,"agent:opus:rfbf-v7.1"
13,"Garrick","Lichia amia","H","Cowley et al. (2013) - The trouble with estuarine fisheries in temperate South Africa, illustrated by a case study on the Sundays Estuary.pdf","East","Medium",0,,"not_applicable","not_applicable","non-kelp","unspecified","not_applicable","no","The survey records leervis occupying the Sundays Estuary (non-kelp habitat) in the East region, east of the eastern kelp limit. Catch of 25 (Table 1). No kelp presence and no diet data. Level-0 observed_alternative on the habitat route.",,"agent:opus:rfbf-v7.1"
13,"Garrick","Lichia amia","H","Cowley et al. (2017) - Reflection on the first five years of South Africa's Acoustic Tracking Array Platform (ATAP), status, challenges and opportunities.pdf","Both","Medium",0,,"not_applicable","not_applicable","non-kelp","adult","not_applicable","no","The source presents its own ATAP case-study data (Figure 4d; SAIAB unpublished) of adult leervis undertaking large-scale coastal migrations spanning the Western and Eastern Cape, a non-kelp open-coast movement corridor. This documents an in-scope species using a non-kelp alternative at a stated plac",,"agent:opus:rfbf-v7.1"
13,"Garrick","Lichia amia","H","Dicken (2010) - The ichthyofauna in the Port of Ngqura, South Africa.pdf","East","Medium",0,,"not_applicable","not_applicable","non-kelp","juvenile","not_applicable","no","Garrick (mostly immature, n=809) caught mainly at the sandy-shore and boat-channel (non-kelp) habitats in Algoa Bay east of the kelp limit. The author's suggestion that the sandy shore affords hunting conditions is speculative and unrelated to kelp. Level-0 observed_alternative on the habitat route.",,"agent:opus:rfbf-v7.1"
13,"Garrick","Lichia amia","H","Dicken et al. (2012) - Long-term catch and effort trends in Eastern Cape Angling Week competitions.pdf","East","Medium",0,,"not_applicable","not_applicable","non-kelp","both","not_applicable","no","Eastern Cape shore fishery east of the kelp limit; Table 1 records Lichia amia caught in non-kelp habitat (55 fish). Level-0 observed_alternative on the habitat route. Trophic route unassessed (no diet data).",,"agent:opus:rfbf-v7.1"
13,"Garrick","Lichia amia","H","Dopolo et al. (2013) - Line Fish conference paper.pdf","Both","Low",0,,"not_applicable","not_applicable","non-kelp","unspecified","not_applicable","no","Caught by shore anglers adjacent to Agulhas NP (n=3). A catch-composition record with no diet data and no kelp mention. It documents the species occurring in a non-kelp Agulhas open-shore setting at/near the eastern kelp limit, so it is a level-0 observed_alternative on the habitat route. No trophic",,"agent:opus:rfbf-v7.1"
13,"Garrick","Lichia amia","H","du Preez et al. (1993) - Laboratory studies on the food intake of six surf zone fish species.pdf","East","Low",0,,"not_applicable","not_applicable","non-kelp","unspecified","not_applicable","no","Leervis is a surf-zone assemblage member collected from the eastern Cape near-shore (East, non-kelp), documenting occupancy of a non-kelp habitat (level-0 habitat observed_alternative). No kelp structure or use observed; Low specificity.",,"agent:opus:rfbf-v7.1"
13,"Garrick","Lichia amia","H","Dunlop & Mann (2013)-An assessment of participation catch and effort in the offshore boat based line fishery in KZN.pdf","East","Low",0,,"not_applicable","not_applicable","non-kelp","unspecified","not_applicable","no","East-region KZN catch survey; no kelp. Garrick (coastal predatory carangid) recorded in the recreational catch, documenting occurrence in non-kelp KZN coastal waters. Level-0 observed_alternative, habitat route.",,"agent:opus:rfbf-v7.1"
13,"Garrick","Lichia amia","H","Dunlop and Mann (2012) - An assessment of participation, catch and effort in the KwaZulu-Natal shore-based marine linefishery, with comments on management effectiveness.pdf","East","High",0,,"not_applicable","not_applicable","non-kelp","unspecified","not_applicable","no","Lichia amia was caught (22) in the KZN (East) non-kelp shore fishery and contributed substantially by weight (13.5%). Documented occurrence of an in-scope species in non-kelp east-coast habitat = level-0 observed_alternative (habitat route). No diet or kelp data.",,"agent:opus:rfbf-v7.1"
13,"Garrick","Lichia amia","H","Dunlop et al (2015) Movement Patterns of Lichia amia (Teleostei Carangidae)_Results from long term cooperative tagging project.pdf","Both","Medium",0,,"not_applicable","not_applicable","non-kelp","both","not_applicable","no","Lichia amia is in model scope. This long-term tag-recapture study documents the species occupying estuarine and near-shore inshore habitat (within 500 m of shore, seldom deeper than 50 m): juveniles are resident in estuaries of the SE and SW regions and adults migrate in the near-shore marine enviro",,"agent:opus:rfbf-v7.1"
13,"Garrick","Lichia amia","H","Fennessy et al. (2010) - Influence of the sardine run on selected nearshore predatory teleosts in KwaZulu-Natal.pdf","East","Medium",0,,"not_applicable","not_applicable","non-kelp","unspecified","not_applicable","no","Shore-angling catch data document Lichia amia occurring in non-kelp nearshore KwaZulu-Natal waters (East of the kelp limit; Figure 2, Table 2). Kelp is absent and never mentioned, so this is a level-0 observed_alternative on the habitat route. The significant catch-rate relationship is with the sard",,"agent:opus:rfbf-v7.1"
13,"Garrick","Lichia amia","H","Gonzalez (2024) - Baited remote underwater video surveys report, Stilbaai Marine Protected Area (2013-2016).pdf","East","Medium",0,,"not_applicable","not_applicable","non-kelp","unspecified","not_applicable","no","Lichia amia was recorded by baited remote underwater video in the Stilbaai MPA (Table 3; present in 2015 per Table 4). Stilbaai lies on the warm-temperate south coast east of Cape Agulhas/De Hoop, beyond the eastern range limit of Ecklonia maxima, and the report explicitly states that the survey hab",,"agent:opus:rfbf-v7.1"
13,"Garrick","Lichia amia","H","Hanekom and Baird (1984) - Fish community structures in Zostera and non-Zostera regions of the Kromme estuary, St Francis Bay.pdf","East","Medium",0,,"not_applicable","not_applicable","non-kelp","juvenile","not_applicable","no","Lichia amia juveniles were netted in the Zostera region of the Kromme estuary, an East-coast estuarine non-kelp habitat. Level-0 observed_alternative on the habitat route; no kelp present or assessed.",,"agent:opus:rfbf-v7.1"
13,"Garrick","Lichia amia","H","Harrison (1999) - A preliminary survey of the estuaries on the south coast of South Africa, Cape Agulhas-Cape St Blaize, Mossel Bay, with particular reference to the fish fauna.pdf","East","Medium",0,,"not_applicable","not_applicable","non-kelp","unspecified","not_applicable","no","Leervis (garrick) was captured in three estuaries, documenting an in-scope species occupying a non-kelp estuarine habitat. Level-0 observed_alternative on the habitat route.",,"agent:opus:rfbf-v7.1"
13,"Garrick","Lichia amia","H","Harrison and Whitfield (2006) - Estuarine typology and the structuring of fish communities in South Africa.pdf","Both","Medium",0,,"not_applicable","not_applicable","non-kelp","unspecified","not_applicable","no","Lichia amia was captured in estuaries of all three biogeographic regions (Tables 1, 5, 9), spanning East and West, a non-kelp habitat; kelp and diet unassessed. Level-0 observed_alternative on the habitat route across both regions; trophic route unassessed.",,"agent:opus:rfbf-v7.1"
13,"Garrick","Lichia amia","H","Harrison and Whitfield (2008) - Geographical and typological changes in fish guilds of South African estuaries.pdf","Both","Low",0,,"not_applicable","not_applicable","non-kelp","unspecified","not_applicable","no","Leervis/garrick recorded in the estuary catch survey and listed in Appendix II as marine-estuarine-dependent (MMD), documenting use of estuarine (non-kelp) habitat at the sampled locality and time. No kelp co-occurrence, structural use, or trophic link observed. Level 0 observed_alternative on the h",,"agent:opus:rfbf-v7.1"
13,"Garrick","Lichia amia","H","Hutchings and Lamberth (2002) - Bycatch in the gillnet and beach-seine fisheries in the Western Cape, South Africa, with implications for management.pdf","West","Low",0,,"not_applicable","not_applicable","non-kelp","unspecified","not_applicable","no","Garrick directly observed as one individual landed in a fully monitored beach-seine haul (p.235), documenting occurrence in a non-kelp surf-zone habitat. No kelp relationship measured or mentioned; level-0 observed_alternative on the habitat route. Trophic route unassessed. Specificity Low (single i",,"agent:opus:rfbf-v7.1"
13,"Garrick","Lichia amia","H","Hutchings and Lamberth (2002) - Catch-and-effort estimates for the gillnet and beach-seine fisheries in the Western Cape, South Africa.pdf","West","Low",0,,"not_applicable","not_applicable","non-kelp","unspecified","not_applicable","no","Leervis/garrick (Lichia amia) is recorded in a monitored beach-seine haul in the West Coast surf zone. Occurrence in a non-kelp surf-zone net setting with no diet or kelp data; level-0 observed_alternative on the habitat route, low specificity (single individual).",,"agent:opus:rfbf-v7.1"
13,"Garrick","Lichia amia","H","James and Harrison (2008) - A preliminary survey of the estuaries on the south coast of South Africa, Cape St Blaize, Mossel Bay-Robberg Peninsula, Plettenberg Bay, with particular reference to the fish fauna.pdf","East","Medium",0,,"not_applicable","not_applicable","non-kelp","unspecified","not_applicable","no","Region East estuarine survey. Lichia amia (leervis) was caught in five estuaries, documenting occupancy of estuarine (non-kelp) habitat. No kelp or diet data. Level-0 observed_alternative on the habitat route.",,"agent:opus:rfbf-v7.1"
13,"Garrick","Lichia amia","H","James and Harrison (2009) - A preliminary survey of the estuaries on the south coast of South Africa, Robberg Peninsula to Cape St Francis, with particular reference to the fish fauna.pdf","East","Medium",0,,"not_applicable","not_applicable","non-kelp","unspecified","not_applicable","no","Leervis/garrick (Lichia amia) was caught (2 individuals) in the Keurbooms Estuary (~23.4°E), east of the kelp limit, occupying non-kelp estuarine habitat. No kelp or diet examined. Level-0 observed_alternative on the habitat route; trophic route unassessed.",,"agent:opus:rfbf-v7.1"
13,"Garrick","Lichia amia","H","James and Harrison (2010) - A preliminary survey of the estuaries on the southeast coast of South Africa, Cape Padrone-Great Fish River, with particular reference to the fish fauna.pdf","East","Medium",0,,"not_applicable","not_applicable","non-kelp","unspecified","not_applicable","no","Leervis recorded in six southeast-coast estuaries, a non-kelp habitat. No kelp assessed, no diet examined; habitat-route level-0 observed_alternative. Region East.",,"agent:opus:rfbf-v7.1"
13,"Garrick","Lichia amia","H","James and Harrison (2011) - A preliminary survey of the estuaries on the southeast coast of South Africa, Old Woman's-Tyolomnqa, with particular reference to the fish fauna.pdf","East","Medium",0,,"not_applicable","not_applicable","non-kelp","unspecified","not_applicable","no","Lichia amia was caught in five Eastern Cape estuaries in September 1996, east of the kelp range, occupying non-kelp estuarine habitat (observed_alternative). Level-0 habitat record only.",,"agent:opus:rfbf-v7.1"
13,"Garrick","Lichia amia","H","James and Harrison (2020) - A preliminary fish survey of the estuaries on the south-east coast of South Africa, Kei Estuary to Mdumbi.pdf","East","Medium",0,,"not_applicable","not_applicable","non-kelp","juvenile","not_applicable","no","Leervis captured in moderate-large closed and open estuaries (East region; Table 5 abundance 0.06–0.09%; Table 6 biomass 1.32–4.95%), documenting occupancy of a non-kelp estuarine habitat. Level-0 observed_alternative on the habitat route; no kelp measured or mentioned. Juvenile life stage inferred ",,"agent:opus:rfbf-v7.1"
13,"Garrick","Lichia amia","H","James et al. (2001) - The recreational fishery in the Kosi estuarine lake system, South Africa.pdf","East","Low",0,,"not_applicable","not_applicable","non-kelp","unspecified","not_applicable","no","Garrick recorded (n=2) as a surf-zone shore catch on the northern KZN east coast, a non-kelp habitat. Documents an in-scope species occupying a non-kelp habitat: level-0 observed_alternative on the habitat route. Low specificity because authors flag the appendix catches as suspected/misreported.",,"agent:opus:rfbf-v7.1"
13,"Garrick","Lichia amia","H","Kilian (2025)-The movements of adult leerfish Lichia amia in the Breede Estuary  Western Cape  South Africa  insights from acoustic telemetry.pdf","East","High",0,,"not_applicable","not_applicable","non-kelp","both","not_applicable","no","Lichia amia is in scope (model_scope=true). This acoustic-telemetry study documents sub-adult and adult L. amia occupying and moving through the Breede Estuary (a non-kelp, permanently open estuary) and adjacent coastline over 2016-2019, with quantified habitat use (residency indices, reach occupanc",,"agent:opus:rfbf-v7.1"
13,"Garrick","Lichia amia","H","Kok and Whitfield (1986) - The influence of open and closed mouth phases on the marine fish fauna of the Swartvlei estuary.pdf","East","High",0,,"not_applicable","not_applicable","non-kelp","both","not_applicable","no","Captured by large-seine and gill netting in the Swartvlei estuary (Cape south coast, 34°S 22°46′E), a seagrass and sand-flat estuarine system east of the Agulhas kelp limit (Table 1). This documents an in-scope species occupying a non-kelp estuarine habitat; kelp is neither observed nor mentioned. L",,"agent:opus:rfbf-v7.1"
13,"Garrick","Lichia amia","H","Lamberth (1994) - The commercial beach-seine fishery in False Bay, South Africa.pdf","West","Medium",0,,"not_applicable","not_applicable","non-kelp","both","not_applicable","no","Caught in beach-seine hauls on sandy surf-zone beaches of False Bay; documents occupancy of a non-kelp habitat. Level-0 observed_alternative on the habitat route.",,"agent:opus:rfbf-v7.1"
13,"Garrick","Lichia amia","H","Lamberth (2008) - Approaches to assessing the status of nearshore and estuarine fish and fisheries and their responses to environmental change.pdf","Both","Medium",0,,"not_applicable","not_applicable","non-kelp","unspecified","not_applicable","no","Leervis/garrick documented in estuaries across regions including a small West-coast catch. Level-0 observed_alternative (non-kelp estuarine habitat). Region Both.",,"agent:opus:rfbf-v7.1"
13,"Garrick","Lichia amia","H","Lamberth and Turpie (2003) - The role of estuaries in South African fisheries, economic importance and management implications.pdf","Both","High",0,,"not_applicable","not_applicable","non-kelp","juvenile","not_applicable","no","Leervis (Category IIa) is stated to be completely dependent on estuaries for its juvenile phase and is caught in estuaries across all regions incl. the West Coast (Table V, 26.00 t), a non-kelp habitat. Level-0 observed_alternative on the habitat route; kelp never assessed. Region Both.",,"agent:opus:rfbf-v7.1"
13,"Garrick","Lichia amia","H","Lamberth et al. (1995) - The vulnerability of fish to capture by commercial beach-seine nets in False Bay, South Africa.pdf","West","Medium",0,,"not_applicable","not_applicable","non-kelp","unspecified","not_applicable","no","Leervis (garrick) caught in the Fish Hoek Beach sandy surf zone (False Bay, West coast); documented occupancy of a non-kelp habitat. No kelp use, diet, availability, or counterfactual assessed, so level-0 observed_alternative on the habitat route.",,"agent:opus:rfbf-v7.1"
13,"Garrick","Lichia amia","H","Lamberth et al. (2008) - Comparison of, and the effects of altered freshwater inflow on, fish assemblages of two contrasting South African estuaries, the cool-temperate Olifants and the warm-temperate Breede.pdf","Both","High",0,,"not_applicable","not_applicable","non-kelp","both","not_applicable","no","Leervis was caught in both estuaries and is obliged to spend at least its first year in the estuary. Estuary is a non-kelp habitat; occurrence is a level-0 observed_alternative on the habitat route.",,"agent:opus:rfbf-v7.1"
13,"Garrick","Lichia amia","H","Lasiak (1981) - Nursery grounds of juvenile teleosts, evidence from the surf zone of King's Beach, Port Elizabeth.pdf","East","Medium",0,,"not_applicable","not_applicable","non-kelp","juvenile","not_applicable","no","Lichia amia (leervis/garrick) is recorded in the King's Beach surf-zone juvenile ichthyofauna (Table 1) and the Results text lists it among species present in the juvenile phase only, so life stage is juvenile. The sandy East-coast surf zone in Algoa Bay is beyond the Ecklonia maxima limit and kelp ",,"agent:opus:rfbf-v7.1"
13,"Garrick","Lichia amia","H","Lasiak (1984).pdf","East","Medium",0,,"not_applicable","not_applicable","non-kelp","unspecified","not_applicable","no","Lichia amia (leervis/garrick) caught in the King's Beach sandy surf-zone (East). Non-kelp habitat occupancy = level-0 observed_alternative.",,"agent:opus:rfbf-v7.1"
13,"Garrick","Lichia amia","H","Lloyd et al. (2011) - Ocean warming alters species abundance patterns and increases species diversity in an African sub-tropical reef-fish community.pdf","East","Low",0,,"not_applicable","not_applicable","non-kelp","unspecified","not_applicable","no","Lichia amia (garrick/leervis) is recorded in the KwaZulu-Natal offshore-reef spear-fishing catch (28.0–31.6°S; East region), with 12 individuals shot 1989–2007 (Appendix A). Documents the species occurring in a non-kelp subtropical reef zone; kelp is not measured or mentioned. As a pelagic/coastal c",,"agent:opus:rfbf-v7.1"
13,"Garrick","Lichia amia","H","Mann et al. (2003) - Evaluation of participation in and management of the Transkei shore linefishery.pdf","East","Low",0,,"not_applicable","not_applicable","non-kelp","unspecified","not_applicable","no","Caught along the non-kelp Transkei (East) shore-fishery (Table IV, n=2). The study area is east of the Ecklonia maxima limit, in the subtropical/warm-temperate transition, so this is a level-0 observed-alternative habitat record: occurrence in non-kelp nearshore habitat. No kelp-structural action an",,"agent:opus:rfbf-v7.1"
13,"Garrick","Lichia amia","H","Mann et al. (2015) - Movement patterns of surf-zone fish species in a subtropical MPA on the east coast of South Africa.pdf","East","Low",0,,"not_applicable","not_applicable","non-kelp","adult","not_applicable","no","East-coast subtropical MPA beyond the kelp limit; no kelp present. A single L. amia was caught in the surf zone, a thin but codeable occupancy of a non-kelp habitat at a locality the authors identify as this warm-temperate species' northern limit. Level-0 observed_alternative on the habitat route; s",,"agent:opus:rfbf-v7.1"
13,"Garrick","Lichia amia","H","Marais (1984) - Feeding ecology of major carnivorous fish from four eastern Cape estuaries.pdf","East","Medium",0,,"not_applicable","not_applicable","non-kelp","both","not_applicable","no","Leervis occupies the eastern Cape estuaries where it was gill-netted; the study records it moving between estuary reaches (including upper freshwater regions) to follow prey. Occupation of a non-kelp estuarine habitat by an in-scope species is a level-0 observed_alternative on the habitat route.",,"agent:opus:rfbf-v7.1"
13,"Garrick","Lichia amia","H","Marais (1990) - Body composition of ten marine migrants and one freshwater fish species caught in estuaries of the Eastern Cape.pdf","East","Medium",0,,"not_applicable","not_applicable","non-kelp","juvenile","not_applicable","no","Lichia amia was gill-netted in Eastern Cape estuaries (Table I, N=94, all below maturity size) for whole-body proximate analysis, documenting an in-scope species occupying a non-kelp estuarine habitat east of the kelp limit. This is a level-0 habitat observed_alternative. No diet and no kelp referen",,"agent:opus:rfbf-v7.1"
13,"Garrick","Lichia amia","H","McGregor and Strydom (2018) - The abundance, diversity and distribution of small fishes in mangrove and non-mangrove estuaries in warm temperate South Africa.pdf","East","High",0,,"not_applicable","not_applicable","non-kelp","both","not_applicable","no","Lichia amia was caught in three Eastern Cape estuaries (N=1 Nahoon, 4 Gonubie, 5 Qora; Table 1), all east of the kelp limit, in estuarine (non-kelp) habitat. This documents an in-scope species occupying a non-kelp habitat at the sampled place, time and life stage, i.e. a level-0 observed_alternative",,"agent:opus:rfbf-v7.1"
13,"Garrick","Lichia amia","H","Murray (2017)-Philopatry and dispersal of juvenile Lichia amia in warm temperate South African estuary.pdf","East","High",0,,"not_applicable","not_applicable","non-kelp","juvenile","not_applicable","no","This is a dart-tag mark-recapture study of juvenile Lichia amia in the permanently open Swartkops Estuary (Algoa Bay, Eastern Cape), a locality well east of the eastern kelp limit (East region). The source directly and quantitatively documents the in-scope species occupying a non-kelp habitat at the",,"agent:opus:rfbf-v7.1"
13,"Garrick","Lichia amia","H","Pattrick and Strydom (2014) - Recruitment of fish larvae and juveniles into two estuarine nursery areas with evidence of ebb tide use.pdf","East","Medium",0,,"not_applicable","not_applicable","non-kelp","juvenile","not_applicable","no","One early-juvenile leervis was caught in the Sundays Estuary mouth (East, non-kelp estuarine habitat). This is a level-0 observed_alternative habitat record: an in-scope species observed occupying a non-kelp habitat. Specificity is Medium given the single individual, and this does not raise the leve",,"agent:opus:rfbf-v7.1"
13,"Garrick","Lichia amia","H","Penney et al. (1999) - Long-term trends in catch and effort in the KwaZulu-Natal nearshore linefisheries.pdf","East","Low",0,,"not_applicable","not_applicable","non-kelp","unspecified","not_applicable","no","Garrick is documented as a predatory pelagic gamefish occurring along the KwaZulu-Natal coast (East region, no kelp) and is a KZN linefish target. Occupation of non-kelp coastal habitat by an in-scope species is a level-0 observed_alternative on the habitat route.",,"agent:opus:rfbf-v7.1"
13,"Garrick","Lichia amia","H","Pradervand (2004) - Long-term trends in the shore fishery of the Transkei coast, South Africa.pdf","East","Medium",0,,"not_applicable","not_applicable","non-kelp","unspecified","not_applicable","no","L. amia recorded (n=192) in the Transkei shore fishery (East, non-kelp); no diet or kelp-structure observation. Level-0 observed_alternative on the habitat route.",,"agent:opus:rfbf-v7.1"
13,"Garrick","Lichia amia","H","Pradervand and Govender (2003) - Assessment of catches in shore angling competitions from the border region of the Eastern Cape, South Africa.pdf","East","Low",0,,"not_applicable","not_applicable","non-kelp","unspecified","not_applicable","no","Leervis/garrick recorded (n=3) in the Border surf-zone catch, Eastern Cape (East of kelp limit). Passing but codeable level-0 observed_alternative occurrence. No diet data; trophic route unassessed.",,"agent:opus:rfbf-v7.1"
13,"Garrick","Lichia amia","H","Pradervand and Hiseman (2006) - An analysis of the recreational shore fishery in the Goukamma Marine Protected Area.pdf","East","Medium",0,,"not_applicable","not_applicable","non-kelp","unspecified","not_applicable","no","Table 1 records 1 leervis/garrick (Lichia amia) in the Goukamma MPA shore fishery, east of the eastern kelp limit, in non-kelp coastal habitat. Occurrence only (single specimen), no diet or kelp-structure use, no measured availability. Level-0 observed-alternative habitat record. Trophic route unass",,"agent:opus:rfbf-v7.1"
13,"Garrick","Lichia amia","H","Pradervand et al. (2007) - Long-term trends in the competitive shore fishery along the KwaZulu-Natal coast, South Africa.pdf","East","Low",0,,"not_applicable","not_applicable","non-kelp","unspecified","not_applicable","no","Garrick (Lichia amia) recorded (n=581) in the East-coast non-kelp shore fishery. Documents occurrence in a non-kelp inshore/surf habitat; kelp not assessed. Level-0 observed_alternative, habitat route.",,"agent:opus:rfbf-v7.1"
13,"Garrick","Lichia amia","H","Schramm (1991) - Grillotia perelica plerocercoids in mullet from estuaries in Transkei.pdf","East","Low",0,,"not_applicable","not_applicable","non-kelp","unspecified","not_applicable","no","Lichia amia (n=17, Garrick) was caught among the estuarine teleosts of the Transkei estuaries, documenting occurrence in a non-kelp estuarine habitat on the East coast. Level-0 observed_alternative on the habitat route; occurrence only, so Low specificity.",,"agent:opus:rfbf-v7.1"
13,"Garrick","Lichia amia","H","Sheppard et al. (2011) - What role do beds of submerged macrophytes play in structuring estuarine fish assemblages.pdf","East","Low",0,,"not_applicable","not_applicable","non-kelp","juvenile","not_applicable","no","Juvenile garrick (Lichia amia) was recorded in the non-kelp Eastern Cape estuary. Level-0 habitat observed_alternative; kelp not considered.",,"agent:opus:rfbf-v7.1"
13,"Garrick","Lichia amia","H","Smale (1983) - Resource partitioning by top predatory teleosts in the eastern cape coastal waters South Africa.pdf","East","Low",0,,"not_applicable","not_applicable","non-kelp","both","not_applicable","no","Lichia amia is documented as a pelagic predator occupying open water over soft, sandy substrates in the eastern Cape, a non-kelp habitat east of the kelp range. This is a level-0 observed_alternative on the habitat route. Specificity is Low because the habitat is stated at the level of the pelagic-p",,"agent:opus:rfbf-v7.1"
13,"Garrick","Lichia amia","H","Smale (1987) - Food paritioning by coastal pedatory teleosts in South Africa.pdf","East","Medium",0,,"not_applicable","not_applicable","non-kelp","unspecified","not_applicable","no","The source documents L. amia occupying non-kelp habitat at the sampled place, time and life stage: it is classified as an inshore pelagic predator in this paper's own ordination, is stated to hunt in relatively shallow water, and all 75 specimens were taken inshore of Cape Recife, east of the easter",,"agent:opus:rfbf-v7.1"
13,"Garrick","Lichia amia","H","Smale (2009) - The feeding habits of six pelagic and predatory teleosts in eastern Cape coastal waters (South Africa).pdf","East","Medium",0,,"not_applicable","not_applicable","non-kelp","both","not_applicable","no","The source documents L. amia occupying non-kelp eastern Cape coastal habitat (sampled in the sea to 20 m, with field observations of surf-zone/backline hunting). This is occupancy and use of a non-kelp habitat at the sampled place and time, with no observed action involving kelp structure, so the ha",,"agent:opus:rfbf-v7.1"
13,"Garrick","Lichia amia","H","Smale and Buxton (1985) - recreational ski-boat fishery off the Eastern Cape.pdf","East","Medium",0,,"not_applicable","not_applicable","non-kelp","unspecified","not_applicable","no","Leervis is a common, quantified component of the Algoa Bay catch, east of the kelp limit; documents occurrence in non-kelp coastal habitat, a level-0 observed alternative. Estuarine juvenile occurrence is attributed to Smale and Kok (1983), retained as a citation lead. No diet data; trophic route un",,"agent:opus:rfbf-v7.1"
13,"Garrick","Lichia amia","H","Smale and Kok (2015)-The occurrence and feeding of Pomatomus saltatrix  elf  and Lichia amia  leervis  juveniles in two Cape south coast estuaries.pdf","East","Medium",0,,"not_applicable","not_applicable","non-kelp","juvenile","not_applicable","no","Juvenile L. amia occupy the Knysna and Swartvlei estuaries; small fish are found close to aquatic macrophyte (Zostera/seagrass) beds in the shallows, and the species is described as an ambush predator that lurks near macrophytes near the substrate. This documents use of a non-kelp structural habitat",,"agent:opus:rfbf-v7.1"
13,"Garrick","Lichia amia","H","Smith (2008) - Movement, growth and stock assessment of Lichia amia.pdf","Both","Medium",0,,"not_applicable","not_applicable","non-kelp","adult","not_applicable","no","Lichia amia is in scope and the source is a regional (southern African) primary study. The thesis never mentions kelp, Ecklonia or any macroalga. Its Introduction sections on habitat, migration and feeding are a literature review with every claim attributed to prior publications, so they yield citat",,"agent:opus:rfbf-v7.1"
13,"Garrick","Lichia amia","H","Talbots (1955)-Notes on the biology of Rhabdosargus globiceps.pdf","West","Low",0,,"not_applicable","not_applicable","non-kelp","unspecified","not_applicable","no","Leervis/garrick (recorded as Hypacanthus amia) is documented as a large predator present in the Klein River estuary lagoon, a non-kelp habitat. Level-0 observed_alternative on the habitat route.",,"agent:opus:rfbf-v7.1"
13,"Garrick","Lichia amia","H","Ter Morshuizen and Whitfield (1994) - The distribution of littoral fish associated with eelgrass Zostera capensis beds in the Kariega Estuary.pdf","East","Low",0,,"not_applicable","not_applicable","non-kelp","unspecified","not_applicable","no","Lichia amia (leervis/garrick) was captured in non-Zostera areas of the Kariega Estuary (unpublished data, p.99). Presence-only observation of an in-scope species in a non-kelp estuarine habitat: level-0 observed_alternative, habitat route. Specificity Low.",,"agent:opus:rfbf-v7.1"
13,"Garrick","Lichia amia","H","Ter Morshuizen et al. (1996) - Distribution patterns of fishes in an Eastern Cape estuary and river with particular emphasis on the ebb and flow region.pdf","East","Medium",0,,"not_applicable","not_applicable","non-kelp","unspecified","not_applicable","no","Lichia amia is captured in low numbers across the muddy Great Fish River system east of the kelp limit. An in-scope species observed occupying a non-kelp estuarine habitat gives a level-0 observed_alternative habitat record. No diet observation, so the trophic route is unassessed.",,"agent:opus:rfbf-v7.1"
13,"Garrick","Lichia amia","H","Wallace et al. (1984) - Inshore small-mesh trawling survey of the Cape south coast. Part 2. Occurrence of estuarine-associated fishes.pdf","East","Medium",0,,"not_applicable","not_applicable","non-kelp","adult","not_applicable","no","Adults observed over rocky reef and adjacent sand in Algoa Bay, east of the kelp limit. Documented non-kelp habitat occupancy at the sampled place and life stage; no kelp, diet or availability data. Level-0 observed_alternative, habitat route.",,"agent:opus:rfbf-v7.1"
13,"Garrick","Lichia amia","H","Whitfield (2005) - Preliminary documentation and assessment of fish diversity in sub-Saharan African estuaries.pdf","West","Low",0,,"not_applicable","not_applicable","non-kelp","unspecified","not_applicable","yes","Lichia amia (marine immigrant) is listed among West-coast cool-temperate estuarine fish (Table 2), documenting occupancy of a non-kelp (estuarine) habitat within the kelp region -> level-0 observed_alternative, habitat route. Secondary compilation; kelp absent from the source.",,"agent:opus:rfbf-v7.1"
13,"Garrick","Lichia amia","H","Whitfield et al. (1993) - A comparison of the ichthyofaunas in two permanently open eastern Cape estuaries.pdf","East","High",0,,"not_applicable","not_applicable","non-kelp","both","not_applicable","no","Lichia amia was captured in both eastern Cape estuaries by seine and gill net (gill Kowie 15,4; Great Fish 5,1 per 100 h), including large adults (>500 mm FL) in the Kowie. This documents occupancy of a non-kelp estuarine habitat: level-0 observed_alternative on the habitat route. No kelp measured o",,"agent:opus:rfbf-v7.1"
13,"Garrick","Lichia amia","T","Coatzee (1982) - Stomach content analysis of the leervis Lichia amia.pdf","East","High",0,,"non_kelp","not_applicable","not_applicable","unspecified","not_applicable","no","Lichia amia (in scope) was studied by stomach-content analysis of 222 specimens in the Swartvlei estuarine system, a non-kelp estuarine habitat on the southern Cape coast (East region, east of the eastern kelp limit). The documented diet is composed entirely of estuarine prey (Palaemon pacificus, Gi",,"agent:opus:rfbf-v7.1"
13,"Garrick","Lichia amia","T","du Preez et al. (1993) - Laboratory studies on the food intake of six surf zone fish species.pdf","East","Medium",0,,"non_kelp","not_applicable","not_applicable","unspecified","not_applicable","no","Leervis (a piscivore) was documented consuming non-kelp prey (live southern mullet Liza richardsonii, and swimming prawn) in the laboratory; fish sourced from the East-region eastern Cape near-shore. Level-0 trophic observed_alternative. Diet imposed and natural-diet basis cited; Medium specificity;",,"agent:opus:rfbf-v7.1"
13,"Garrick","Lichia amia","T","Marais (1984) - Feeding ecology of major carnivorous fish from four eastern Cape estuaries.pdf","East","High",0,,"non_kelp","not_applicable","not_applicable","both","not_applicable","no","Leervis was caught and its diet analysed in the four estuaries; it consumed almost exclusively estuarine and freshwater fish plus estuarine crustaceans, with no kelp-linked prey. This is a level-0 observed_alternative on the trophic route.",,"agent:opus:rfbf-v7.1"
13,"Garrick","Lichia amia","T","Paterson and Whitfield (1997) - A Stable Carbon Isotope Study of the Food-web in a Freshwater-deprived South African Estuary.pdf","East","High",0,,"non_kelp","not_applicable","not_applicable","juvenile","not_applicable","no","Juvenile Lichia amia sampled in the kelp-free Kariega Estuary (East region). Its channel-group delta13C value (-18.8 permil, Table 3) reflects assimilation of non-kelp estuarine carbon (phytoplankton, C3 terrestrial/marsh detritus). Documented trophic use of a non-kelp food source at the sampled pla",,"agent:opus:rfbf-v7.1"
13,"Garrick","Lichia amia","T","Smale (1983) - Resource partitioning by top predatory teleosts in the eastern cape coastal waters South Africa.pdf","East","High",0,,"non_kelp","not_applicable","not_applicable","both","not_applicable","no","Diet study east of the kelp range documents Lichia amia consuming pelagic schooling teleosts (Trachurus trachurus, Engraulis capensis, Scomber japonicus) and a penaeid prawn. This is a documented use of non-kelp food at the sampled place, time and life stage, with no kelp trophic link, so it is a le",,"agent:opus:rfbf-v7.1"
13,"Garrick","Lichia amia","T","Smale (1987) - Food paritioning by coastal pedatory teleosts in South Africa.pdf","East","Medium",0,,"non_kelp","outside","not_applicable","unspecified","not_applicable","no","The source documents L. amia (75 stomachs across two size groups from 40 to 120 cm, both taken inshore of Cape Recife, east of the eastern kelp limit) consuming exclusively non-kelp prey: Sardinops ocellata, Engraulis capensis, Pagellus natalensis, Cheimerius nufar and Sepiidae. This is a level-0 ob",,"agent:opus:rfbf-v7.1"
13,"Garrick","Lichia amia","T","Smale (2009) - The feeding habits of six pelagic and predatory teleosts in eastern Cape coastal waters (South Africa).pdf","East","High",0,,"non_kelp","not_applicable","not_applicable","both","not_applicable","no","Lichia amia is an in-scope predator sampled in eastern Cape coastal water (East region, east of the Ecklonia maxima limit). The diet study documents its stomach contents (schooling pelagic teleosts such as Trachurus, Engraulis, Scomber, Sardinops, plus a sand/reef penaeid prawn) at the sampled place",,"agent:opus:rfbf-v7.1"
13,"Garrick","Lichia amia","T","Smale and Kok (2015)-The occurrence and feeding of Pomatomus saltatrix  elf  and Lichia amia  leervis  juveniles in two Cape south coast estuaries.pdf","East","High",0,,"non_kelp","not_applicable","not_applicable","juvenile","not_applicable","no","The diet of juvenile L. amia in Knysna (Table 2a) and Swartvlei (Table 2b) comprises estuarine gobies, carid shrimps, juvenile mullet, the atherinid Hepsetia breviceps, clupeids and small teleosts (including in-scope species that appear only as prey). None is kelp or stated to be kelp-food-web linke",,"agent:opus:rfbf-v7.1"
13,"Garrick","Lichia amia","T","van der Elst (1988) - Shelf ichthyofauna of Natal.pdf","East","Low",0,,"non_kelp","not_applicable","not_applicable","adult","not_applicable","yes","Leervis is documented as a pilchard predator migrating into the kelp-free Natal (East) region, a non-kelp trophic resource; level-0 observed_alternative on the trophic route. Claim attributed to van der Elst (1981), also recorded as a citation lead.",,"agent:opus:rfbf-v7.1"
13,"Garrick","Lichia amia","T","Whitfield and Blaber (1978) - Food and feeding ecology of piscivorous fishes at Lake St Lucia, Zululand.pdf","East","Medium",0,,"non_kelp","not_applicable","not_applicable","both","not_applicable","no","Lichia amia (model_scope=true) diet at St Lucia (Table I, n=11, visually verified) is estuarine teleosts (mullet, Rhabdosargus, Diplodus, Gilchristella) in a kelp-free estuarine lake, documenting a non-kelp trophic alternative (level 0). Sample is small (n=11), hence Medium specificity. Kelp not pre",,"agent:opus:rfbf-v7.1"
14,"Geelbek","Atractoscion aequidens","H","Attwood et al. (2011) - Bycatch in South Africa's inshore trawl fishery as determined from observer records.pdf","East","High",0,,"not_applicable","not_applicable","non-kelp","both","not_applicable","no","Caught (mostly below size limit) on the shelf Agulhas Bank grounds, east of and below the kelp zone. Non-kelp habitat occurrence = level-0 observed_alternative (habitat). Diet not examined; trophic route unassessed.",,"agent:opus:rfbf-v7.1"
14,"Geelbek","Atractoscion aequidens","H","Attwood et al. (2011) - Bycatch in South Africa’s inshore trawl fishery.pdf","East","High",0,,"not_applicable","not_applicable","non-kelp","both","not_applicable","no","A. aequidens was caught at 84.0 t per year (0.48%, 95% CI 36-119; 458 fish) on the inshore trawl grounds at 80-110 m east of the kelp limit, with catches 'widely distributed along the grid-blocks against the coast' (p. 2171, attributed to Griffiths and Hecht 1995). This documents occupancy of non-ke",,"agent:opus:rfbf-v7.1"
14,"Geelbek","Atractoscion aequidens","H","Axelsen et al. (2003) - In situ measurements of the acoustic target strength of Cape horse mackerel off Namibia.pdf","West","Low",0,,"not_applicable","not_applicable","non-kelp","unspecified","not_applicable","no","Atractoscion aequidens (Geelbek, in-scope) is recorded as incidental bycatch (11.6 and 28.6 kg/h) in the October 1998 demersal reference trawls over the Namibian continental shelf (bottom depth 120 m). Documented occurrence of an in-scope species in a non-kelp offshore demersal habitat, kelp neither",,"agent:opus:rfbf-v7.1"
14,"Geelbek","Atractoscion aequidens","H","Bailey and James (2013) - Fish sampling in the marine-dominated Kariega Estuary, South Africa, using a demersal otter trawl, day night effects.pdf","East","Medium",0,,"not_applicable","not_applicable","non-kelp","unspecified","not_applicable","no","Atractoscion aequidens is caught (day only) in the soft-sediment channel of an Eastern Cape estuary outside the kelp range (Table 1), a documented observation of an in-scope species using a non-kelp habitat, coded level-0 observed_alternative on the habitat route.",,"agent:opus:rfbf-v7.1"
14,"Geelbek","Atractoscion aequidens","H","Boyd (2018)-Fishery, population dynamic and stock assessment of Atractoscion aequidens off the coast of South Africa.pdf","Both","Medium",0,,"not_applicable","not_applicable","non-kelp","both","not_applicable","yes","The only in-scope study species is geelbek (Atractoscion aequidens; model_scope=true). The document is a fisheries stock-assessment thesis whose primary data are commercial linefishery catch records, length frequencies, and per-recruit/migration modelling. Kelp (Ecklonia, Laminaria, seaweed, macroal",,"agent:opus:rfbf-v7.1"
14,"Geelbek","Atractoscion aequidens","H","Brouwer and Buxton (2002) - Catch and effort of the shore and skiboat linefisheries along the South African Eastern Cape coast.pdf","East","Low",0,,"not_applicable","not_applicable","non-kelp","unspecified","not_applicable","no","Geelbek recorded in the Eastern Cape recreational and commercial skiboat catches, east of the kelp limit: level-0 observed_alternative, habitat route.",,"agent:opus:rfbf-v7.1"
14,"Geelbek","Atractoscion aequidens","H","Buxton et al. (1984) - Inshore small mesh trawling survey of the Cape south coast. Part 4. Contributions to the biology of some teleostei and Chondrichthyes.pdf","East","Medium",0,,"not_applicable","not_applicable","non-kelp","both","not_applicable","no","A. aequidens was caught on south-coast soft substrates (mainly Algoa Bay) outside the kelp range. Non-kelp habitat observation; level-0 observed_alternative, East.",,"agent:opus:rfbf-v7.1"
14,"Geelbek","Atractoscion aequidens","H","Clark et al. (1994) - Assessment of the impact of commercial beach-seine netting on juvenile teleost populations in the surf zone of False Bay, South Africa.pdf","West","Low",0,,"not_applicable","not_applicable","non-kelp","juvenile","not_applicable","no","A single juvenile Atractoscion aequidens was caught (0,3% of hauls) in the sandy/mixed-shore surf zone of False Bay, 1991–1992. A documented capture in a non-kelp habitat = level-0 observed_alternative on the habitat route. Kelp not measured or mentioned; no diet observation, so trophic route unasse",,"agent:opus:rfbf-v7.1"
14,"Geelbek","Atractoscion aequidens","H","Coetzee and Baird (1981) - Catch composition and catch per unit effort of anglers' catches off St Croix Island.pdf","East","Low",0,,"not_applicable","not_applicable","non-kelp","unspecified","not_applicable","no","Geelbek, printed as 'Astractoscion aequidens' (typographic variant of Atractoscion aequidens). Occurs in the St Croix Island angler catch at a non-kelp East-region rocky reef → level-0 observed_alternative on the habitat route.",,"agent:opus:rfbf-v7.1"
14,"Geelbek","Atractoscion aequidens","H","Currie (2017) - Historical baselines and a century of change in the demersal fish assemblages on South Africa's Agulhas Bank.pdf","East","High",0,,"not_applicable","not_applicable","non-kelp","unspecified","not_applicable","no","Geelbek/cape salmon caught in demersal trawls on the offshore Agulhas Bank grounds (Table 8, historical median 0.36 declining to 5.7%). Documents occurrence over a non-kelp continental-shelf environment = level-0 observed_alternative (habitat route). No diet data; trophic route unassessed.",,"agent:opus:rfbf-v7.1"
14,"Geelbek","Atractoscion aequidens","H","Dicken (2010) - The ichthyofauna in the Port of Ngqura, South Africa.pdf","East","Medium",0,,"not_applicable","not_applicable","non-kelp","juvenile","not_applicable","no","Geelbek (immature) caught across the non-kelp port habitats in Algoa Bay east of the kelp limit. Level-0 observed_alternative on the habitat route.",,"agent:opus:rfbf-v7.1"
14,"Geelbek","Atractoscion aequidens","H","Dicken et al. (2012) - Long-term catch and effort trends in Eastern Cape Angling Week competitions.pdf","East","Low",0,,"not_applicable","not_applicable","non-kelp","juvenile","not_applicable","no","Eastern Cape shore fishery east of the kelp limit; Table 1 records a single Atractoscion aequidens caught in non-kelp habitat. Level-0 observed_alternative on the habitat route. Trophic route unassessed (no diet data).",,"agent:opus:rfbf-v7.1"
14,"Geelbek","Atractoscion aequidens","H","Dunlop & Mann (2013)-An assessment of participation catch and effort in the offshore boat based line fishery in KZN.pdf","East","Medium",0,,"not_applicable","not_applicable","non-kelp","unspecified","not_applicable","no","East-region KZN catch survey; no kelp. Geelbek (migratory sciaenid) retained across sectors, documenting occurrence in non-kelp KZN coastal/reef waters. Level-0 observed_alternative, habitat route.",,"agent:opus:rfbf-v7.1"
14,"Geelbek","Atractoscion aequidens","H","Dyer (2018) - The role of ecological processes in structuring reef fish communities in the Agulhas ecoregion South Africa.pdf","East","Medium",0,,"not_applicable","not_applicable","non-kelp","unspecified","not_applicable","no","Recorded on rocky reef via stereo-BRUVs in the Agulhas Ecoregion, east of the eastern kelp limit. Sparse but documented occupancy of non-kelp rocky-reef habitat; no kelp action observed and diet not examined. Level-0 observed_alternative on the habitat route.",,"agent:opus:rfbf-v7.1"
14,"Geelbek","Atractoscion aequidens","H","Fennessy et al. (2003) - An assessment of the recreational and commercial skiboat fishery in the Transkei.pdf","East","Medium",0,,"not_applicable","not_applicable","non-kelp","unspecified","not_applicable","no","Geelbek, a pelagic/inshore sciaenid, was retained in the Transkei fishery in both regions, east of the kelp limit; no kelp mentioned. Documented non-kelp occurrence. Level-0 observed_alternative, habitat route; trophic route unassessed.",,"agent:opus:rfbf-v7.1"
14,"Geelbek","Atractoscion aequidens","H","Fennessy et al. (2010) - Influence of the sardine run on selected nearshore predatory teleosts in KwaZulu-Natal.pdf","East","Medium",0,,"not_applicable","not_applicable","non-kelp","unspecified","not_applicable","no","Atractoscion aequidens is included in the KwaZulu-Natal shore-angling catch analysis (Figure 2, Table 2), documenting its occurrence in a non-kelp East-coast setting, i.e. a level-0 observed_alternative on the habitat route. Its catch-rate relationship with the run is non-significant and it is seldo",,"agent:opus:rfbf-v7.1"
14,"Geelbek","Atractoscion aequidens","H","Garratt (1988) - seasonal abundance and spawning of some important offshore linefish in Natal and Transkei waters.pdf","East","Medium",0,,"not_applicable","not_applicable","non-kelp","adult","not_applicable","no","Garratt sampled A. aequidens as sexually mature adults in offshore Natal/Transkei waters (Boboyi River area, R.V. Meiring Naude), which lie on South Africa's east coast far beyond the eastern kelp limit (Fig. 1). This is a catch/sampling record of an in-scope species occupying a non-kelp habitat at ",,"agent:opus:rfbf-v7.1"
14,"Geelbek","Atractoscion aequidens","H","Götz et al. (2008) - Selected fishery and population parameters of eight shore-angling species in the Tsitsikamma National Park no-take marine reserve.pdf","East","Medium",0,,"not_applicable","not_applicable","non-kelp","unspecified","not_applicable","no","Geelbek caught in the TNP shore-angling survey (Table 1, n=36) at a non-kelp rocky-reef site on the Eastern Cape coast. Occurrence documented; no diet data and no kelp structural action. Level-0 observed_alternative on the habitat route. Trophic route unassessed.",,"agent:opus:rfbf-v7.1"
14,"Geelbek","Atractoscion aequidens","H","Gotz et al. (2009) - Effects of fishing on a temperate reef community in South Africa 1, ichthyofauna.pdf","East","Low",0,,"not_applicable","not_applicable","non-kelp","unspecified","not_applicable","no","Geelbek was recorded by angling at Goukamma reef sites in the East region, a non-kelp locality; kelp neither measured nor mentioned: Level 0 observed alternative on the habitat route.",,"agent:opus:rfbf-v7.1"
14,"Geelbek","Atractoscion aequidens","H","Götz et al. (2009) - fishing on a temperate reef community in South Africa 1- ichthyofauna.pdf","East","Low",0,,"not_applicable","not_applicable","non-kelp","unspecified","not_applicable","no","Atractoscion aequidens was recorded on warm-temperate rocky reef at the Goukamma MPA study area (south-east coast, near Knysna), which lies east of the Cape Agulhas kelp limit and outside the Ecklonia maxima range. The survey (standardised angling over rocky substrate) documents the species occurrin",,"agent:opus:rfbf-v7.1"
14,"Geelbek","Atractoscion aequidens","H","Griffiths (1988) - Atractoscion aequidens (thesis).pdf","Both","Medium",0,,"not_applicable","not_applicable","non-kelp","both","not_applicable","no","The geelbek is documented as an essentially offshore, pelagic-feeding fish occurring over sandy and rocky substrata between 15 and 200 m, frequently off the bottom near the surface, and undertaking inshore-offshore and longshore migrations across the shelf and Agulhas Bank in both the West (S.W. Cap",,"agent:opus:rfbf-v7.1"
14,"Geelbek","Atractoscion aequidens","H","Griffiths (1998) - Aspects of the biology and population dynamics of the geelbek Atractoscion aequidens.pdf","Both","Medium",0,,"not_applicable","not_applicable","non-kelp","both","not_applicable","no","The source documents the geelbek as an offshore species occupying sandy and rocky substrata at 15-200 m and frequently off the bottom near the surface, sampled by the line fishery across both regions (False Bay in the West; Port Alfred in the East). Kelp is neither measured nor mentioned anywhere in",,"agent:opus:rfbf-v7.1"
14,"Geelbek","Atractoscion aequidens","H","Griffiths (2000) - Long-term trends in catch and effort of commercial linefish off South Africa's Cape Province.pdf","West","Medium",0,,"not_applicable","not_applicable","non-kelp","unspecified","not_applicable","no","The commercial linefishery (handline, continental shelf 5-130 m over reef/sand) documents geelbek caught in the South-Western Cape (West/kelp coast), a primary observation of occurrence on non-kelp shelf habitat. Kelp is neither measured nor mentioned. Level-0 observed_alternative on the habitat rou",,"agent:opus:rfbf-v7.1"
14,"Geelbek","Atractoscion aequidens","H","Griffiths and Hecht (1995) - On the life-history of A tractoscion aequidens, a migratory sciaenid off the east coast of southern Africa.pdf","West","Medium",0,,"not_applicable","not_applicable","non-kelp","both","not_applicable","no","The source documents A. aequidens occupying SW Cape (West/kelp-coast region) as a pelagic, prey-following species: subadults reside inshore in summer and move offshore over the Agulhas Bank in winter, tracking anchovy. The habitat is open coastal/pelagic water; no use of kelp structure is recorded a",,"agent:opus:rfbf-v7.1"
14,"Geelbek","Atractoscion aequidens","H","Griffiths and Hecht (1995) - On the life-history of A tractoscion aequidens, a migratory sciaenid off the east coast of southern Africa.pdf","East","Medium",0,,"not_applicable","not_applicable","non-kelp","both","not_applicable","no","In the East the source documents A. aequidens occupying non-kelp coastal/pelagic habitat: the SE Cape serves as a juvenile nursery and adults migrate longshore to spawn offshore off Natal. No use of kelp structure is recorded and kelp is never mentioned; the SE Cape and Natal lie east of the Eckloni",,"agent:opus:rfbf-v7.1"
14,"Geelbek","Atractoscion aequidens","H","Hanekom et al. (1997) - Shore-angling catches in the Tsitsikamma National Park, 1989-1995.pdf","East","Medium",0,,"not_applicable","not_applicable","non-kelp","unspecified","not_applicable","no","Geelbek (Atractoscion aequidens) recorded in scientific fishing on the TNP non-kelp coast east of the kelp limit: level 0 observed_alternative, habitat route. Trophic route unassessed.",,"agent:opus:rfbf-v7.1"
14,"Geelbek","Atractoscion aequidens","H","Hecht and Tilney (1989) - The Port Alfred fishery.pdf","East","Medium",0,,"not_applicable","not_applicable","non-kelp","both","not_applicable","no","Geelbek is caught in the east-coast Port Alfred reef/bank fishery beyond the kelp limit, with size and seasonal-migration detail; observed occupying a non-kelp habitat with no kelp link, giving a level-0 observed_alternative habitat record.",,"agent:opus:rfbf-v7.1"
14,"Geelbek","Atractoscion aequidens","H","Hutton et al. (2001) - Atractoscion aequidens.pdf","Both","Low",0,,"not_applicable","not_applicable","non-kelp","both","not_applicable","yes","The source is a bio-economic / game-theoretic stock-assessment of geelbek. Its only ecological observations of the in-scope species are geographic occurrence and life-stage distribution: a ~2000 km migratory range from the West Coast to northern KwaZulu-Natal, with juveniles in the SE Cape, sub-adul",,"agent:opus:rfbf-v7.1"
14,"Geelbek","Atractoscion aequidens","H","Jairam (2005) - COMMERCIAL AND RECREATIONAL MARINE SKIBOAT LINEFISHERIES IN RICHARDS BAY.pdf","East","Medium",0,,"not_applicable","not_applicable","non-kelp","unspecified","not_applicable","no","Migratory sciaenid caught off Richards Bay (357 commercial, 26 recreational), beyond the eastern kelp limit, with a winter spawning migration into KZN. Documents occurrence in a non-kelp east-coast setting (level-0 observed_alternative, habitat route). No kelp assessed; trophic route unassessed.",,"agent:opus:rfbf-v7.1"
14,"Geelbek","Atractoscion aequidens","H","James et al (2012)-Temporal variability of temperate fish assemblahe in Africas oldest MPA.pdf","East","Medium",0,,"not_applicable","not_applicable","non-kelp","unspecified","not_applicable","no","Recorded (single year, high CPUE) by shore-angling on the non-kelp East-region reef of TNP; occupancy of non-kelp habitat only. Level-0 observed_alternative on the habitat route; trophic route unassessed.",,"agent:opus:rfbf-v7.1"
14,"Geelbek","Atractoscion aequidens","H","Lamberth (1994) - The commercial beach-seine fishery in False Bay, South Africa.pdf","West","Low",0,,"not_applicable","not_applicable","non-kelp","juvenile","not_applicable","no","One immature individual caught in a beach-seine haul in the sandy surf zone of False Bay; documents occupancy of a non-kelp habitat. Level-0 observed_alternative on the habitat route; specificity low (single fish).",,"agent:opus:rfbf-v7.1"
14,"Geelbek","Atractoscion aequidens","H","Lamberth et al. (2009) - The effects of altered freshwater inflows on catch rates of non-estuarine-dependent fish in a multispecies nearshore linefishery.pdf","East","Low",0,,"not_applicable","not_applicable","non-kelp","adult","not_applicable","no","Geelbek is an in-scope migratory pelagic sciaenid documented by the source's own catch data occupying non-kelp east-coast (KZN south coast) waters, where it is caught in winter and spawns in spring. The observation is in the East region far beyond the eastern kelp limit and involves no kelp trophic ",,"agent:opus:rfbf-v7.1"
14,"Geelbek","Atractoscion aequidens","H","Lloyd et al. (2011) - Ocean warming alters species abundance patterns and increases species diversity in an African sub-tropical reef-fish community.pdf","East","Low",0,,"not_applicable","not_applicable","non-kelp","unspecified","not_applicable","no","Atractoscion aequidens (geelbek) is recorded in the KwaZulu-Natal offshore-reef spear-fishing catch (28.0–31.6°S; East region), with a single individual shot 1989–2007 (Appendix A). Documents the species occurring in a non-kelp subtropical reef zone; kelp is not measured or mentioned. Single individ",,"agent:opus:rfbf-v7.1"
14,"Geelbek","Atractoscion aequidens","H","Mann et al. (2022) - Monitoring the effects of spatial protection on the reef fish communities of the Pondoland Marine Protected Area, Eastern Cape Province, South Africa.pdf","East","Medium",0,,"not_applicable","not_applicable","non-kelp","unspecified","not_applicable","no","In-scope geelbek (Atractoscion aequidens) recorded on Pondoland reef (10–30 m, Eastern Cape east coast), east of the kelp range. Occupies non-kelp reef habitat; kelp neither measured nor mentioned. Level-0 observed_alternative on the habitat route; trophic route unassessed.",,"agent:opus:rfbf-v7.1"
14,"Geelbek","Atractoscion aequidens","H","Nodo et al. (2023) - The nursery function of shallow nearshore and estuarine benthic habitats for demersal fishes.pdf","East","High",0,,"not_applicable","not_applicable","non-kelp","juvenile","not_applicable","no","Geelbek recorded as postflexion larvae in the soft-bottom marine nearshore of Algoa Bay (East region). Non-kelp benthic habitat, kelp not measured or mentioned: level-0 observed_alternative on the habitat route. Trophic route unassessed (no diet data).",,"agent:opus:rfbf-v7.1"
14,"Geelbek","Atractoscion aequidens","H","Nodo et al. (2024) - Spatial patterns and environmental drivers of demersal fish assemblages in the Swartkops and Sundays estuarine to marine seascapes, South Africa.pdf","East","High",0,,"not_applicable","not_applicable","non-kelp","unspecified","not_applicable","no","Atractoscion aequidens caught in the Algoa Bay soft-bottom marine nearshore (East region); documents occupation of non-kelp sediment habitat. Habitat-route level-0 observed_alternative. Trophic route unassessed (no diet).",,"agent:opus:rfbf-v7.1"
14,"Geelbek","Atractoscion aequidens","H","Nodo et al. (2026) - Using DNA barcoding to identify the early life history stages of demersal coastal fishes in shallow nearshore and estuarine benthic habitats of Algoa Bay.pdf","East","High",0,,"not_applicable","not_applicable","non-kelp","juvenile","not_applicable","no","DNA-confirmed larval Atractoscion aequidens were caught in the Algoa Bay marine nearshore (East region), in soft-bottom benthic habitat; kelp is not measured or mentioned. Level-0 observed_alternative on the habitat route.",,"agent:opus:rfbf-v7.1"
14,"Geelbek","Atractoscion aequidens","H","Osgood et al. (2020) - Chondrichthyans as an umbrella species-complex for conserving South African biodiversity.pdf","West","Low",0,,"not_applicable","not_applicable","non-kelp","unspecified","not_applicable","no","Geelbek is recorded once on BRUV in the kelp region at a non-kelp site. Level-0 observed_alternative on the habitat route, Low specificity. Trophic route unassessed.",,"agent:opus:rfbf-v7.1"
14,"Geelbek","Atractoscion aequidens","H","Penney et al. (1999) - Long-term trends in catch and effort in the KwaZulu-Natal nearshore linefisheries.pdf","East","Medium",0,,"not_applicable","not_applicable","non-kelp","unspecified","not_applicable","no","Geelbek is documented as a demersal migrant occurring in and caught by the KwaZulu-Natal nearshore linefishery (East region, no kelp present). Occupation of non-kelp coastal habitat by an in-scope species is a level-0 observed_alternative on the habitat route.",,"agent:opus:rfbf-v7.1"
14,"Geelbek","Atractoscion aequidens","H","Pradervand (2004) - Long-term trends in the shore fishery of the Transkei coast, South Africa.pdf","East","Low",0,,"not_applicable","not_applicable","non-kelp","unspecified","not_applicable","no","A. aequidens recorded (n=2) in the Transkei shore fishery (East, non-kelp); no diet or kelp-structure observation. Level-0 observed_alternative on the habitat route.",,"agent:opus:rfbf-v7.1"
14,"Geelbek","Atractoscion aequidens","H","Pradervand et al. (2007) - Long-term trends in the competitive shore fishery along the KwaZulu-Natal coast, South Africa.pdf","East","Low",0,,"not_applicable","not_applicable","non-kelp","unspecified","not_applicable","no","Geelbek recorded (n=112) in the East-coast non-kelp shore fishery. Documents occurrence in a non-kelp inshore coastal habitat; kelp not assessed. Level-0 observed_alternative, habitat route.",,"agent:opus:rfbf-v7.1"
14,"Geelbek","Atractoscion aequidens","H","Reed et al. (2017) - Analysis of bycatch in the South African midwater trawl fishery for horse mackerel Trachurus capensis based on observer data.pdf","East","Low",0,,"not_applicable","not_applicable","non-kelp","unspecified","not_applicable","no","Atractoscion aequidens (geelbek), a line-fishery overlap sciaenid, is recorded as bycatch in the offshore Agulhas Bank midwater trawl (50–300 m), a non-kelp habitat. Documented non-kelp occurrence: habitat-route level-0 observed_alternative. Specificity Low (small catch, passing but codeable record)",,"agent:opus:rfbf-v7.1"
14,"Geelbek","Atractoscion aequidens","H","Roberson et al. (2015) - First survey of fishes in Betty's bay along South Africa s temperate south west coast.pdf","West","Low",0,,"not_applicable","not_applicable","non-kelp","unspecified","not_applicable","no","A. aequidens was recorded at 5 of 58 sites without resolution to kelp habitat. Observed occupancy of the surveyed inshore habitat (Level 0 observed alternative); kelp co-occurrence not established.",,"agent:opus:rfbf-v7.1"
14,"Geelbek","Atractoscion aequidens","H","Scott (1949) - Otter-trawl fisheries of South Africa.pdf","East","Medium",0,,"not_applicable","not_applicable","non-kelp","both","not_applicable","no","Geelbek is documented on Algoa Bay breeding grounds and as a trawl-caught species of the Agulhas Current grounds, all non-kelp soft-bottom coastal habitat east of the kelp limit. Level-0 observed_alternative habitat record.",,"agent:opus:rfbf-v7.1"
14,"Geelbek","Atractoscion aequidens","H","Smale (1983) - Resource partitioning by top predatory teleosts in the eastern cape coastal waters South Africa.pdf","East","Low",0,,"not_applicable","not_applicable","non-kelp","both","not_applicable","no","Atractoscion aequidens is documented as a pelagic predator over soft, sandy substrates in the eastern Cape, a non-kelp habitat. Level-0 observed_alternative on the habitat route; Low specificity (pelagic-grouping description).",,"agent:opus:rfbf-v7.1"
14,"Geelbek","Atractoscion aequidens","H","Smale (1985) - Aspects of the biology of Argyrosomus hololepidotus and Atractoscion aequidens (Osteichthyes, Sciaenidae) in waters of the south-eastern Cape, South Africa.pdf","East","Medium",0,,"not_applicable","not_applicable","non-kelp","both","not_applicable","no","The source samples geelbek (283–992 mm fork length, n = 848) from the same south-eastern Cape line fishery (East London to Mossel Bay, ~86% Algoa Bay), a region east of the Ecklonia maxima limit (region East). Geelbek is documented as an exclusively marine, schooling species caught in coastal line-f",,"agent:opus:rfbf-v7.1"
14,"Geelbek","Atractoscion aequidens","H","Smale (1985) - Aspects of the biology of Argyrosomus hololepidotus and Atractoscion aequidens in waters of the south-eastern Cape, South Africa.pdf","East","Medium",0,,"not_applicable","not_applicable","non-kelp","both","not_applicable","no","Geelbek is documented as a marine, schooling species caught by the south-eastern Cape ski-boat line fishery, predominantly in Algoa Bay and adjacent coastal waters, all east of the Cape Agulhas kelp limit. This records the species occupying non-kelp coastal marine habitat at the sampled place, time,",,"agent:opus:rfbf-v7.1"
14,"Geelbek","Atractoscion aequidens","H","Smale (1987) - Food paritioning by coastal pedatory teleosts in South Africa.pdf","East","Medium",0,,"not_applicable","not_applicable","non-kelp","unspecified","not_applicable","no","The source documents A. aequidens occupying non-kelp habitat at the sampled place, time and life stage: it is classified as an inshore pelagic predator in this paper's own ordination, is stated to hunt in relatively shallow water, and all 59 specimens were taken inshore of Cape Recife, east of the e",,"agent:opus:rfbf-v7.1"
14,"Geelbek","Atractoscion aequidens","H","Smale (2009) - The feeding habits of six pelagic and predatory teleosts in eastern Cape coastal waters (South Africa).pdf","East","Low",0,,"not_applicable","not_applicable","non-kelp","both","not_applicable","no","A. aequidens is line-caught in eastern Cape coastal water (Mossel Bay to East London), a non-kelp habitat east of the kelp limit, at the sampled place and time. The source records no action involving kelp structure, so the habitat route is a level-0 observed_alternative. Specificity is Low because o",,"agent:opus:rfbf-v7.1"
14,"Geelbek","Atractoscion aequidens","H","Smale and Buxton (1985) - recreational ski-boat fishery off the Eastern Cape.pdf","East","Medium",0,,"not_applicable","not_applicable","non-kelp","unspecified","not_applicable","no","Geelbek is a common, quantified component of the Algoa Bay catch, east of the kelp limit; the catch documents occurrence in non-kelp coastal/pelagic habitat, a level-0 observed alternative. No diet data; trophic route unassessed.",,"agent:opus:rfbf-v7.1"
14,"Geelbek","Atractoscion aequidens","H","Smale et al. (1993) - Analysis of the demersal community of fish and cephalopods on the Agulhas Bank, South Africa.pdf","East","Low",0,,"not_applicable","not_applicable","non-kelp","unspecified","not_applicable","no","Geelbek taken in Agulhas Bank demersal trawls (Appendix 1); occurrence in non-kelp shelf habitat east of the kelp limit. Level-0 observed_alternative on the habitat route.",,"agent:opus:rfbf-v7.1"
14,"Geelbek","Atractoscion aequidens","H","Sowman (1984) - An assessment of recreational carrying capacity at Infanta, South Cape.pdf","East","Medium",0,,"not_applicable","not_applicable","non-kelp","unspecified","not_applicable","no","Table 11 records 1 geelbek (2.0 kg) in the Easter-1984 ski-boat catch. The species is documented occupying non-kelp East-coast marine habitat east of the kelp limit; no trophic or kelp-structural observation: level-0 observed_alternative on the habitat route. Trophic route unassessed.",,"agent:opus:rfbf-v7.1"
14,"Geelbek","Atractoscion aequidens","H","Talbots (1955)-Notes on the biology of Rhabdosargus globiceps.pdf","West","Low",0,,"not_applicable","not_applicable","non-kelp","juvenile","not_applicable","no","Geelbek (Atractoscion aequidens) is documented occupying the Klein River estuary, a non-kelp habitat. Level-0 observed_alternative on the habitat route.",,"agent:opus:rfbf-v7.1"
14,"Geelbek","Atractoscion aequidens","H","Wallace et al. (1984) - Inshore small-mesh trawling survey of the Cape south coast. Part 1. Introduction, methods, stations and catches.pdf","East","Medium",0,,"not_applicable","not_applicable","non-kelp","unspecified","not_applicable","no","Geelbek taken in the soft-bottom trawl survey east of the kelp coast; non-kelp habitat occurrence. Level 0 observed_alternative on the habitat route.",,"agent:opus:rfbf-v7.1"
14,"Geelbek","Atractoscion aequidens","H","Watermeyer et al. (2016).pdf","Both","Low",0,,"not_applicable","not_applicable","non-kelp","unspecified","not_applicable","no","Geelbek (Atractoscion aequidens) catch distribution is mapped from the line fishery across the South African continental shelf, with the proportion east of Cape Agulhas declining from Period 1 to Period 3. The species is documented occupying continental-shelf habitat, a non-kelp setting; kelp is nei",,"agent:opus:rfbf-v7.1"
14,"Geelbek","Atractoscion aequidens","H","Winker et al. (2013).pdf","Both","Low",0,,"not_applicable","not_applicable","non-kelp","adult","not_applicable","no","Geelbek is documented caught across the offshore south-coast fishery (Table 1) and characterised as a demersal species (non-kelp habitat). Level 0 observed_alternative on the habitat route; trophic route unassessed.",,"agent:opus:rfbf-v7.1"
14,"Geelbek","Atractoscion aequidens","T","Buxton et al. (1984) - Inshore small mesh trawling survey of the Cape south coast. Part 4. Contributions to the biology of some teleostei and Chondrichthyes.pdf","East","High",0,,"non_kelp","outside","not_applicable","both","not_applicable","no","A. aequidens diet (Table 5, verified) is mysids and teleosts (with an ontogenetic shift to fish/squid), all non-kelp prey, at south-coast soft-substrate stations (mainly Algoa Bay) outside the kelp range. Level-0 observed_alternative, trophic non_kelp, East.",,"agent:opus:rfbf-v7.1"
14,"Geelbek","Atractoscion aequidens","T","Griffiths (1988) - Atractoscion aequidens (thesis).pdf","Both","High",0,,"non_kelp","not_applicable","not_applicable","both","not_applicable","no","The thesis's own stomach-content analysis (1861 stomachs at Port Alfred, 586 at Gordons Bay, 1985-1987, plus Natal shore/spear samples) shows the geelbek diet is dominated by small pelagic shoaling fish, chiefly Sardinops ocellatus, Engraulis capensis and Trachurus trachurus, in both the S.E. Cape (",,"agent:opus:rfbf-v7.1"
14,"Geelbek","Atractoscion aequidens","T","Griffiths (1998) - Aspects of the biology and population dynamics of the geelbek Atractoscion aequidens.pdf","Both","High",0,,"non_kelp","not_applicable","not_applicable","both","not_applicable","no","A comprehensive stomach-content study (1861 + 586 stomachs; Tables 7-9, Fig. 34) documents the geelbek as a specialised piscivore on small pelagic fish (Sardinops ocellatus, Engraulis capensis, Trachurus trachurus), with juveniles taking mysids then switching to anchovy and pilchard. All prey are pe",,"agent:opus:rfbf-v7.1"
14,"Geelbek","Atractoscion aequidens","T","Griffiths and Hecht (1995) - On the life-history of A tractoscion aequidens, a migratory sciaenid off the east coast of southern Africa.pdf","West","High",0,,"non_kelp","outside","not_applicable","both","not_applicable","no","In the SW Cape (West/kelp-coast region) the source documents subadult (and some adult) A. aequidens feeding on pelagic shoaling prey, dominated by anchovy E. japonicus (Table III, IRI 5215.5), with pilchard, horse mackerel and Squilla. No prey is linked to kelp or the kelp food web, and kelp is neve",,"agent:opus:rfbf-v7.1"
14,"Geelbek","Atractoscion aequidens","T","Griffiths and Hecht (1995) - On the life-history of A tractoscion aequidens, a migratory sciaenid off the east coast of southern Africa.pdf","East","High",0,,"non_kelp","not_applicable","not_applicable","both","not_applicable","no","In the SE Cape and Natal (East, beyond the kelp limit) the source documents juvenile and adult A. aequidens feeding on pelagic shoaling prey, dominated by pilchard S. sagax (Table II, IRI 6301.7), with anchovy, horse mackerel, cephalopods and (in juveniles) mysids. No prey is linked to kelp and kelp",,"agent:opus:rfbf-v7.1"
14,"Geelbek","Atractoscion aequidens","T","Parker et al. (2020) - linefish dependency in management of the South African small pelagic fishery.pdf","Both","High",0,,"non_kelp","not_applicable","not_applicable","both","not_applicable","no","The source documents geelbek as a piscivore whose diet and demographic signal are dominated by pelagic small pelagics (sardine, anchovy), a non-kelp food web. Its own primary analysis (Granger/CCM/regression) shows sardine biomass drives geelbek SW CPUE (r2 = 0.71, CCM rho = 0.91), and compiled diet",,"agent:opus:rfbf-v7.1"
14,"Geelbek","Atractoscion aequidens","T","Sauer and Smale (1991) - Predation patterns on squid Loligo vulgaris reynaudll.pdf","East","High",0,,"non_kelp","outside","not_applicable","unspecified","not_applicable","no","Quantified stomach contents for Atractoscion aequidens (n = 5, Table IIc, p. 522) from the south-eastern Cape spawning grounds, east of the eastern kelp limit. All identified prey are non-kelp clupeid and other teleosts. Kelp is never measured or mentioned as food or habitat in the source. Level-0 o",,"agent:opus:rfbf-v7.1"
14,"Geelbek","Atractoscion aequidens","T","Smale (1983) - Resource partitioning by top predatory teleosts in the eastern cape coastal waters South Africa.pdf","East","High",0,,"non_kelp","not_applicable","not_applicable","both","not_applicable","no","Atractoscion aequidens in the eastern Cape feeds chiefly on schooling pelagic fish (Sardinops ocellata, Engraulis capensis) and squid, non-kelp prey east of the kelp range. Level-0 observed_alternative on the trophic route.",,"agent:opus:rfbf-v7.1"
14,"Geelbek","Atractoscion aequidens","T","Smale (1987) - Food paritioning by coastal pedatory teleosts in South Africa.pdf","East","Medium",0,,"non_kelp","outside","not_applicable","unspecified","not_applicable","no","The source documents A. aequidens (59 stomachs across two size groups from 30 to 100 cm, both taken inshore of Cape Recife, east of the eastern kelp limit) consuming exclusively non-kelp prey: Sardinops ocellata, Engraulis capensis, Pagellus natalensis, Cheimerius nufar and Sepiidae. This is a level",,"agent:opus:rfbf-v7.1"
14,"Geelbek","Atractoscion aequidens","T","Smale (2009) - The feeding habits of six pelagic and predatory teleosts in eastern Cape coastal waters (South Africa).pdf","East","High",0,,"non_kelp","not_applicable","not_applicable","both","not_applicable","no","Atractoscion aequidens is an in-scope predator whose eastern Cape diet is dominated by schooling pelagic teleosts (Sardinops, Engraulis) with some Loligo reynaudi. This is documented consumption of non-kelp food at the sampled place and time, with no kelp food-web link, giving a level-0 observed_alt",,"agent:opus:rfbf-v7.1"
15,"Hottentot","Pachymetopon blochii","H","Attwood and Ensair (2020) - Life history trade offs among four sympatric seabreams.pdf","West","Low",0,,"not_applicable","not_applicable","non-kelp","both","not_applicable","no","The source documents P. blochii occupying False Bay (317 fish, including 7 juveniles; E10), which the species frame assigns to the West kelp region, and characterises the habitat occupied as reef (E11). Kelp is never mentioned, measured or defined as a detection opportunity, so no gate above level 0",,"agent:opus:rfbf-v7.1"
15,"Hottentot","Pachymetopon blochii","H","Bennett & Attwood (1993)-Shore-angling catches in the De Hoop Nature Reserve  South Africa  and further evidence for the protective value of marine reserves.pdf","East","Low",0,,"not_applicable","not_applicable","non-kelp","unspecified","not_applicable","no","Pachymetopon blochii (n=3) was caught by shore-angling at De Hoop in a non-kelp aeolianite beach-rock and sand surf zone at the eastern edge of the Ecklonia maxima range. Documented occurrence in non-kelp habitat with no diet or kelp-structure observation gives a level-0 observed_alternative on the ",,"agent:opus:rfbf-v7.1"
15,"Hottentot","Pachymetopon blochii","H","Bernard et al. (2013) - Observer bias and detection probability in underwater visual census of fish assemblages.pdf","Both","Medium",0,,"not_applicable","not_applicable","non-kelp","unspecified","not_applicable","no","Pachymetopon blochii is an in-scope species recorded by UVC on rocky reef in the two MPAs (Table 2: present on 64 of 103 paired-transects). Documented occupation of a non-kelp habitat at the sampled place and time with no kelp measured makes this a habitat-route level-0 observed_alternative. Trophic",,"agent:opus:rfbf-v7.1"
15,"Hottentot","Pachymetopon blochii","H","Burger et al. (2026) - Tidal dynamics shape early-stage fish assemblages in the mouth region of a temperate estuary.pdf","East","Low",0,,"not_applicable","not_applicable","non-kelp","juvenile","not_applicable","no","A single preflexion Pachymetopon blochii larva (classified a marine straggler entering the estuary sporadically) captured at the Swartkops Estuary mouth (East coast, beyond the eastern kelp limit). Documents occupation of a non-kelp estuarine habitat at the early life stage; kelp not measured or men",,"agent:opus:rfbf-v7.1"
15,"Hottentot","Pachymetopon blochii","H","Cliff (1983) - Early colonization by fish of an artifical reef in false bay.pdf","West","High",0,,"not_applicable","not_applicable","non-kelp","both","not_applicable","no","P. blochii was the dominant coloniser of the SAS Transvaal artificial reef in False Bay (West), documented in a monthly visual census over two years, with both juveniles and adults (8-30 cm; matures at 16 cm). The reef is a scuttled steel frigate on sand with no kelp present, so the species is obser",,"agent:opus:rfbf-v7.1"
15,"Hottentot","Pachymetopon blochii","H","Cockcroft (2001) - Jasus lalandii walkouts or mass strandings in South Africa during the 1990s, an overview.pdf","West","Low",0,,"not_applicable","not_applicable","non-kelp","unspecified","not_applicable","no","Pachymetopon blochii (hottentot) is recorded as a stranding-associated fish mortality in the West-coast nearshore in 1993, 1997 and 1999, documenting occurrence in a non-kelp nearshore setting where kelp is neither measured nor mentioned. This supports a level-0 observed_alternative habitat record a",,"agent:opus:rfbf-v7.1"
15,"Hottentot","Pachymetopon blochii","H","Cottrant (2024) - Assessing conservation measures for five southern African endemic shark species.pdf","West","Low",0,,"not_applicable","not_applicable","non-kelp","unspecified","not_applicable","no","Recorded on baited remote underwater video in Walker Bay across a kelp/reef/sand survey (Table 2, Hottentot). Presence documented but substrate not resolved. Coded Level-0 observed-alternative.",,"agent:opus:rfbf-v7.1"
15,"Hottentot","Pachymetopon blochii","H","Dando (2020) - Underwater video survey and community structure of ichthyofauna in South Africa.pdf","West","Medium",0,,"not_applicable","not_applicable","non-kelp","unspecified","not_applicable","no","BRUV survey; Pachymetopon blochii (hottentot seabream) was recorded in the Betty's Bay kelp MPA (Table 13), had elevated relative abundance there (SIMPER 3.9 vs 0.0 at Goukamma) and was the most strongly associated in-scope sparid with the Betty's Bay study area (Table 21, IV=0.693, p=0.005). Habita",,"agent:opus:rfbf-v7.1"
15,"Hottentot","Pachymetopon blochii","H","Day (1970) - The biology of False Bay, South Africa.pdf","West","Medium",2,,"not_applicable","not_applicable","multiple","juvenile","within","no","Day documents a specific structural action by an in-scope species: juvenile common hottentot 'feed and shelter in the kelp beds' of the southern (west-region) shores. Sheltering (refuge) and foraging within kelp structure is Structural Use (level 2). No availability was measured (so not selection) a",,"agent:opus:rfbf-v7.1"
15,"Hottentot","Pachymetopon blochii","H","Dopolo et al. (2013) - Line Fish conference paper.pdf","Both","Low",0,,"not_applicable","not_applicable","non-kelp","unspecified","not_applicable","no","Hottentot seabream caught by shore anglers adjacent to Agulhas NP (n=8); catch record with no kelp or diet observation. Level-0 observed_alternative on the habitat route. Region Both (ANP straddles the kelp limit).",,"agent:opus:rfbf-v7.1"
15,"Hottentot","Pachymetopon blochii","H","Dyer (2018) - The role of ecological processes in structuring reef fish communities in the Agulhas ecoregion South Africa.pdf","East","High",0,,"not_applicable","not_applicable","non-kelp","unspecified","not_applicable","no","Recorded on rocky reef via stereo-BRUVs at Middle Bank (Tsitsikamma), east of the eastern kelp limit. Although Ecklonia occurs on the shallow Middle Bank pinnacle, deployments were 23-72 m (deeper than the kelp) and no fish were documented within kelp; occupancy of non-kelp rocky-reef habitat. Level",,"agent:opus:rfbf-v7.1"
15,"Hottentot","Pachymetopon blochii","H","Faure Beaulieu (2021) - Dedicated dads, a study on the nesting behaviour of Spondyliosoma emarginatum.pdf","West","Medium",0,,"not_applicable","not_applicable","non-kelp","unspecified","not_applicable","no","Hottentot (P. blochii) was observed on 20 of ~23 filming days (mean 3.74 swim-bys per hour) over the granite-reef nesting site, a well-quantified occurrence in a non-kelp rocky-reef habitat at the sampled place and time. Level-0 observed_alternative on the habitat route; kelp not measured or mention",,"agent:opus:rfbf-v7.1"
15,"Hottentot","Pachymetopon blochii","H","Gonzalez (2024) - Baited remote underwater video surveys report, Stilbaai Marine Protected Area (2013-2016).pdf","East","Medium",0,,"not_applicable","not_applicable","non-kelp","unspecified","not_applicable","no","Pachymetopon blochii was recorded by baited remote underwater video in the Stilbaai MPA (Table 3; present in 2013, 2014, 2015 per Table 4). Stilbaai lies on the warm-temperate south coast east of Cape Agulhas/De Hoop, beyond the eastern range limit of Ecklonia maxima, and the report explicitly state",,"agent:opus:rfbf-v7.1"
15,"Hottentot","Pachymetopon blochii","H","Götz et al. (2008) - Selected fishery and population parameters of eight shore-angling species in the Tsitsikamma National Park no-take marine reserve.pdf","East","Low",0,,"not_applicable","not_applicable","non-kelp","unspecified","not_applicable","no","Hottentot seabream caught in the TNP shore-angling survey (Table 1, n=2) at a non-kelp rocky-reef site on the Eastern Cape coast, east of its main West-coast kelp range. Occurrence documented; no diet data and no kelp structural action. Level-0 observed_alternative on the habitat route; low specific",,"agent:opus:rfbf-v7.1"
15,"Hottentot","Pachymetopon blochii","H","Gotz et al. (2009) - Effects of fishing on a temperate reef community in South Africa 1, ichthyofauna.pdf","East","Low",0,,"not_applicable","not_applicable","non-kelp","unspecified","not_applicable","no","Hottentot was recorded by angling and UVC at Goukamma rocky-reef sites in the East region, occupying non-kelp rocky reef without kelp measured or mentioned: Level 0 observed alternative on the habitat route.",,"agent:opus:rfbf-v7.1"
15,"Hottentot","Pachymetopon blochii","H","Götz et al. (2009) - fishing on a temperate reef community in South Africa 1- ichthyofauna.pdf","East","Low",0,,"not_applicable","not_applicable","non-kelp","unspecified","not_applicable","no","Pachymetopon blochii was recorded on warm-temperate rocky reef at the Goukamma MPA study area (south-east coast, near Knysna), which lies east of the Cape Agulhas kelp limit and outside the Ecklonia maxima range. The survey (standardised angling and/or UVC over rocky substrate) documents the species",,"agent:opus:rfbf-v7.1"
15,"Hottentot","Pachymetopon blochii","H","Götz et al. (2014) - An exploratory investigation of the fish communities associated with reefs on the central Agulhas Bank, South Africa.pdf","East","Medium",0,,"not_applicable","not_applicable","non-kelp","unspecified","not_applicable","no","Caught over non-kelp hard-substrate reef on the central Agulhas Bank (East, beyond the eastern kelp limit; Table 2). Level-0 observed_alternative on the habitat route. Kelp not present/measured; baited-gear capture is not diet evidence, so no trophic record.",,"agent:opus:rfbf-v7.1"
15,"Hottentot","Pachymetopon blochii","H","Griffiths (2000) - Long-term trends in catch and effort of commercial linefish off South Africa's Cape Province.pdf","West","Medium",0,,"not_applicable","not_applicable","non-kelp","unspecified","not_applicable","no","Commercial catch documents hottentot in the Western Cape and South-Western Cape (West/kelp coast), a cool/temperate reef sparid. Non-kelp habitat occurrence; kelp not measured or mentioned. Level-0 observed_alternative, habitat route. Cited diet 'predominantly algae' (Table VII) is a citation lead o",,"agent:opus:rfbf-v7.1"
15,"Hottentot","Pachymetopon blochii","H","Heyns-Veale et al. (2019) - Community-wide effects of protection reveal insights into marine protected area effectiveness for reef fish.pdf","West","Medium",0,,"not_applicable","not_applicable","non-kelp","unspecified","not_applicable","no","Hottentot seabream recorded on non-kelp reef/sand via stereo-BRUVs at De Hoop only; kelp not measured or mentioned. Level-0 observed_alternative on the habitat route. Trophic route unassessed. De Hoop at the kelp-range limit, coded 'West' (kelp-coast edge).",,"agent:opus:rfbf-v7.1"
15,"Hottentot","Pachymetopon blochii","H","Heyns‑Veale et al. (2016) - Depth and habitat determine assemblage structure of South Africa’s warm‑temperate reef fish.pdf","East","High",0,,"not_applicable","not_applicable","non-kelp","adult","not_applicable","no","A baited stereo-video survey recorded Pachymetopon blochii in the Tsitsikamma National Park MPA, east of the eastern limit of Ecklonia maxima and near the eastern extremity of this species' range. All individuals were large adults, restricted to the deep reef site and associated with habitat C (45-5",,"agent:opus:rfbf-v7.1"
15,"Hottentot","Pachymetopon blochii","H","Hutchings and Lamberth (2002) - Bycatch in the gillnet and beach-seine fisheries in the Western Cape, South Africa, with implications for management.pdf","West","Low",0,,"not_applicable","not_applicable","non-kelp","unspecified","not_applicable","no","Hottentot seabream recorded as 5 fish in West Coast marine gillnets (Table II), documenting occurrence in a non-kelp net-fishery habitat. Although hottentot is a reef fish associated with kelp reefs in the region, this source records only its net-fishery capture with no kelp relationship measured or",,"agent:opus:rfbf-v7.1"
15,"Hottentot","Pachymetopon blochii","H","James et al (2012)-Temporal variability of temperate fish assemblahe in Africas oldest MPA.pdf","East","Low",0,,"not_applicable","not_applicable","non-kelp","unspecified","not_applicable","no","Sparsely recorded by shore-angling on the non-kelp East-region reef of TNP; occupancy of non-kelp habitat only. Level-0 observed_alternative on the habitat route; trophic route unassessed.",,"agent:opus:rfbf-v7.1"
15,"Hottentot","Pachymetopon blochii","H","Kerwath et al. (2013) - effects of barotrauma on five species of South African line-caught fish.pdf","West","Low",0,,"not_applicable","not_applicable","non-kelp","unspecified","not_applicable","no","Hottentot P. blochii were line-caught between Dassen Island and False Bay (West kelp coast) on reef, including deep captures at 30-40 m, and are characterised as benthic reef-associated omnivores that 'remain close to the reef'. The study documents the species occupying non-kelp reef habitat; kelp i",,"agent:opus:rfbf-v7.1"
15,"Hottentot","Pachymetopon blochii","H","Lasiak (1984).pdf","East","Medium",0,,"not_applicable","not_applicable","non-kelp","unspecified","not_applicable","no","Pachymetopon blochii (hottentot seabream), a single specimen caught in the King's Beach sandy surf-zone (East). Occupancy of non-kelp habitat = level-0 observed_alternative; marginal single-catch record.",,"agent:opus:rfbf-v7.1"
15,"Hottentot","Pachymetopon blochii","H","Lechanteur (1999) - The ecology and management of false bay reef fish.pdf","West","High",1,,"not_applicable","not_applicable","uncertain","unspecified","within","no","Cape hottentot, the most abundant species in the assemblage, was recorded throughout the Ecklonia/Laminaria kelp zone, establishing co-occurrence with kelp. It shoals in the water column and aggregates on reefs as temperature varies; no action involving kelp structure is documented, so level 1 co-oc",,"agent:opus:rfbf-v7.1"
15,"Hottentot","Pachymetopon blochii","H","Lechanteur and Griffiths (2001) - Fish associated with artificial reefs in False Bay, South Africa, a preliminary survey.pdf","West","High",0,,"not_applicable","not_applicable","non-kelp","unspecified","not_applicable","no","Hottentot was recorded on every censused wreck (384 fishes, 11.3%), occupying artificial-reef structure on sand in False Bay. Kelp is not measured. Level-0 observed_alternative on the habitat route. Residency claims cite other publications and are logged as leads.",,"agent:opus:rfbf-v7.1"
15,"Hottentot","Pachymetopon blochii","H","Lechanteur and Griffiths (2002) - Composition and seasonal variability of the suprabenthic reef-fish assemblage in False Bay.pdf","West","Medium",1,,"not_applicable","not_applicable","not_applicable","unspecified","not_applicable","no","The most abundant species, recorded across all strata including the Ecklonia/Laminaria kelp strata, giving habitat co-occurrence with kelp (level 1). Its documented habitat association is a rock pinnacle/blinder (non-kelp), so no kelp-structure use is supported.",,"agent:opus:rfbf-v7.1"
15,"Hottentot","Pachymetopon blochii","H","Mann (2000) - Southern African marine linefish status reports.pdf","West","Medium",1,,"not_applicable","not_applicable","uncertain","both","within","yes","Mann (2000) is a secondary status-report compilation. The Pachymetopon blochii report states that adults occur within kelp beds on shallow-water reefs (and over deeper non-kelp reefs, pinnacles and blinders to 55 m) and that juveniles occupy shallow-water Ecklonia and Laminaria kelp beds, on the Wes",,"agent:opus:rfbf-v7.1"
15,"Hottentot","Pachymetopon blochii","H","Osgood et al. (2020) - Chondrichthyans as an umbrella species-complex for conserving South African biodiversity.pdf","West","Medium",0,,"not_applicable","not_applicable","non-kelp","unspecified","not_applicable","no","Hottentot seabream is observed on BRUV in the kelp region and is explicitly 'found predominantly on reefs': occupation of non-kelp reef habitat, a level-0 observed_alternative on the habitat route. No kelp use recorded. Trophic route unassessed.",,"agent:opus:rfbf-v7.1"
15,"Hottentot","Pachymetopon blochii","H","Pulfrich (1987) - Aspects of the biology of and fishery for Pachymetopon blochii in the western and south western Cape.pdf","West","Medium",2,,"not_applicable","not_applicable","multiple","both","both","yes","Structural Use (level 2) is proposed, but with review flagged because the evidence is qualitative and partly in tension with itself.

The gate requires a documented fish action involving physical kelp structure. Two such actions are stated by the author in their own voice. First, foraging: the speci",,"agent:opus:rfbf-v7.1"
15,"Hottentot","Pachymetopon blochii","H","Pulfrich and Griffiths (1988a) - Pachymetopon blochii.pdf","West","Medium",1,,"not_applicable","not_applicable","not_applicable","both","within","no","Route-relevant Co-occurrence (level 1) on the habitat route. The route is genuinely assessed rather than silent, because the authors made direct underwater observations of the species by day and by night (E22, E23) and reported on its habitat in their own methods. Co-occurrence with kelp is establis",,"agent:opus:rfbf-v7.1"
15,"Hottentot","Pachymetopon blochii","H","Pulfrich and Griffiths (1988b) - Pachymetopon blochii.pdf","West","Medium",0,,"not_applicable","not_applicable","non-kelp","both","not_applicable","no","Primary fishery study of Pachymetopon blochii in the West and South-Western Cape. The source's own observations place the species in inshore reef waters (the handline fishery 'has remained largely confined to inshore waters, especially in the case of P. blochii'), treat it as a shoaling reef fish ab",,"agent:opus:rfbf-v7.1"
15,"Hottentot","Pachymetopon blochii","H","Pulfrinch and Griffiths (1998) - Feeding biology of the hottentot, Pachymetopon blochii.pdf","West","Medium",1,,"not_applicable","not_applicable","non-kelp","both","within","no","Direct day and night underwater observations, plus kelp-bed sampling, document P. blochii occurring and foraging within dense kelp beds (its stated natural habitat), establishing habitat co-occurrence with kelp (level 1). Daytime behaviour is active grazing in shoals within the kelp understorey. The",,"agent:opus:rfbf-v7.1"
15,"Hottentot","Pachymetopon blochii","H","Roberson et al. (2015) - First survey of fishes in Betty's bay along South Africa s temperate south west coast.pdf","West","High",1,,"not_applicable","not_applicable","not_applicable","unspecified","within","no","BRUVs survey in a kelp-forest MPA (West, Ecklonia maxima). Predicted MaxN is greatest in kelp (Fig 5a) and P. blochii was 'abundant in reef and kelp' (SIMPER, p548), documenting occurrence in kelp forest. This is co-occurrence with kelp (Level 1). The habitat abundance contrast (more abundant in kel",,"agent:opus:rfbf-v7.1"
15,"Hottentot","Pachymetopon blochii","H","Roberson et al. (2017) - Potential application of baited remote underwater video to survey abundance of west coast rock lobster Jasus lalandii.pdf","West","Low",1,,"not_applicable","not_applicable","not_applicable","unspecified","uncertain","no","Pachymetopon blochii was recorded on BRUVs at 79.3% of stations in the Betty's Bay survey, which samples a kelp/reef/sand mosaic within the Ecklonia maxima range, and habitat is a highly significant predictor of its MaxN (23.6% deviance, P<0.001; Table 2, verified). This establishes geographical and",,"agent:opus:rfbf-v7.1"
15,"Hottentot","Pachymetopon blochii","H","Smale (1992) - Predatory fish and their prey, an overview of trophic interactions in the fish communities of the west and south coasts of South Africa.pdf","West","Medium",0,,"not_applicable","not_applicable","non-kelp","adult","not_applicable","no","The review characterises the hottentot as a West Coast rocky-reef linefish (prose and Fig. 4). This documents occupancy of a non-kelp habitat (rocky reef) at level 0 (observed_alternative). Kelp is never mentioned in the source, so no habitat use of kelp structure is assessed. Evidence is secondary ",,"agent:opus:rfbf-v7.1"
15,"Hottentot","Pachymetopon blochii","H","Smale et al. (1993) - Analysis of the demersal community of fish and cephalopods on the Agulhas Bank, South Africa.pdf","East","Low",0,,"not_applicable","not_applicable","non-kelp","unspecified","not_applicable","no","Hottentot seabream taken in Agulhas Bank demersal trawls (Appendix 1); the observation is of occurrence in non-kelp offshore shelf/reef habitat east of the kelp limit, with no kelp observed. Level-0 observed_alternative on the habitat route.",,"agent:opus:rfbf-v7.1"
15,"Hottentot","Pachymetopon blochii","H","Steyn et al. (2021) - Changes in food-web structure and energy flow in kelp forest ecosystems following the invasion of Jasus lalandii.pdf","West","Low",1,,"not_applicable","not_applicable","not_applicable","unspecified","within","no","Pachymetopon blochii (Hottentot) is named as a smaller reef fish included in the Betty's Bay kelp forest model within the omnivorous-fish group (level-1 co-occurrence, habitat route). No kelp-specific trophic or structural observation. Weaker basis; identity confirmed despite the 'Pachymetaopon' typ",,"agent:opus:rfbf-v7.1"
15,"Hottentot","Pachymetopon blochii","H","Winker et al. (2013).pdf","West","Low",0,,"not_applicable","not_applicable","non-kelp","adult","not_applicable","no","Hottentot is documented as a dominant SW catch component (Tables 1 and 2; also noted as a major sea-bream landing on p119), establishing occurrence in the non-kelp commercial fishery. Level 0 observed_alternative on the habitat route; trophic route unassessed.",,"agent:opus:rfbf-v7.1"
15,"Hottentot","Pachymetopon blochii","T","Cliff (1983) - Early colonization by fish of an artifical reef in false bay.pdf","West","High",0,,"non_kelp","not_applicable","not_applicable","both","not_applicable","no","A rotenone-based stomach-content analysis of 36 P. blochii (15-28 cm) on the kelp-free artificial reef found a diet of non-kelp benthic invertebrates (Crinoidea 40%, Hydroidea 18%, Amphipoda 11%), with only a trace of red seaweed (Rhodophyta <0.5%) and no kelp or kelp-linked prey. The author states ",,"agent:opus:rfbf-v7.1"
15,"Hottentot","Pachymetopon blochii","T","Day (1970) - The biology of False Bay, South Africa.pdf","West","Medium",1,,"uncertain","within","not_applicable","juvenile","not_applicable","yes","The juveniles are 'partly herbivorous' and 'feed ... in the kelp beds', a diet-relevant observation occurring in the kelp context, which supports trophic Co-occurrence (level 1). The source does not identify the ingested item as kelp, nor link the grazed plants to the kelp food web, so identified ke",,"agent:opus:rfbf-v7.1"
15,"Hottentot","Pachymetopon blochii","T","Faure Beaulieu (2021) - Dedicated dads, a study on the nesting behaviour of Spondyliosoma emarginatum.pdf","West","Low",0,,"non_kelp","not_applicable","not_applicable","adult","not_applicable","no","P. blochii (hottentot) was directly observed feeding on S. emarginatum eggs at abandoned nests on the reef, a primary observation of consumption of non-kelp food at the sampled site. Level-0 observed_alternative on the trophic route. Specificity Low (opportunistic, unquantified feeding).",,"agent:opus:rfbf-v7.1"
15,"Hottentot","Pachymetopon blochii","T","Pulfrich (1987) - Aspects of the biology of and fishery for Pachymetopon blochii in the western and south western Cape.pdf","West","Medium",2,,"kelp_both","both","not_applicable","both","not_applicable","no","Trophic Use (level 2) is established by the source's own gut-content data. Appendix 2.1.1 is headed 'List of all food items and prey species found in stomachs of P. blochii sampled at major landing sites during 1984 and 1985' and lists Ecklonia maxima under DIVISION PHAEOPHYTA (E05, visually verifie",,"agent:opus:rfbf-v7.1"
15,"Hottentot","Pachymetopon blochii","T","Pulfrich and Griffiths (1988a) - Pachymetopon blochii.pdf","West","Medium",2,,"kelp_indirect","both","not_applicable","both","not_applicable","yes","Trophic Use (level 2) via the kelp_indirect pathway, flagged for review. The source is a primary quantitative gut-content study of 737 P. blochii from four western Cape kelp-coast sites (E01, E02), so the route is genuinely assessed rather than silent. Ingestion of algae is documented and quantified",,"agent:opus:rfbf-v7.1"
15,"Hottentot","Pachymetopon blochii","T","Pulfrich and Griffiths (1988b) - Pachymetopon blochii.pdf","West","Low",0,,"non_kelp","not_applicable","not_applicable","both","not_applicable","no","The source documents the bait taken by hottentot in the directed fishery (rock lobster, redbait Pyura spp., black and white mussels, pilchard, steentjie, and historically octopus). This is a feeding-relevant observation of an in-scope species ingesting non-kelp animal prey items that the source does",,"agent:opus:rfbf-v7.1"
15,"Hottentot","Pachymetopon blochii","T","Pulfrinch and Griffiths (1998) - Feeding biology of the hottentot, Pachymetopon blochii.pdf","West","Medium",2,,"uncertain","within","not_applicable","both","not_applicable","yes","Primary quantitative gut-content study of 737 P. blochii from west-coast kelp sites (Feb 1984-Jul 1985), covering juveniles and adults. The fish is documented feeding within the understorey of dense kelp beds, its stated natural habitat, which establishes co-occurrence of feeding with kelp (level 1)",,"agent:opus:rfbf-v7.1"
16,"Janbruin","Gymnocrotaphus curvidens","H","Attwood et al. (2016) - Seasonally and spatially referenced estimates of recreational shore-angling effort, catch composition, catch rates and total catch in the Goukamma Marine Protected Area, South Africa.pdf","East","Low",0,,"not_applicable","not_applicable","non-kelp","unspecified","not_applicable","no","John Brown/janbruin (4 fish) caught in the non-kelp Goukamma MPA. Presence-only observation of an in-scope species in non-kelp reef/shore habitat, level-0 observed_alternative on the habitat route.",,"agent:opus:rfbf-v7.1"
16,"Janbruin","Gymnocrotaphus curvidens","H","Beckley and Buxton (1989) - UNDERWATER OBSERVATIONS OF REEF FISH IN AND AROUND ALGOA BAY, SOUTH AFRICA.pdf","East","High",0,,"not_applicable","not_applicable","non-kelp","both","not_applicable","no","John Brown observed on 53% of Philip's Reef dives, with juveniles restricted to the non-kelp reef habitat East of the kelp range. Level-0 observed_alternative on the habitat route.",,"agent:opus:rfbf-v7.1"
16,"Janbruin","Gymnocrotaphus curvidens","H","Bennett & Attwood (1993)-Shore-angling catches in the De Hoop Nature Reserve  South Africa  and further evidence for the protective value of marine reserves.pdf","East","Medium",0,,"not_applicable","not_applicable","non-kelp","unspecified","not_applicable","no","Gymnocrotaphus curvidens (n=17) was caught by shore-angling at De Hoop in a non-kelp aeolianite beach-rock and sand surf zone at the eastern edge of the Ecklonia maxima range. Documented occurrence in non-kelp habitat with no diet or kelp-structure observation gives a level-0 observed_alternative on",,"agent:opus:rfbf-v7.1"
16,"Janbruin","Gymnocrotaphus curvidens","H","Brouwer and Buxton (2002) - Catch and effort of the shore and skiboat linefisheries along the South African Eastern Cape coast.pdf","East","Low",0,,"not_applicable","not_applicable","non-kelp","unspecified","not_applicable","no","John Brown recorded in the Eastern Cape shore catch, east of the kelp limit: level-0 observed_alternative, habitat route.",,"agent:opus:rfbf-v7.1"
16,"Janbruin","Gymnocrotaphus curvidens","H","Burger (1990) - The distribution patterns and community structure of the Tsitsikamma rocky littoral ichthyofauna.pdf","East","High",0,,"not_applicable","not_applicable","non-kelp","unspecified","not_applicable","no","East-region record beyond the kelp coast. Gymnocrotaphus curvidens was recorded on non-kelp shallow coralline reef at Tsitsikamma, where no kelp forest occurs. Documented occurrence in a non-kelp habitat: level-0 observed_alternative on the habitat route.",,"agent:opus:rfbf-v7.1"
16,"Janbruin","Gymnocrotaphus curvidens","H","Button (2018) - Remotely operated vehicle exploring ichthyofauna association with habitat from shore-shelf, in an endemism hotspot in South Africa.pdf","East","Low",0,,"not_applicable","not_applicable","non-kelp","unspecified","not_applicable","no","ROV census off the Kei River mouth (East of the kelp limit) recorded John Brown (Gymnocrotaphus curvidens) in 5% of 58 grid cells on non-kelp shelf reef habitat. Documented occupancy of non-kelp habitat gives a level-0 observed_alternative on the habitat route; kelp absent and unassessed. No trophic",,"agent:opus:rfbf-v7.1"
16,"Janbruin","Gymnocrotaphus curvidens","H","Clarke (1988) - Biological aspects of Sparodon durbanensis and Pachymetopon grande.pdf","East","Low",0,,"not_applicable","not_applicable","non-kelp","unspecified","not_applicable","no","Gymnocrotaphus curvidens (John Brown, n=5) is landed in the study's Port Elizabeth inshore rock-angling catch survey, an Eastern Cape rocky-reef fishery east of the kelp limit. Documented occurrence in non-kelp habitat; kelp never mentioned. Level-0 observed_alternative on the habitat route.",,"agent:opus:rfbf-v7.1"
16,"Janbruin","Gymnocrotaphus curvidens","H","Coetzee and Baird (1981) - Catch composition and catch per unit effort of anglers' catches off St Croix Island.pdf","East","Low",0,,"not_applicable","not_applicable","non-kelp","unspecified","not_applicable","no","John Brown, in the St Croix Island angler catch at a non-kelp East-region rocky reef → level-0 observed_alternative on the habitat route.",,"agent:opus:rfbf-v7.1"
16,"Janbruin","Gymnocrotaphus curvidens","H","Cottrant (2024) - Assessing conservation measures for five southern African endemic shark species.pdf","West","Low",0,,"not_applicable","not_applicable","non-kelp","unspecified","not_applicable","no","Recorded on baited remote underwater video in Walker Bay across a kelp/reef/sand survey (Table 2, Janbruin/John Brown). Presence documented but substrate not resolved. Coded Level-0 observed-alternative.",,"agent:opus:rfbf-v7.1"
16,"Janbruin","Gymnocrotaphus curvidens","H","De Vos et al. (2014) - Optimal BRUVs survey design for reef fish monitoring in the Stilbaai Marine Protected Area.pdf","East","Medium",0,,"not_applicable","not_applicable","non-kelp","unspecified","not_applicable","no","Recorded at 7 of 29 BRUVs sites on non-kelp sandstone reef at Stilbaai, east of the kelp limit. No kelp present or measured; a level-0 observed_alternative on the habitat route. Feeding guild is secondary; trophic route unassessed.",,"agent:opus:rfbf-v7.1"
16,"Janbruin","Gymnocrotaphus curvidens","H","Dyer (2018) - The role of ecological processes in structuring reef fish communities in the Agulhas ecoregion South Africa.pdf","East","High",0,,"not_applicable","not_applicable","non-kelp","unspecified","not_applicable","no","Recorded on rocky reef via stereo-BRUVs at all four reefs in the Agulhas Ecoregion, east of the eastern kelp limit. Occupancy of non-kelp rocky-reef habitat; no kelp action observed and diet not examined. Level-0 observed_alternative on the habitat route.",,"agent:opus:rfbf-v7.1"
16,"Janbruin","Gymnocrotaphus curvidens","H","Gonzalez (2024) - Baited remote underwater video surveys report, Stilbaai Marine Protected Area (2013-2016).pdf","East","Medium",0,,"not_applicable","not_applicable","non-kelp","unspecified","not_applicable","no","Gymnocrotaphus curvidens was recorded by baited remote underwater video in the Stilbaai MPA (Table 3; present in 2015, 2016 per Table 4). Stilbaai lies on the warm-temperate south coast east of Cape Agulhas/De Hoop, beyond the eastern range limit of Ecklonia maxima, and the report explicitly states ",,"agent:opus:rfbf-v7.1"
16,"Janbruin","Gymnocrotaphus curvidens","H","Götz et al. (2008) - Selected fishery and population parameters of eight shore-angling species in the Tsitsikamma National Park no-take marine reserve.pdf","East","High",0,,"not_applicable","not_applicable","non-kelp","unspecified","not_applicable","no","Janbruin (John Brown) caught in the TNP shore-angling survey (Table 1, n=248) at a non-kelp rocky-reef site on the Eastern Cape coast. Occurrence documented; no diet data and no kelp structural action. Level-0 observed_alternative on the habitat route. Trophic route unassessed.",,"agent:opus:rfbf-v7.1"
16,"Janbruin","Gymnocrotaphus curvidens","H","Gotz et al. (2009) - Effects of fishing on a temperate reef community in South Africa 1, ichthyofauna.pdf","East","Medium",0,,"not_applicable","not_applicable","non-kelp","unspecified","not_applicable","no","John Brown (Janbruin) was recorded by angling and UVC at Goukamma rocky-reef sites in the East region, occupying non-kelp rocky reef without kelp measured or mentioned: Level 0 observed alternative on the habitat route.",,"agent:opus:rfbf-v7.1"
16,"Janbruin","Gymnocrotaphus curvidens","H","Götz et al. (2009) - fishing on a temperate reef community in South Africa 1- ichthyofauna.pdf","East","Medium",0,,"not_applicable","not_applicable","non-kelp","unspecified","not_applicable","no","Gymnocrotaphus curvidens (John Brown / janbruin) was recorded on warm-temperate rocky reef at the Goukamma MPA study area (south-east coast, near Knysna), which lies east of the Cape Agulhas kelp limit and outside the Ecklonia maxima range. The survey (standardised angling and/or UVC over rocky subs",,"agent:opus:rfbf-v7.1"
16,"Janbruin","Gymnocrotaphus curvidens","H","Hanekom et al. (1997) - Shore-angling catches in the Tsitsikamma National Park, 1989-1995.pdf","East","Low",0,,"not_applicable","not_applicable","non-kelp","unspecified","not_applicable","no","John Brown (Gymnocrotaphus curvidens) listed among catches on the TNP non-kelp coast east of the kelp limit: level 0 observed_alternative, habitat route. Trophic route unassessed.",,"agent:opus:rfbf-v7.1"
16,"Janbruin","Gymnocrotaphus curvidens","H","Harrison and Whitfield (2006) - Estuarine typology and the structuring of fish communities in South Africa.pdf","East","Low",0,,"not_applicable","not_applicable","non-kelp","unspecified","not_applicable","no","Gymnocrotaphus curvidens was captured (single estuary, %f 2.86) in a warm-temperate open estuary (Table 5), a non-kelp habitat; kelp and diet unassessed. Level-0 observed_alternative on the habitat route; trophic route unassessed. Marginal single-estuary record, hence Low specificity.",,"agent:opus:rfbf-v7.1"
16,"Janbruin","Gymnocrotaphus curvidens","H","Harrison and Whitfield (2008) - Geographical and typological changes in fish guilds of South African estuaries.pdf","Both","Low",0,,"not_applicable","not_applicable","non-kelp","unspecified","not_applicable","no","John Brown recorded incidentally in estuaries and listed in Appendix II as a marine straggler (MS), documenting occurrence in estuarine (non-kelp) habitat. No kelp co-occurrence, structural use, or trophic link observed. Level 0 observed_alternative on the habitat route; region pooled across West an",,"agent:opus:rfbf-v7.1"
16,"Janbruin","Gymnocrotaphus curvidens","H","James and Harrison (2010) - A preliminary survey of the estuaries on the southeast coast of South Africa, Cape Padrone-Great Fish River, with particular reference to the fish fauna.pdf","East","Low",0,,"not_applicable","not_applicable","non-kelp","unspecified","not_applicable","no","John Brown recorded as a single marine straggler in the Bushmans Estuary, a non-kelp habitat. No kelp assessed, no diet examined; habitat-route level-0 observed_alternative. Region East. Low specificity (one individual).",,"agent:opus:rfbf-v7.1"
16,"Janbruin","Gymnocrotaphus curvidens","H","James et al (2012)-Temporal variability of temperate fish assemblahe in Africas oldest MPA.pdf","East","High",0,,"not_applicable","not_applicable","non-kelp","unspecified","not_applicable","no","Recorded in all years by shore-angling on the non-kelp East-region reef of TNP; occupancy of non-kelp habitat only. Level-0 observed_alternative on the habitat route; trophic route unassessed.",,"agent:opus:rfbf-v7.1"
16,"Janbruin","Gymnocrotaphus curvidens","H","Lechanteur (1999) - The ecology and management of false bay reef fish.pdf","West","High",1,,"not_applicable","not_applicable","uncertain","unspecified","within","no","John Brown was recorded throughout the kelp zone, establishing co-occurrence with kelp. It is a cave-dwelling species using large caves for cover; no action involving kelp structure is documented, so level 1 co-occurrence.",,"agent:opus:rfbf-v7.1"
16,"Janbruin","Gymnocrotaphus curvidens","H","Lechanteur and Griffiths (2002) - Composition and seasonal variability of the suprabenthic reef-fish assemblage in False Bay.pdf","West","Medium",1,,"not_applicable","not_applicable","not_applicable","unspecified","not_applicable","no","Highest density in the shallow Ecklonia strata, giving habitat co-occurrence with kelp (level 1). The documented habitat action is receding into rock caves (non-kelp), so no kelp-structure use is supported.",,"agent:opus:rfbf-v7.1"
16,"Janbruin","Gymnocrotaphus curvidens","H","Lechanteur and Griffiths (2002) - Diets of common suprabenthic reef fish in False Bay, South Africa.pdf","West","Low",0,,"not_applicable","not_applicable","non-kelp","adult","not_applicable","no","Documented among suprabenthic reef fish on natural False Bay reefs; occupies non-kelp reef habitat. Habitat observed_alternative, level 0, low specificity.",,"agent:opus:rfbf-v7.1"
16,"Janbruin","Gymnocrotaphus curvidens","H","Mkhize et al. (2024) - Habitat use by juvenile fish in macroalgae and seagrass beds in a temperate seascape.pdf","East","Medium",0,,"not_applicable","not_applicable","non-kelp","unspecified","not_applicable","no","Non-kelp study region and habitats. Gymnocrotaphus curvidens was recorded (low count, MaxN 0.1, TL 53-191 mm) occupying the non-kelp Plocamium macroalga only. Life stage was not resolved for this species. Level-0 observed_alternative on the habitat route; kelp not assessed.",,"agent:opus:rfbf-v7.1"
16,"Janbruin","Gymnocrotaphus curvidens","H","Mkhize et al. (2025) - Habitat use by juvenile fish in macroalgae and seagrass beds in a temperate South African seascape.pdf","East","Medium",0,,"not_applicable","not_applicable","non-kelp","unspecified","not_applicable","no","John Brown recorded by sRUV occupying non-kelp Plocamium corallorhiza macroalgae in Algoa Bay (East). No kelp present. Documented occupancy of a non-kelp habitat gives a level-0 observed_alternative on the habitat route.",,"agent:opus:rfbf-v7.1"
16,"Janbruin","Gymnocrotaphus curvidens","H","Osgood et al. (2020) - Chondrichthyans as an umbrella species-complex for conserving South African biodiversity.pdf","West","Low",0,,"not_applicable","not_applicable","non-kelp","unspecified","not_applicable","no","Janbruin (John Brown) is observed on BRUV in the kelp region and plots in the non-kelp (centre/reef) part of the RDA. Level-0 observed_alternative on the habitat route. Trophic route unassessed.",,"agent:opus:rfbf-v7.1"
16,"Janbruin","Gymnocrotaphus curvidens","H","Pattrick and Strydom (2008) - Composition, abundance, distribution and seasonality of larval fishes in the shallow nearshore of the proposed Greater Addo Marine Reserve, Algoa Bay.pdf","East","Low",0,,"not_applicable","not_applicable","non-kelp","juvenile","not_applicable","no","A single flexion Gymnocrotaphus curvidens larva was collected on the ~5 m nearshore contour of eastern Algoa Bay, an East-region locality with no kelp present or mentioned. It documents occupancy of a non-kelp pelagic nearshore habitat at the larval stage, a level-0 observed_alternative on the habit",,"agent:opus:rfbf-v7.1"
16,"Janbruin","Gymnocrotaphus curvidens","H","Plass-Johnson et al. (2010) - Top-down effects on intertidal mussel populations in a South African marine protected area.pdf","East","Medium",0,,"not_applicable","not_applicable","non-kelp","unspecified","not_applicable","no","Janbruins (Gymnocrotaphus curvidens) was observed at low abundance during snorkel census on rocky reef at Tsitsikamma National Park (East region, east of the eastern kelp limit). Documents an in-scope species occupying a non-kelp rocky-reef habitat; kelp absent and unmentioned. Level-0 observed_alte",,"agent:opus:rfbf-v7.1"
16,"Janbruin","Gymnocrotaphus curvidens","H","Pradervand and Hiseman (2006) - An analysis of the recreational shore fishery in the Goukamma Marine Protected Area.pdf","East","Medium",0,,"not_applicable","not_applicable","non-kelp","unspecified","not_applicable","no","Table 1 records 17 John Brown / Jan bruin (Gymnocrotaphus curvidens) in the Goukamma MPA shore fishery, east of the eastern kelp limit, in non-kelp reef/rocky coastal habitat. Occurrence only, no diet or kelp-structure use, no measured availability. Level-0 observed-alternative habitat record. Troph",,"agent:opus:rfbf-v7.1"
16,"Janbruin","Gymnocrotaphus curvidens","H","Roberson et al. (2015) - First survey of fishes in Betty's bay along South Africa s temperate south west coast.pdf","West","Low",0,,"not_applicable","not_applicable","non-kelp","unspecified","not_applicable","no","G. curvidens was recorded once at Betty's Bay without resolution to kelp habitat. Observed occupancy of the surveyed inshore habitat (Level 0 observed alternative); kelp co-occurrence not established.",,"agent:opus:rfbf-v7.1"
16,"Janbruin","Gymnocrotaphus curvidens","H","Smale (1986) - Feeding biology of four predatory reef fishes off the south-eastern Cape coast.pdf","East","Low",0,,"not_applicable","not_applicable","non-kelp","unspecified","not_applicable","yes","Besides appearing as prey, Gymnocrotaphus curvidens is the subject of a brief primary observation of it using reef structures for escape in the eastern Cape (East region, no kelp). This documents an in-scope species using non-kelp reef structure, a level-0 observed_alternative on the habitat route. ",,"agent:opus:rfbf-v7.1"
16,"Janbruin","Gymnocrotaphus curvidens","H","Smale and Buxton (1988) - The subtidal gully fish community of the eastern Cape and the role of this habitat as a nursery area.pdf","East","Low",0,,"not_applicable","not_applicable","non-kelp","unspecified","not_applicable","no","Gymnocrotaphus curvidens (John Brown) was collected in small numbers (n=4, 140–145 mm) from non-kelp red-algae rocky gullies in the eastern Cape (East, beyond the kelp limit); the authors note it is normally common on subtidal reefs >5 m and is an occasional gully visitor. A level-0 observed_alterna",,"agent:opus:rfbf-v7.1"
16,"Janbruin","Gymnocrotaphus curvidens","T","Burger (1990) - The distribution patterns and community structure of the Tsitsikamma rocky littoral ichthyofauna.pdf","East","High",0,,"non_kelp","not_applicable","not_applicable","adult","not_applicable","no","East-region diet record beyond the kelp coast. Burger's own stomach-content analysis of Gymnocrotaphus curvidens (sponges, red algae, bryozoans, ascidians) shows consumption of non-kelp reef prey; no kelp or kelp-food-web link is identified. Level-0 observed_alternative on the trophic route.",,"agent:opus:rfbf-v7.1"
16,"Janbruin","Gymnocrotaphus curvidens","T","Lechanteur (1999) - The ecology and management of false bay reef fish.pdf","West","High",0,,"non_kelp","not_applicable","not_applicable","adult","not_applicable","no","John Brown feeds almost exclusively on chunks of sessile reef invertebrates (crinoids, sponges, ascidians, hydroids, soft coral); the small algal fraction is incidental to targeting attached epibionts and is not identified as kelp. Level-0 observed alternative on the trophic route.",,"agent:opus:rfbf-v7.1"
16,"Janbruin","Gymnocrotaphus curvidens","T","Lechanteur and Griffiths (2002) - Diets of common suprabenthic reef fish in False Bay, South Africa.pdf","West","High",0,,"non_kelp","not_applicable","not_applicable","adult","not_applicable","no","Primary quantified diet (50 stomachs, adult) shows a sessile-invertebrate browser; algae are minor, incidental (targeting epiphytes) and unidentified, with brown algae only 2.9% volume and not resolved to kelp. No identified kelp ingestion. Trophic observed_alternative, level 0.",,"agent:opus:rfbf-v7.1"
17,"Panga","Pterogymnus laniarius","H","Attwood et al. (2011) - Bycatch in South Africa's inshore trawl fishery as determined from observer records.pdf","East","High",0,,"not_applicable","not_applicable","non-kelp","unspecified","not_applicable","no","Abundant on the deep soft-bottom Agulhas Bank grounds (a de facto trawl target), east of and below the kelp zone. Non-kelp habitat occurrence = level-0 observed_alternative (habitat). Diet not examined; trophic route unassessed.",,"agent:opus:rfbf-v7.1"
17,"Panga","Pterogymnus laniarius","H","Attwood et al. (2011) - Bycatch in South Africa’s inshore trawl fishery.pdf","East","High",0,,"not_applicable","not_applicable","non-kelp","unspecified","not_applicable","no","P. laniarius was caught at 1050.2 t per year (6.02%, 95% CI 588-1250) on the inshore trawl grounds at 80-110 m east of the kelp limit, documenting occupancy of non-kelp soft-bottom habitat. Kelp and diet are never mentioned, so the trophic route is unassessed. Level 0 observed alternative; the sampl",,"agent:opus:rfbf-v7.1"
17,"Panga","Pterogymnus laniarius","H","Attwood et al. (2013) - the Proceedings of the 4th Linefish symposium.pdf","East","Low",0,,"not_applicable","not_applicable","non-kelp","unspecified","not_applicable","no","Pterogymnus laniarius recorded in the Cape south-coast inshore-trawl catch on unconsolidated sediment (East); kelp is never mentioned, a level-0 habitat observed alternative (non-kelp soft-sediment/demersal).",,"agent:opus:rfbf-v7.1"
17,"Panga","Pterogymnus laniarius","H","Badenhorst and Smale (1991) - The distribution and abundance of seven commercial trawlfish from the Cape south coast of South Africa, 1986-1990.pdf","East","High",0,,"not_applicable","not_applicable","non-kelp","both","not_applicable","no","Pterogymnus laniarius (Panga) is documented as endemic to the South Coast, found only in rocky areas from 28 to 200 m throughout the study area, verified by prose (Results and Discussion) and the Fig. 19 density map. The observations are east of the eastern kelp limit on rocky reef and deep shelf, s",,"agent:opus:rfbf-v7.1"
17,"Panga","Pterogymnus laniarius","H","Besseling (2023) - Patterns in the landed catches and determinants of catch composition in the South African inshore trawl fishery.pdf","East","Medium",0,,"not_applicable","not_applicable","non-kelp","unspecified","not_applicable","no","Panga is landed by the inshore trawl fishery over the deep Agulhas Bank grounds east of the kelp limit. Occurrence in this non-kelp habitat supports a level-0 observed_alternative habitat record. No diet is examined, so the trophic route is unassessed.",,"agent:opus:rfbf-v7.1"
17,"Panga","Pterogymnus laniarius","H","Booth and Buxton (1996) - The biology of Pterogymnus laniarius.pdf","Both","Medium",0,,"not_applicable","not_applicable","non-kelp","both","uncertain","no","The source documents Pterogymnus laniarius occupying non-kelp demersal habitat at the sampled place, time and life stages. The species was captured by research and commercial demersal otter trawl and commercial handline across the Agulhas Bank between Cape Town and Port Alfred (E10), at the sites ma",,"agent:opus:rfbf-v7.1"
17,"Panga","Pterogymnus laniarius","H","Brouwer and Buxton (2002) - Catch and effort of the shore and skiboat linefisheries along the South African Eastern Cape coast.pdf","East","Low",0,,"not_applicable","not_applicable","non-kelp","unspecified","not_applicable","no","Panga recorded across all three Eastern Cape sectors and a major commercial skiboat species, east of the kelp limit: level-0 observed_alternative, habitat route.",,"agent:opus:rfbf-v7.1"
17,"Panga","Pterogymnus laniarius","H","Button (2018) - Remotely operated vehicle exploring ichthyofauna association with habitat from shore-shelf, in an endemism hotspot in South Africa.pdf","East","Medium",0,,"not_applicable","not_applicable","non-kelp","unspecified","not_applicable","no","ROV census off the Kei River mouth (East of the kelp limit) recorded panga (Pterogymnus laniarius) in 34% of 58 grid cells (median MaxN 2, max 7) on non-kelp shelf habitat, associated with Rhodoliths/Rock substrate. Documented occupancy of a non-kelp habitat gives a level-0 observed_alternative on t",,"agent:opus:rfbf-v7.1"
17,"Panga","Pterogymnus laniarius","H","Button et al. (2021) - mesophotic fish and associated habitats across the continental shelf of the Amathole region.pdf","East","High",0,,"not_applicable","not_applicable","non-kelp","unspecified","not_applicable","no","The source records Pterogymnus laniarius as one of the five most abundant species on the Amathole mesophotic shelf and models its probability of presence against a measured habitat set of relief, substrate and biota categories, finding it most frequently in low-relief areas (approx. 0.62 probability",,"agent:opus:rfbf-v7.1"
17,"Panga","Pterogymnus laniarius","H","Buxton and Clarke (1985) - Age, growth and feeding of the blue hottentot Pachymetopon aeneum with notes on reproductive biology.pdf","East","Low",0,,"not_applicable","not_applicable","non-kelp","unspecified","not_applicable","no","As for R06, the authors report that their line catches of large P. aeneum at 40-100 m off Port Elizabeth were usually accompanied by P. laniarius (E26), within the Eastern Cape study area mapped in Figure 1 (E27). This records the species in a non-kelp habitat, namely deep water at 40-100 m east of ",,"agent:opus:rfbf-v7.1"
17,"Panga","Pterogymnus laniarius","H","Clark et al. (1994) - Assessment of the impact of commercial beach-seine netting on juvenile teleost populations in the surf zone of False Bay, South Africa.pdf","West","Low",0,,"not_applicable","not_applicable","non-kelp","juvenile","not_applicable","no","A single juvenile Pterogymnus laniarius was caught (0,3% of hauls) in the sandy/mixed-shore surf zone of False Bay, 1991–1992. A documented capture in a non-kelp habitat = level-0 observed_alternative on the habitat route. Kelp not measured or mentioned; no diet observation, so trophic route unasses",,"agent:opus:rfbf-v7.1"
17,"Panga","Pterogymnus laniarius","H","Clarke and Buxton (1985) - Diet of Pterogymnus laniarius.pdf","East","Medium",0,,"not_applicable","not_applicable","non-kelp","unspecified","not_applicable","no","The study's own catches document Pterogymnus laniarius occupying deep-water (50-90 m) Agulhas Bank soft-bottom and reef grounds on the Cape south coast (East region), a setting in which the kelp-forming Ecklonia maxima does not occur; the species is further characterised as a deep-water species abse",,"agent:opus:rfbf-v7.1"
17,"Panga","Pterogymnus laniarius","H","Cottrant (2024) - Assessing conservation measures for five southern African endemic shark species.pdf","West","Low",0,,"not_applicable","not_applicable","non-kelp","unspecified","not_applicable","no","Recorded on baited remote underwater video in Walker Bay across a kelp/reef/sand survey (Table 2, Panga). Presence documented but substrate not resolved. Coded Level-0 observed-alternative.",,"agent:opus:rfbf-v7.1"
17,"Panga","Pterogymnus laniarius","H","Currie (2017) - Historical baselines and a century of change in the demersal fish assemblages on South Africa's Agulhas Bank.pdf","East","High",0,,"not_applicable","not_applicable","non-kelp","unspecified","not_applicable","no","Panga caught in demersal trawls on the offshore Agulhas Bank grounds (Table 8, historical median 49.51 declining to 2.4%), associated by the source with reef and reef-mud/reef-sand interfaces of the trawl grounds. This documents occupancy of a non-kelp continental-shelf habitat = level-0 observed_al",,"agent:opus:rfbf-v7.1"
17,"Panga","Pterogymnus laniarius","H","Dando (2020) - Underwater video survey and community structure of ichthyofauna in South Africa.pdf","West","High",0,,"not_applicable","not_applicable","non-kelp","unspecified","not_applicable","no","BRUV survey; Pterogymnus laniarius (panga) was recorded in the Betty's Bay kelp MPA (Table 13), reached higher relative abundance there (SIMPER 5.4 vs <=0.8 elsewhere) and was significantly associated with deep waters around Betty's Bay (Table 21, IV=0.551, p=0.005). The author attributes its Betty'",,"agent:opus:rfbf-v7.1"
17,"Panga","Pterogymnus laniarius","H","De Vos et al. (2014) - Optimal BRUVs survey design for reef fish monitoring in the Stilbaai Marine Protected Area.pdf","East","Medium",0,,"not_applicable","not_applicable","non-kelp","unspecified","not_applicable","no","Recorded at 11 of 29 BRUVs sites on non-kelp sandstone reef at Stilbaai, east of the kelp limit. No kelp present or measured; a level-0 observed_alternative on the habitat route. Feeding guild is secondary; trophic route unassessed.",,"agent:opus:rfbf-v7.1"
17,"Panga","Pterogymnus laniarius","H","Dyer (2018) - The role of ecological processes in structuring reef fish communities in the Agulhas ecoregion South Africa.pdf","East","High",0,,"not_applicable","not_applicable","non-kelp","unspecified","not_applicable","no","Recorded on rocky reef via stereo-BRUVs at all four reefs in the Agulhas Ecoregion, east of the eastern kelp limit. Occupancy of non-kelp rocky-reef habitat; no kelp action observed and diet not examined. Level-0 observed_alternative on the habitat route.",,"agent:opus:rfbf-v7.1"
17,"Panga","Pterogymnus laniarius","H","Fennessy et al. (2003) - An assessment of the recreational and commercial skiboat fishery in the Transkei.pdf","East","Medium",0,,"not_applicable","not_applicable","non-kelp","unspecified","not_applicable","no","Panga was retained in the southern Transkei reef fishery, most commonly at Kei Mouth, east of the kelp limit; no kelp mentioned. Documented non-kelp reef occurrence. Level-0 observed_alternative, habitat route; trophic route unassessed.",,"agent:opus:rfbf-v7.1"
17,"Panga","Pterogymnus laniarius","H","Gonzalez (2024) - Baited remote underwater video surveys report, Stilbaai Marine Protected Area (2013-2016).pdf","East","Medium",0,,"not_applicable","not_applicable","non-kelp","unspecified","not_applicable","no","Pterogymnus laniarius was recorded by baited remote underwater video in the Stilbaai MPA (Table 3; present in 2013, 2014, 2016 per Table 4). Stilbaai lies on the warm-temperate south coast east of Cape Agulhas/De Hoop, beyond the eastern range limit of Ecklonia maxima, and the report explicitly stat",,"agent:opus:rfbf-v7.1"
17,"Panga","Pterogymnus laniarius","H","Gotz et al. (2009) - Effects of fishing on a temperate reef community in South Africa 1, ichthyofauna.pdf","East","Medium",0,,"not_applicable","not_applicable","non-kelp","unspecified","not_applicable","no","Panga was recorded by angling and UVC at Goukamma rocky-reef sites in the East region, occupying non-kelp rocky reef without kelp measured or mentioned: Level 0 observed alternative on the habitat route.",,"agent:opus:rfbf-v7.1"
17,"Panga","Pterogymnus laniarius","H","Götz et al. (2009) - fishing on a temperate reef community in South Africa 1- ichthyofauna.pdf","East","Medium",0,,"not_applicable","not_applicable","non-kelp","unspecified","not_applicable","no","Pterogymnus laniarius was recorded on warm-temperate rocky reef at the Goukamma MPA study area (south-east coast, near Knysna), which lies east of the Cape Agulhas kelp limit and outside the Ecklonia maxima range. The survey (standardised angling and/or UVC over rocky substrate) documents the specie",,"agent:opus:rfbf-v7.1"
17,"Panga","Pterogymnus laniarius","H","Götz et al. (2014) - An exploratory investigation of the fish communities associated with reefs on the central Agulhas Bank, South Africa.pdf","East","Medium",0,,"not_applicable","not_applicable","non-kelp","unspecified","not_applicable","no","Caught over non-kelp hard-substrate reef on the central Agulhas Bank (East, beyond the eastern kelp limit; Table 2). Level-0 observed_alternative on the habitat route. Kelp not present/measured; baited-gear capture is not diet evidence, so no trophic record.",,"agent:opus:rfbf-v7.1"
17,"Panga","Pterogymnus laniarius","H","Gray et al. (2007) - On the feasibility of a directed trap-fishery for panga Pterogymnus laniarius Sparidae in South Africa.pdf","East","High",0,,"not_applicable","not_applicable","non-kelp","both","not_applicable","no","Panga were caught in baited traps on hard and reef substrata at 30-99 m along the Eastern Cape coast (Port Alfred to St Francis Bay), east of Cape Agulhas and beyond the Ecklonia maxima range. No panga were taken on soft substrata. Kelp is neither measured nor mentioned. This documents the species o",,"agent:opus:rfbf-v7.1"
17,"Panga","Pterogymnus laniarius","H","Griffiths (2000) - Long-term trends in catch and effort of commercial linefish off South Africa's Cape Province.pdf","East","Medium",0,,"not_applicable","not_applicable","non-kelp","unspecified","not_applicable","no","Fishery-independent survey documents panga (Pterogymnus laniarius) on Southern Cape reef complexes in the second survey. Non-kelp reef habitat occurrence; kelp not measured or mentioned. Level-0 observed_alternative, habitat route, region East.",,"agent:opus:rfbf-v7.1"
17,"Panga","Pterogymnus laniarius","H","Hecht and Baird (1977) - Biological aspects of panga.pdf","East","Medium",0,,"not_applicable","not_applicable","non-kelp","both","not_applicable","no","The source is an age, growth, and reproduction study of the in-scope sparid Pterogymnus laniarius. Fish were caught by commercial side trawlers on the eastern Cape coast between Cape St Francis and Bird Island (Algoa Bay area) at 54-115 m depth, monthly from April 1974 to September 1975. This docume",,"agent:opus:rfbf-v7.1"
17,"Panga","Pterogymnus laniarius","H","Hecht and Tilney (1989) - The Port Alfred fishery.pdf","East","Medium",0,,"not_applicable","not_applicable","non-kelp","both","not_applicable","no","Panga is a principal species of the east-coast Port Alfred reef/bank fishery, documented with catch share and recruitment lengths; observed in a non-kelp habitat with no kelp link, giving a level-0 observed_alternative habitat record.",,"agent:opus:rfbf-v7.1"
17,"Panga","Pterogymnus laniarius","H","Heyns-Veale et al. (2019) - Community-wide effects of protection reveal insights into marine protected area effectiveness for reef fish.pdf","Both","Medium",0,,"not_applicable","not_applicable","non-kelp","unspecified","not_applicable","no","Panga recorded on non-kelp reef via stereo-BRUVs at De Hoop, Tsitsikamma and Amathole; kelp not measured or mentioned. Level-0 observed_alternative on the habitat route. Trophic route unassessed. Region 'Both'.",,"agent:opus:rfbf-v7.1"
17,"Panga","Pterogymnus laniarius","H","Heyns‑Veale et al. (2016) - Depth and habitat determine assemblage structure of South Africa’s warm‑temperate reef fish.pdf","East","High",0,,"not_applicable","not_applicable","non-kelp","both","not_applicable","no","A baited stereo-video survey recorded Pterogymnus laniarius in the Tsitsikamma National Park MPA, east of the eastern limit of Ecklonia maxima, most strongly associated with habitat D (56-75 m), a sponge-dominated aphotic habitat with no algae among the taxa contributing more than 80% of cover and n",,"agent:opus:rfbf-v7.1"
17,"Panga","Pterogymnus laniarius","H","Lamberth (1994) - The commercial beach-seine fishery in False Bay, South Africa.pdf","West","Low",0,,"not_applicable","not_applicable","non-kelp","both","not_applicable","no","Two individuals caught in beach-seine hauls in the sandy surf zone of False Bay; documents occupancy of a non-kelp habitat. Level-0 observed_alternative on the habitat route; specificity low (few fish).",,"agent:opus:rfbf-v7.1"
17,"Panga","Pterogymnus laniarius","H","Lechanteur and Griffiths (2001) - Fish associated with artificial reefs in False Bay, South Africa, a preliminary survey.pdf","West","High",0,,"not_applicable","not_applicable","non-kelp","unspecified","not_applicable","no","Panga was recorded on deep-water Smitswinkel Bay wrecks (26 fishes) in False Bay, occupying non-kelp artificial-reef structure. Kelp not measured. Level-0 observed_alternative, habitat route.",,"agent:opus:rfbf-v7.1"
17,"Panga","Pterogymnus laniarius","H","Mann et al. (2024) - Fish, fishers and the future, Proceedings of the 6th Southern African Marine Linefish Symposium.pdf","East","Medium",0,,"not_applicable","not_applicable","non-kelp","adult","not_applicable","no","Trawl species-association analysis places panga on low-profile sandstone reef on the Agulhas Bank. Non-kelp reef occupancy east of the kelp limit = level-0 observed_alternative (habitat). East region.",,"agent:opus:rfbf-v7.1"
17,"Panga","Pterogymnus laniarius","H","Pradervand et al. (2007) - Long-term trends in the competitive shore fishery along the KwaZulu-Natal coast, South Africa.pdf","East","Low",0,,"not_applicable","not_applicable","non-kelp","unspecified","not_applicable","yes","A single panga recorded in the East-coast non-kelp shore fishery. Documents a marginal occurrence; kelp not assessed. Level-0 observed_alternative, habitat route.",,"agent:opus:rfbf-v7.1"
17,"Panga","Pterogymnus laniarius","H","Roberson et al. (2015) - First survey of fishes in Betty's bay along South Africa s temperate south west coast.pdf","West","High",1,,"not_applicable","not_applicable","not_applicable","unspecified","within","no","P. laniarius occurs across all habitats including kelp but its predicted abundance is lowest in kelp and greatest on reef and sand (Fig 5c). This documents co-occurrence in kelp forest (Level 1) with a strong observed non-kelp (reef/sand) alternative recorded as counterevidence. The habitat abundanc",,"agent:opus:rfbf-v7.1"
17,"Panga","Pterogymnus laniarius","H","Roberson et al. (2017) - Potential application of baited remote underwater video to survey abundance of west coast rock lobster Jasus lalandii.pdf","West","Low",1,,"not_applicable","not_applicable","not_applicable","unspecified","uncertain","no","Pterogymnus laniarius was recorded on BRUVs at 74.1% of stations in the Betty's Bay kelp/reef/sand survey within the Ecklonia maxima range, with habitat the strongest predictor of its MaxN (35.0% deviance, P<0.001; Table 2, verified). This supports Level 1 co-occurrence on the habitat route via geog",,"agent:opus:rfbf-v7.1"
17,"Panga","Pterogymnus laniarius","H","Scott (1949) - Otter-trawl fisheries of South Africa.pdf","Both","High",0,,"not_applicable","not_applicable","non-kelp","unspecified","not_applicable","no","Panga is documented on moderately deep offshore trawl grounds (Agulhas Bank to 60 fathoms), a non-kelp mud/sand habitat, across False Bay to Port St Johns. Level-0 observed_alternative habitat record; no kelp reference.",,"agent:opus:rfbf-v7.1"
17,"Panga","Pterogymnus laniarius","H","Smale and Buxton (1985) - recreational ski-boat fishery off the Eastern Cape.pdf","East","Medium",0,,"not_applicable","not_applicable","non-kelp","unspecified","not_applicable","no","Panga is a common, quantified component of the Algoa Bay inshore winter catch, east of the kelp limit; documents occurrence in non-kelp coastal habitat, a level-0 observed alternative. No diet data; trophic route unassessed.",,"agent:opus:rfbf-v7.1"
17,"Panga","Pterogymnus laniarius","H","Smale et al. (1993) - Analysis of the demersal community of fish and cephalopods on the Agulhas Bank, South Africa.pdf","East","Medium",0,,"not_applicable","not_applicable","non-kelp","unspecified","not_applicable","no","Panga taken in Agulhas Bank demersal trawls and an abundant SIMPER inshore/shelf indicator (Av. Ab 91.7 inshore, 47.26 shelf); occupies non-kelp shelf habitat east of the kelp limit. Level-0 observed_alternative on the habitat route.",,"agent:opus:rfbf-v7.1"
17,"Panga","Pterogymnus laniarius","H","Wallace et al. (1984) - Inshore small-mesh trawling survey of the Cape south coast. Part 1. Introduction, methods, stations and catches.pdf","East","Medium",0,,"not_applicable","not_applicable","non-kelp","unspecified","not_applicable","no","Panga taken in the soft-bottom trawl survey east of the kelp coast; non-kelp habitat occurrence. Level 0 observed_alternative on the habitat route (a separate trophic record is coded from its stomach contents).",,"agent:opus:rfbf-v7.1"
17,"Panga","Pterogymnus laniarius","H","Winker et al. (2013).pdf","Both","Low",0,,"not_applicable","not_applicable","non-kelp","adult","not_applicable","no","Panga is documented as a catch component in the SW and SE regions (Tables 1 and 2), establishing occurrence in the non-kelp commercial fishery. Level 0 observed_alternative on the habitat route; trophic route unassessed.",,"agent:opus:rfbf-v7.1"
17,"Panga","Pterogymnus laniarius","T","Booth and Buxton (1996) - The biology of Pterogymnus laniarius.pdf","Both","High",0,,"non_kelp","uncertain","not_applicable","both","not_applicable","no","The source reports a quantified stomach-content study of Pterogymnus laniarius on the Agulhas Bank (n = 390 stomachs across juvenile, subadult and adult classes, February 1994 to July 1995), tabulated to the lowest possible taxon with % frequency of occurrence, % visual volume, rank and % mass (E02-",,"agent:opus:rfbf-v7.1"
17,"Panga","Pterogymnus laniarius","T","Clarke and Buxton (1985) - Diet of Pterogymnus laniarius.pdf","East","High",0,,"non_kelp","not_applicable","not_applicable","unspecified","not_applicable","no","Diet study of in-scope Pterogymnus laniarius on the Cape south coast (East region, beyond the eastern kelp limit) at 50-90 m depth. Stomach and hindgut contents are dominated by soft-bottom invertebrates (Macoma bivalves, Goneplax angulata and Mursia cristimanus crabs, Dictenophiura brittle stars) w",,"agent:opus:rfbf-v7.1"
17,"Panga","Pterogymnus laniarius","T","Sauer and Smale (1991) - Predation patterns on squid Loligo vulgaris reynaudll.pdf","East","High",0,,"non_kelp","outside","not_applicable","unspecified","not_applicable","no","Quantified stomach contents for Pterogymnus laniarius (n = 14, Table IIb, p. 521) from the south-eastern Cape spawning grounds, east of the eastern kelp limit. Identified prey are non-kelp: polychaetes, crustaceans, molluscs, squid and teleosts. The table also records an ALGAE category at 7,14 %F, t",,"agent:opus:rfbf-v7.1"
17,"Panga","Pterogymnus laniarius","T","Wallace et al. (1984) - Inshore small-mesh trawling survey of the Cape south coast. Part 1. Introduction, methods, stations and catches.pdf","East","Low",0,,"non_kelp","not_applicable","not_applicable","unspecified","not_applicable","no","Panga stomachs from Station 86 contained molluscs (Nassarius analogica, Chlamys tinctus), a documented non-kelp diet item east of the kelp coast. Level 0 observed_alternative on the trophic route (t_pathway non_kelp).",,"agent:opus:rfbf-v7.1"
18,"Roman","Chrysoblephus laticeps","H","Anstett (2023) - Assessing the conservation benefit of South Africa's Bird Island Marine Protected Area to reef fishes.pdf","East","High",0,,"not_applicable","not_applicable","non-kelp","unspecified","not_applicable","no","C. laticeps was the most frequently recorded focal species, documented on reef, patch-reef and sand across 97 of 111 BRUVS samples in Algoa Bay (Eastern Cape, east of the kelp limit); kelp is not measured or mentioned. This is a level-0 observed_alternative habitat record of an in-scope species occu",,"agent:opus:rfbf-v7.1"
18,"Roman","Chrysoblephus laticeps","H","Attwood et al. (2011) - Bycatch in South Africa's inshore trawl fishery as determined from observer records.pdf","East","Low",0,,"not_applicable","not_applicable","non-kelp","unspecified","not_applicable","no","Roman is reported among the handline-overlap species making up 10.7% of the trawl catch, i.e. caught on the deep Agulhas Bank grounds east of and below the kelp zone. Occurrence in non-kelp shelf habitat = level-0 observed_alternative (habitat), with low specificity because only an aggregate stateme",,"agent:opus:rfbf-v7.1"
18,"Roman","Chrysoblephus laticeps","H","Attwood et al. (2011) - Bycatch in South Africa’s inshore trawl fishery.pdf","East","Low",0,,"not_applicable","not_applicable","non-kelp","unspecified","not_applicable","yes","C. laticeps is named in the prose as one of 14 handline-fishery species that together constituted 10.7% of the trawl catch, which asserts that it was caught on the inshore trawl grounds at 80-110 m east of the kelp limit and so occupied non-kelp soft-bottom habitat. The evidence is weaker than for e",,"agent:opus:rfbf-v7.1"
18,"Roman","Chrysoblephus laticeps","H","Attwood et al. (2013) - the Proceedings of the 4th Linefish symposium.pdf","East","Low",0,,"not_applicable","not_applicable","non-kelp","unspecified","not_applicable","no","Chrysoblephus laticeps recorded on rocky reef (5-41 m) by BRUV in the Stilbaai MPA (East); kelp is never mentioned, a level-0 habitat observed alternative (non-kelp reef).",,"agent:opus:rfbf-v7.1"
18,"Roman","Chrysoblephus laticeps","H","Attwood et al. (2016) - Seasonally and spatially referenced estimates of recreational shore-angling effort, catch composition, catch rates and total catch in the Goukamma Marine Protected Area, South Africa.pdf","East","Low",0,,"not_applicable","not_applicable","non-kelp","unspecified","not_applicable","no","Red roman (3 fish, all at Buffalo Bay) caught in the non-kelp Goukamma MPA. Presence-only observation of an in-scope species in non-kelp reef/shore habitat, level-0 observed_alternative on the habitat route.",,"agent:opus:rfbf-v7.1"
18,"Roman","Chrysoblephus laticeps","H","Beckley and Buxton (1989) - UNDERWATER OBSERVATIONS OF REEF FISH IN AND AROUND ALGOA BAY, SOUTH AFRICA.pdf","East","High",0,,"not_applicable","not_applicable","non-kelp","both","not_applicable","no","Red roman observed frequently (89% at Philip's Reef), with juveniles restricted to the non-kelp reef habitat. Non-kelp rocky-reef occupancy East of the kelp range is a level-0 observed_alternative on the habitat route. The claim that juveniles prefer shallower reefs (Penrith 1972; Buxton 1984) and t",,"agent:opus:rfbf-v7.1"
18,"Roman","Chrysoblephus laticeps","H","Bennett & Attwood (1993)-Shore-angling catches in the De Hoop Nature Reserve  South Africa  and further evidence for the protective value of marine reserves.pdf","East","Medium",0,,"not_applicable","not_applicable","non-kelp","unspecified","not_applicable","no","Chrysoblephus laticeps (n=1) was caught by shore-angling at De Hoop in a non-kelp aeolianite beach-rock and sand surf zone at the eastern edge of the Ecklonia maxima range. Documented occurrence in non-kelp habitat with no diet or kelp-structure observation gives a level-0 observed_alternative on th",,"agent:opus:rfbf-v7.1"
18,"Roman","Chrysoblephus laticeps","H","Bernard et al. (2013) - Observer bias and detection probability in underwater visual census of fish assemblages.pdf","Both","Medium",0,,"not_applicable","not_applicable","non-kelp","unspecified","not_applicable","no","Chrysoblephus laticeps is an in-scope species recorded by underwater visual census on high- and low-profile rocky reef in two Agulhas-Ecoregion MPAs (Table 2: present on 85 of 103 paired-transects). The source documents the species occupying a non-kelp habitat at the sampled place, time and life sta",,"agent:opus:rfbf-v7.1"
18,"Roman","Chrysoblephus laticeps","H","Blamey et al. (2014) - Was overfishing of predatory fish responsible for a lobster-induced regime shift in the Benguela.pdf","West","Low",1,,"not_applicable","not_applicable","not_applicable","adult","within","yes","The source, in its own voice and via its own model, treats Roman as a predatory kelp-forest reef fish of the EOCH system and scales its biomass to the kelp-forest area of Zone D, compiling primary CPUE for the region. This supports route-relevant habitat co-occurrence with kelp (level 1). No documen",,"agent:opus:rfbf-v7.1"
18,"Roman","Chrysoblephus laticeps","H","Brouwer and Buxton (2002) - Catch and effort of the shore and skiboat linefisheries along the South African Eastern Cape coast.pdf","East","Low",0,,"not_applicable","not_applicable","non-kelp","unspecified","not_applicable","no","Roman recorded across all three Eastern Cape sectors, east of the kelp limit: level-0 observed_alternative, habitat route. The paper describes it as a reef-dwelling sparid, but no kelp structure is examined.",,"agent:opus:rfbf-v7.1"
18,"Roman","Chrysoblephus laticeps","H","Burger (1990) - The distribution patterns and community structure of the Tsitsikamma rocky littoral ichthyofauna.pdf","East","High",0,,"not_applicable","not_applicable","non-kelp","unspecified","not_applicable","no","East-region record beyond the kelp coast. Chrysoblephus laticeps (Roman) was abundant on non-kelp deep reef at Tsitsikamma, where no kelp forest occurs. Documented occurrence in a non-kelp habitat: level-0 observed_alternative on the habitat route.",,"agent:opus:rfbf-v7.1"
18,"Roman","Chrysoblephus laticeps","H","Button (2018) - Remotely operated vehicle exploring ichthyofauna association with habitat from shore-shelf, in an endemism hotspot in South Africa.pdf","East","Low",0,,"not_applicable","not_applicable","non-kelp","unspecified","not_applicable","no","ROV census off the Kei River mouth (East of the kelp limit) recorded roman (Chrysoblephus laticeps) in 9% of 58 grid cells on non-kelp shelf reef habitat. Documented occupancy of non-kelp habitat gives a level-0 observed_alternative on the habitat route; kelp absent and unassessed. No trophic data, ",,"agent:opus:rfbf-v7.1"
18,"Roman","Chrysoblephus laticeps","H","Buxton (1984)-Feeding biology of the roman Chrysoblephus laticeps  Pisces  Sparidae.pdf","East","Medium",0,,"not_applicable","not_applicable","non-kelp","both","not_applicable","no","The same study documents Chrysoblephus laticeps occupying non-kelp rocky-reef habitat in Algoa Bay (region=East, east of the Cape Agulhas kelp limit). Small roman predominate on shallow subtidal reefs and shelter in caves at the scoured rock-sand interface of Coke-tin Reef; larger fish occur by day ",,"agent:opus:rfbf-v7.1"
18,"Roman","Chrysoblephus laticeps","H","Buxton (1990) - Life history changes in exploited reef fishes on the east coast of South Africa.pdf","East","Medium",0,,"not_applicable","not_applicable","non-kelp","both","not_applicable","no","Buxton examined age, growth, mortality and sex change in C. laticeps on the south-eastern Cape coast, contrasting the Tsitsikamma National Park reserve with exploited areas between Mossel Bay and East London (E02, E04). The source characterises its study species as reef-dwelling (E01) and sampled C.",,"agent:opus:rfbf-v7.1"
18,"Roman","Chrysoblephus laticeps","H","Buxton and Smale (1989) - Abundance and distribution patterns of 3 temperate marine reef fish in South Africa.pdf","East","High",0,,"not_applicable","not_applicable","non-kelp","both","not_applicable","no","Level 0, observed alternative. The source visually censused C. laticeps on sandstone reef at three Tsitsikamma sites and at Cape Recife between November 1984 and August 1985, quantifying density (0.025 +/- 0.014 fish m-2, 76 line transects) and partitioning it by depth, temperature and reef relief (",,"agent:opus:rfbf-v7.1"
18,"Roman","Chrysoblephus laticeps","H","Cliff (1983) - Early colonization by fish of an artifical reef in false bay.pdf","West","Low",0,,"not_applicable","not_applicable","non-kelp","juvenile","not_applicable","no","Two juvenile Chrysoblephus laticeps (red roman) were sighted on the kelp-free Rockeater artificial reef in False Bay (West). The garbled OCR table row is resolved to C. laticeps by the p.68 narrative ('Two juvenile roman, Chrysoblephus laticeps'). An in-scope species on non-kelp structure; level-0 o",,"agent:opus:rfbf-v7.1"
18,"Roman","Chrysoblephus laticeps","H","Coetzee and Baird (1981) - Catch composition and catch per unit effort of anglers' catches off St Croix Island.pdf","East","Medium",0,,"not_applicable","not_applicable","non-kelp","unspecified","not_applicable","no","Red roman, among the predominant species in the St Croix Island angler catch at a non-kelp East-region rocky reef → level-0 observed_alternative on the habitat route.",,"agent:opus:rfbf-v7.1"
18,"Roman","Chrysoblephus laticeps","H","Cottrant (2024) - Assessing conservation measures for five southern African endemic shark species.pdf","West","Low",0,,"not_applicable","not_applicable","non-kelp","unspecified","not_applicable","no","Recorded on baited remote underwater video in Walker Bay across a kelp/reef/sand survey (Table 2, Red roman). Presence documented but substrate not resolved. Coded Level-0 observed-alternative.",,"agent:opus:rfbf-v7.1"
18,"Roman","Chrysoblephus laticeps","H","De Vos et al. (2014) - Optimal BRUVs survey design for reef fish monitoring in the Stilbaai Marine Protected Area.pdf","East","High",0,,"not_applicable","not_applicable","non-kelp","unspecified","not_applicable","no","Recorded at all 29 BRUVs sites on non-kelp sandstone reef at Stilbaai, east of the kelp limit; SIMPER shows it dominant across depth strata. No kelp present or measured; documents use of a non-kelp reef habitat, a level-0 observed_alternative on the habitat route. Feeding guild is from field guides ",,"agent:opus:rfbf-v7.1"
18,"Roman","Chrysoblephus laticeps","H","Dyer (2018) - The role of ecological processes in structuring reef fish communities in the Agulhas ecoregion South Africa.pdf","East","High",0,,"not_applicable","not_applicable","non-kelp","unspecified","not_applicable","no","Abundantly recorded on rocky reef via stereo-BRUVs at all four reefs in the Agulhas Ecoregion, east of the eastern kelp limit. Occupancy of non-kelp rocky-reef habitat; no kelp action observed and diet not examined. Level-0 observed_alternative on the habitat route.",,"agent:opus:rfbf-v7.1"
18,"Roman","Chrysoblephus laticeps","H","Faure Beaulieu (2021) - Dedicated dads, a study on the nesting behaviour of Spondyliosoma emarginatum.pdf","West","Medium",0,,"not_applicable","not_applicable","non-kelp","adult","not_applicable","no","C. laticeps (Roman) was the most frequently sighted fish over the nesting reef (19 of ~23 days; mean 8.74 swim-bys per hour) and was resident over the nesting surface of five males on the granite reef. This is a well-quantified occurrence and occupancy of a non-kelp rocky-reef habitat at the sampled",,"agent:opus:rfbf-v7.1"
18,"Roman","Chrysoblephus laticeps","H","Faure-Beaulieu and Attwood (2022) - Remote video analysis of nest-building, paternal care, and protogyny in a seabream.pdf","West","Low",0,,"not_applicable","not_applicable","non-kelp","unspecified","not_applicable","no","Chrysoblephus laticeps (in-scope red roman) is named once, in the Table 1 ethogram, as a cause of nesting-male nest departures ('disturbance by Chrysoblephus laticeps'). This is a genuine video observation that the species was present at the granite-reef and sand nesting site at 9-15 m in north-west",,"agent:opus:rfbf-v7.1"
18,"Roman","Chrysoblephus laticeps","H","Fennessy et al. (2003) - An assessment of the recreational and commercial skiboat fishery in the Transkei.pdf","East","Medium",0,,"not_applicable","not_applicable","non-kelp","unspecified","not_applicable","no","Roman (Chrysoblephus laticeps) was retained in the southern Transkei reef fishery, principally at Kei Mouth, east of the kelp limit; no kelp mentioned. Documented non-kelp reef occurrence near the species' eastern range edge. Level-0 observed_alternative, habitat route; trophic route unassessed.",,"agent:opus:rfbf-v7.1"
18,"Roman","Chrysoblephus laticeps","H","Gonzalez (2024) - Baited remote underwater video surveys report, Stilbaai Marine Protected Area (2013-2016).pdf","East","Medium",0,,"not_applicable","not_applicable","non-kelp","unspecified","not_applicable","no","Chrysoblephus laticeps was recorded by baited remote underwater video in the Stilbaai MPA (Table 3; present in 2013, 2014, 2015, 2016 per Table 4) and was one of the most frequently observed reef sparids. Stilbaai lies on the warm-temperate south coast east of Cape Agulhas/De Hoop, beyond the easter",,"agent:opus:rfbf-v7.1"
18,"Roman","Chrysoblephus laticeps","H","Götz et al. (2007) - Comparison of the effects of different linefishing methods on catch composition and capture mortality of South African temperate reef fish.pdf","East","Medium",0,,"not_applicable","not_applicable","non-kelp","unspecified","not_applicable","no","Controlled linefishing/catch study on the ~44 km2 subtidal rocky reef of the Goukamma MPA (34°02'S, 22°45'E-23°00'E), east of the eastern kelp limit near Cape Agulhas/De Hoop, so no Ecklonia maxima is present or mentioned. Roman was the dominant species caught on this non-kelp rocky reef (Table 1, n",,"agent:opus:rfbf-v7.1"
18,"Roman","Chrysoblephus laticeps","H","Gotz et al. (2008) - Effects of fishing on population structure and life history of Chrysoblephus laticeps in South Africa.pdf","East","High",0,,"not_applicable","not_applicable","non-kelp","both","not_applicable","no","Götz et al. (2008) is a primary MPA fishing-effects study of roman (Chrysoblephus laticeps) at the Goukamma MPA on the south coast, using controlled fishing and underwater visual census on rocky reef at 10-30 m over 41 months. The species is in model scope. Fig. 1 (visually verified) places the stud",,"agent:opus:rfbf-v7.1"
18,"Roman","Chrysoblephus laticeps","H","Götz et al. (2008) - Selected fishery and population parameters of eight shore-angling species in the Tsitsikamma National Park no-take marine reserve.pdf","East","High",0,,"not_applicable","not_applicable","non-kelp","unspecified","not_applicable","no","Roman caught in the TNP shore-angling survey (Table 1, n=437) at a non-kelp rocky-reef site on the Eastern Cape coast. Occurrence documented; no diet data and no kelp structural action. Level-0 observed_alternative on the habitat route. Trophic route unassessed.",,"agent:opus:rfbf-v7.1"
18,"Roman","Chrysoblephus laticeps","H","Gotz et al. (2009) - Effects of fishing on a temperate reef community in South Africa 1, ichthyofauna.pdf","East","High",0,,"not_applicable","not_applicable","non-kelp","unspecified","not_applicable","no","Roman was recorded by both standardised angling and UVC at Goukamma rocky-reef sites on the warm-temperate south-east coast, east of the eastern kelp limit (Figure 1). The source documents the species occupying rocky-reef (non-kelp) habitat at the sampled place and time and never measures or mention",,"agent:opus:rfbf-v7.1"
18,"Roman","Chrysoblephus laticeps","H","Götz et al. (2009) - fishing on a temperate reef community in South Africa 1- ichthyofauna.pdf","East","Medium",0,,"not_applicable","not_applicable","non-kelp","unspecified","not_applicable","no","Chrysoblephus laticeps was recorded on warm-temperate rocky reef at the Goukamma MPA study area (south-east coast, near Knysna), which lies east of the Cape Agulhas kelp limit and outside the Ecklonia maxima range. The survey (standardised angling and/or UVC over rocky substrate) documents the speci",,"agent:opus:rfbf-v7.1"
18,"Roman","Chrysoblephus laticeps","H","Götz et al. (2014) - An exploratory investigation of the fish communities associated with reefs on the central Agulhas Bank, South Africa.pdf","East","Medium",0,,"not_applicable","not_applicable","non-kelp","unspecified","not_applicable","no","Caught over non-kelp hard-substrate reef on the central Agulhas Bank (East, beyond the eastern kelp limit; Table 2). Level-0 observed_alternative on the habitat route. Kelp not present/measured; baited-gear capture is not diet evidence, so no trophic record.",,"agent:opus:rfbf-v7.1"
18,"Roman","Chrysoblephus laticeps","H","Gray et al. (2007) - On the feasibility of a directed trap-fishery for panga Pterogymnus laniarius Sparidae in South Africa.pdf","East","Medium",0,,"not_applicable","not_applicable","non-kelp","unspecified","not_applicable","no","Red roman was caught demersally (50 fish, 4% of catch) at 20-79 m on reef and soft substrata off the Eastern Cape, east of the kelp range. Observed occurrence in a non-kelp demersal habitat (observed alternative, level 0, habitat route). No diet data; trophic route unassessed.",,"agent:opus:rfbf-v7.1"
18,"Roman","Chrysoblephus laticeps","H","Griffiths (2000) - Long-term trends in catch and effort of commercial linefish off South Africa's Cape Province.pdf","West","Medium",0,,"not_applicable","not_applicable","non-kelp","unspecified","not_applicable","no","Commercial catch documents Roman in the South-Western Cape (West/kelp coast); characterised as a territorial, reef-resident sparid aggregating over reefs. Non-kelp habitat occurrence; kelp not measured or mentioned. Level-0 observed_alternative, habitat route. Diet (large benthic invertebrates) only",,"agent:opus:rfbf-v7.1"
18,"Roman","Chrysoblephus laticeps","H","Griffiths & Wilke (2002)-Long term movement patterns of five temperate reef fishes.pdf","East","Medium",0,,"not_applicable","not_applicable","non-kelp","adult","not_applicable","no","A hook-and-line mark-recapture study documents C. laticeps as an adult reef resident on inshore rocky reefs (10-40 m) of the central Agulhas Bank, east of the eastern kelp limit. This is a catch study with habitat context recording the species on non-kelp habitat, so it is a level-0 observed_alterna",,"agent:opus:rfbf-v7.1"
18,"Roman","Chrysoblephus laticeps","H","Hanekom et al. (1997) - Shore-angling catches in the Tsitsikamma National Park, 1989-1995.pdf","East","Medium",0,,"not_applicable","not_applicable","non-kelp","unspecified","not_applicable","no","Red roman recorded in scientific fishing on the TNP non-kelp coast east of the kelp limit: level 0 observed_alternative, habitat route. Trophic route unassessed.",,"agent:opus:rfbf-v7.1"
18,"Roman","Chrysoblephus laticeps","H","Hecht and Tilney (1989) - The Port Alfred fishery.pdf","East","Medium",0,,"not_applicable","not_applicable","non-kelp","adult","not_applicable","no","Roman is the leading reef sparid in the east-coast Port Alfred catch, documented with catch share and recruitment lengths; observed in a non-kelp reef habitat with no kelp link, giving a level-0 observed_alternative habitat record.",,"agent:opus:rfbf-v7.1"
18,"Roman","Chrysoblephus laticeps","H","Heyns-Veale et al. (2019) - Community-wide effects of protection reveal insights into marine protected area effectiveness for reef fish.pdf","Both","Medium",0,,"not_applicable","not_applicable","non-kelp","unspecified","not_applicable","no","Red roman recorded on non-kelp reef via stereo-BRUVs at De Hoop, Tsitsikamma and Amathole; kelp not measured or mentioned. Level-0 observed_alternative on the habitat route. Trophic route unassessed (no diet data). Region 'Both' (De Hoop kelp-edge plus eastern MPAs).",,"agent:opus:rfbf-v7.1"
18,"Roman","Chrysoblephus laticeps","H","Heyns‑Veale et al. (2016) - Depth and habitat determine assemblage structure of South Africa’s warm‑temperate reef fish.pdf","East","High",0,,"not_applicable","not_applicable","non-kelp","both","not_applicable","no","A baited stereo-video survey recorded Chrysoblephus laticeps at both reef sites in the Tsitsikamma National Park MPA, east of the eastern limit of Ecklonia maxima, dominating habitat B (ascidians 27%, sponges 26%, bryozoan 16%, algae 14%). Kelp is neither measured nor mentioned. This is a documented",,"agent:opus:rfbf-v7.1"
18,"Roman","Chrysoblephus laticeps","H","James et al (2012)-Temporal variability of temperate fish assemblahe in Africas oldest MPA.pdf","East","High",0,,"not_applicable","not_applicable","non-kelp","unspecified","not_applicable","no","Abundant, consistently caught by shore-angling on the non-kelp East-region reef of TNP; occupancy of non-kelp habitat only. Level-0 observed_alternative on the habitat route; trophic route unassessed.",,"agent:opus:rfbf-v7.1"
18,"Roman","Chrysoblephus laticeps","H","Kerwath (2010)-Movement pattern and home range of Chrysoblephus laticeps.pdf","East","High",0,,"not_applicable","not_applicable","non-kelp","adult","not_applicable","no","This is a mark-and-recapture study of adult Chrysoblephus laticeps movement and home range at Goukamma (22.8-23.0°E) and Tsitsikamma (23.4°E), both on the warm-temperate south coast east of the Agulhas/De Hoop kelp limit (East region). The study documents the species residing on rocky/aeolianite ree",,"agent:opus:rfbf-v7.1"
18,"Roman","Chrysoblephus laticeps","H","Kerwath et al. (2013) - effects of barotrauma on five species of South African line-caught fish.pdf","Both","Low",0,,"not_applicable","not_applicable","non-kelp","unspecified","not_applicable","no","Roman C. laticeps were line-caught on rocky reef in False Bay (West) and on the western Agulhas Bank/Struis Bay and around Goukamma MPA (East), and are described as benthic reef-associated fish that 'remain close to the reef', with recompression cages set on the seabed at 14-24 m. This documents the",,"agent:opus:rfbf-v7.1"
18,"Roman","Chrysoblephus laticeps","H","Lechanteur (1999) - The ecology and management of false bay reef fish.pdf","West","Medium",2,,"not_applicable","not_applicable","foraging","unspecified","within","no","Red roman co-occurs with kelp (recorded in the Ecklonia strata) and, in warm water, is reported to enter kelp beds to feed. Foraging within kelp structure is an explicitly listed structural-use action, supporting Structural Use (level 2). The statement is an author inference ('appear to') from behav",,"agent:opus:rfbf-v7.1"
18,"Roman","Chrysoblephus laticeps","H","Lechanteur and Griffiths (2001) - Fish associated with artificial reefs in False Bay, South Africa, a preliminary survey.pdf","West","High",0,,"not_applicable","not_applicable","non-kelp","unspecified","not_applicable","no","Red roman was recorded on the deep Smitswinkel Bay wrecks (29 fishes) in False Bay, occupying non-kelp artificial-reef structure. Kelp not measured. Level-0 observed_alternative, habitat route.",,"agent:opus:rfbf-v7.1"
18,"Roman","Chrysoblephus laticeps","H","Lechanteur and Griffiths (2002) - Composition and seasonal variability of the suprabenthic reef-fish assemblage in False Bay.pdf","West","Medium",1,,"not_applicable","not_applicable","not_applicable","unspecified","not_applicable","no","Recorded across the Ecklonia/Laminaria kelp strata (0-16 m), giving habitat co-occurrence with kelp (level 1). The documented habitat action is residency in rock caves (non-kelp), and density increases with depth into kelp-free strata, so no kelp-structure use or selection is supported.",,"agent:opus:rfbf-v7.1"
18,"Roman","Chrysoblephus laticeps","H","Lechanteur and Griffiths (2002) - Diets of common suprabenthic reef fish in False Bay, South Africa.pdf","West","Medium",0,,"not_applicable","not_applicable","non-kelp","adult","not_applicable","no","Documented as a reef-associated ('reef-dependent') species never observed over sand away from reefs in False Bay; a non-kelp structural habitat observation. Habitat observed_alternative, level 0.",,"agent:opus:rfbf-v7.1"
18,"Roman","Chrysoblephus laticeps","H","Mann (1992) - Biological aspects of two sparid fishes.pdf","East","Low",0,,"not_applicable","not_applicable","non-kelp","unspecified","not_applicable","no","Chrysoblephus laticeps is an in-scope species (model_scope=true) captured by the author while shore angling along the Tsitsikamma coastline, on the south-eastern Cape coast east of the eastern kelp limit (E36). This is the author's own catch observation with habitat context, namely rocky shore and i",,"agent:opus:rfbf-v7.1"
18,"Roman","Chrysoblephus laticeps","H","Mann et al. (2006) - Towards the declaration of a large marine protected area, a subtidal ichthyofaunal survey of the Pondoland coast in the Eastern Cape, South Africa.pdf","East","Medium",0,,"not_applicable","not_applicable","non-kelp","unspecified","not_applicable","no","Counted in the Pondoland UVC (Table 1: N=3, density 0.19 per 1 000 m2) at the northernmost edge of its range on non-kelp reefs, Eastern Cape. Level-0 observed_alternative on the habitat route.",,"agent:opus:rfbf-v7.1"
18,"Roman","Chrysoblephus laticeps","H","Mann et al. (2024) - Fish, fishers and the future, Proceedings of the 6th Southern African Marine Linefish Symposium.pdf","Both","Medium",0,,"not_applicable","not_applicable","non-kelp","adult","not_applicable","no","Roman is a warm-temperate reef-associated sparid (attributed descriptor) whose residency the authors track on reef at Cape St Francis and Goukamma MPA. Own telemetry of a resident reef fish with no kelp reference = level-0 observed_alternative (habitat). Region Both (core distribution Western and Ea",,"agent:opus:rfbf-v7.1"
18,"Roman","Chrysoblephus laticeps","H","Murray et al. (2022) - A decade of South Africa's Acoustic Tracking Array Platform, an example of a successful ocean stewardship programme.pdf","East","Medium",0,,"not_applicable","not_applicable","non-kelp","adult","not_applicable","no","Chrysoblephus laticeps is described as an endemic reef sparid tagged and monitored in the Tsitsikamma National Park MPA (Eastern Cape, east of the eastern kelp limit), with a mean movement of ~1 km (Table 2) indicating strong residency on the tagging reef. This documents occupancy of non-kelp rocky-",,"agent:opus:rfbf-v7.1"
18,"Roman","Chrysoblephus laticeps","H","Osgood et al. (2020) - Chondrichthyans as an umbrella species-complex for conserving South African biodiversity.pdf","West","Medium",0,,"not_applicable","not_applicable","non-kelp","unspecified","not_applicable","no","Roman is observed on BRUV in the kelp region and the RDA (Fig 6) and text place it at deeper rocky-reef sites, opposite the kelp habitat vector. This documents occupation of a non-kelp (reef) habitat at the sampled place, time and stage: a level-0 observed_alternative on the habitat route. No kelp c",,"agent:opus:rfbf-v7.1"
18,"Roman","Chrysoblephus laticeps","H","Parker et al. (2016) - Insights from baited video sampling of temperate reef fishes, how biased are angling surveys.pdf","East","High",0,,"not_applicable","not_applicable","non-kelp","unspecified","not_applicable","no","Chrysoblephus laticeps was the dominant species recorded by angling and stereo-BRUVs on rocky reef (and sand) at Rheeders Reef in the Tsitsikamma NP MPA, a warm-temperate south-coast locality east of Cape Agulhas (East region, beyond the eastern kelp limit). The source is a sampling-methods comparis",,"agent:opus:rfbf-v7.1"
18,"Roman","Chrysoblephus laticeps","H","Penrith (1972) - THE BEHAVIOUR OF REEF-DWELLING SPARID FISHES.pdf","West","Medium",0,,"not_applicable","not_applicable","non-kelp","both","not_applicable","no","In-scope species with directly observed habitat use in False Bay (West): juveniles shelter in weed/Caulerpa at the reef base, larger fish occupy rugged/boulder-strewn rocky reef, and adult males hold and defend individual rock cracks or caves. All refuge and residence is on non-kelp structure (rock,",,"agent:opus:rfbf-v7.1"
18,"Roman","Chrysoblephus laticeps","H","Plass-Johnson et al. (2010) - Top-down effects on intertidal mussel populations in a South African marine protected area.pdf","East","High",0,,"not_applicable","not_applicable","non-kelp","unspecified","not_applicable","no","Roman (Chrysoblephus laticeps) was observed during snorkel census on rocky reef at Tsitsikamma National Park (East region, east of the eastern kelp limit), with abundance differing significantly between sites (Table 3, p=0.043). Documents an in-scope species occupying a non-kelp rocky-reef habitat; ",,"agent:opus:rfbf-v7.1"
18,"Roman","Chrysoblephus laticeps","H","Potts and Cowley (2010) - Validation and periodicity of otholiths of four temperate reef fish.pdf","East","Medium",0,,"not_applicable","not_applicable","non-kelp","adult","not_applicable","no","An OTC mark-recapture age-validation study that caught, tagged and recaptured C. laticeps in the Tsitsikamma National Park reef reserve on the southern Cape coast (East region, beyond the eastern kelp limit). This is a primary documented occurrence of an in-scope adult reef species in a non-kelp hab",,"agent:opus:rfbf-v7.1"
18,"Roman","Chrysoblephus laticeps","H","Pradervand and Hiseman (2006) - An analysis of the recreational shore fishery in the Goukamma Marine Protected Area.pdf","East","Medium",0,,"not_applicable","not_applicable","non-kelp","unspecified","not_applicable","no","Table 1 records 67 red roman (Chrysoblephus laticeps) in the Goukamma MPA shore fishery, east of the eastern kelp limit, in non-kelp reef/rocky coastal habitat. Occurrence only, no diet or kelp-structure use, no measured availability. Level-0 observed-alternative habitat record. Trophic route unasse",,"agent:opus:rfbf-v7.1"
18,"Roman","Chrysoblephus laticeps","H","Roberson et al. (2015) - First survey of fishes in Betty's bay along South Africa s temperate south west coast.pdf","West","High",1,,"not_applicable","not_applicable","not_applicable","unspecified","within","no","Predicted MaxN of C. laticeps is greatest in kelp (Fig 5b, Habitat significant in Table 5), documenting occurrence in kelp forest at Betty's Bay (Level 1 co-occurrence). No structural action is documented and a habitat abundance contrast cannot establish Selection, so the level does not exceed 1.",,"agent:opus:rfbf-v7.1"
18,"Roman","Chrysoblephus laticeps","H","Roberson et al. (2017) - Potential application of baited remote underwater video to survey abundance of west coast rock lobster Jasus lalandii.pdf","West","Low",1,,"not_applicable","not_applicable","not_applicable","unspecified","uncertain","no","Chrysoblephus laticeps was recorded on BRUVs at 50% of stations in the Betty's Bay kelp/reef/sand survey within the Ecklonia maxima range, with habitat a significant predictor of MaxN (14.8% deviance, P<0.001; Table 2, verified). This supports Level 1 co-occurrence on the habitat route via geographi",,"agent:opus:rfbf-v7.1"
18,"Roman","Chrysoblephus laticeps","H","Smale and Buxton (1985) - recreational ski-boat fishery off the Eastern Cape.pdf","East","Medium",0,,"not_applicable","not_applicable","non-kelp","unspecified","not_applicable","no","Roman is a principal, quantified endemic reef sparid in the Algoa Bay catch, east of the kelp limit; the catch documents occupancy of non-kelp reef habitat, a level-0 observed alternative. No diet data; trophic route unassessed.",,"agent:opus:rfbf-v7.1"
18,"Roman","Chrysoblephus laticeps","H","Smale et al. (1993) - Analysis of the demersal community of fish and cephalopods on the Agulhas Bank, South Africa.pdf","East","Low",0,,"not_applicable","not_applicable","non-kelp","unspecified","not_applicable","no","Red roman taken in Agulhas Bank demersal trawls (Appendix 1); occurrence in non-kelp shelf/reef habitat east of the kelp limit. Level-0 observed_alternative on the habitat route.",,"agent:opus:rfbf-v7.1"
18,"Roman","Chrysoblephus laticeps","H","Smale et al. (2001) - Behavioural interactions of predators and spawning chokka squid off South Africa.pdf","East","Low",0,,"not_applicable","not_applicable","non-kelp","unspecified","not_applicable","no","Chrysoblephus laticeps recorded present near squid egg beds, swimming close to the bottom on Eastern Cape reef grounds; a passing but codeable non-kelp habitat occupancy (level-0 observed_alternative, habitat route). The generic diet statement is not treated as a site observation, so no trophic reco",,"agent:opus:rfbf-v7.1"
18,"Roman","Chrysoblephus laticeps","H","Sowman (1984) - An assessment of recreational carrying capacity at Infanta, South Cape.pdf","East","Medium",0,,"not_applicable","not_applicable","non-kelp","unspecified","not_applicable","no","Table 11 records 48 red roman (52.0 kg). The species is documented occupying non-kelp East-coast reef habitat east of the kelp limit; no trophic or kelp-structural observation: level-0 observed_alternative on the habitat route. Trophic route unassessed.",,"agent:opus:rfbf-v7.1"
18,"Roman","Chrysoblephus laticeps","H","Steyn et al. (2021) - Changes in food-web structure and energy flow in kelp forest ecosystems following the invasion of Jasus lalandii.pdf","West","Low",1,,"not_applicable","not_applicable","not_applicable","unspecified","within","no","Red Roman is named as a predatory reef fish found in south-west-coast kelp forests and is included as a functional group in the Betty's Bay kelp forest ecosystem model (Table 1). This documents occurrence in a kelp forest (level-1 co-occurrence, habitat route). No kelp-structure action is documented",,"agent:opus:rfbf-v7.1"
18,"Roman","Chrysoblephus laticeps","H","Steyn et al. (2021) - Changes in foodweb structure and energy flow in kelp ecosystems on the southwest coast of South Africa following invasion of Jasus lalandii.pdf","West","Medium",1,,"not_applicable","not_applicable","non-kelp","unspecified","within","no","The source lists Red Roman among predatory reef fish found in south-west-coast kelp forests and includes it as a named functional group in its Betty's Bay kelp forest model, establishing co-occurrence with kelp (habitat route, level 1). No use of physical kelp structure is documented, so it does not",,"agent:opus:rfbf-v7.1"
18,"Roman","Chrysoblephus laticeps","H","Teske et al (2010)-Connectivity between marine reserves and exploiyed areas in the philopatric reef fish Chrysoblephus lacticeps.pdf","Both","Low",0,,"not_applicable","not_applicable","non-kelp","adult","not_applicable","no","This is a population-genetics/connectivity study. Its only primary observation relevant to the evidence ladder is that adult C. laticeps were caught (present and occupying habitat) at seven inshore-reef and offshore-pinnacle sites spanning the warm-temperate south coast (E01, E02, E04). This is a ca",,"agent:opus:rfbf-v7.1"
18,"Roman","Chrysoblephus laticeps","H","Wallace et al. (1984) - Inshore small-mesh trawling survey of the Cape south coast. Part 1. Introduction, methods, stations and catches.pdf","East","Low",0,,"not_applicable","not_applicable","non-kelp","unspecified","not_applicable","no","Red roman taken in the soft-bottom trawl survey east of the kelp coast; non-kelp habitat occurrence. Level 0 observed_alternative on the habitat route.",,"agent:opus:rfbf-v7.1"
18,"Roman","Chrysoblephus laticeps","H","Winker et al. (2013).pdf","Both","Low",0,,"not_applicable","not_applicable","non-kelp","adult","not_applicable","no","Roman is documented caught across the south-coast fishery (Table 1) and characterised as a reef-associated species (non-kelp structural habitat). Level 0 observed_alternative on the habitat route; trophic route unassessed.",,"agent:opus:rfbf-v7.1"
18,"Roman","Chrysoblephus laticeps","T","Buxton (1984)-Feeding biology of the roman Chrysoblephus laticeps  Pisces  Sparidae.pdf","East","High",0,,"non_kelp","not_applicable","not_applicable","both","not_applicable","no","Buxton (1984) is a primary quantitative diet study of Chrysoblephus laticeps (an in-scope sparid) from two reefs in Algoa Bay, Eastern Cape, east of the Cape Agulhas kelp limit and a non-kelp setting (region=East, confirmed by the Fig. 1 map). Across ~2000 fish and detailed stomach and hindgut analy",,"agent:opus:rfbf-v7.1"
18,"Roman","Chrysoblephus laticeps","T","Faure Beaulieu (2021) - Dedicated dads, a study on the nesting behaviour of Spondyliosoma emarginatum.pdf","West","Low",0,,"non_kelp","not_applicable","not_applicable","adult","not_applicable","no","Figure 37 (verified in the PDF) shows C. laticeps feeding near the nest boundary on the rocky reef. This is a primary observation of the species consuming non-kelp benthic food at the sampled site, i.e. a level-0 observed_alternative on the trophic route. The food item is not identified and there is",,"agent:opus:rfbf-v7.1"
18,"Roman","Chrysoblephus laticeps","T","Lechanteur (1999) - The ecology and management of false bay reef fish.pdf","West","High",0,,"non_kelp","not_applicable","not_applicable","both","not_applicable","no","Red roman's False Bay diet is large reef-associated prey (octopus, crabs, molluscs, echinoids, ascidian contents); the source explicitly notes it was never observed feeding away from reef and no prey is linked to the kelp food web. This is a level-0 observed alternative on the trophic route (non-kel",,"agent:opus:rfbf-v7.1"
18,"Roman","Chrysoblephus laticeps","T","Lechanteur and Griffiths (2002) - Diets of common suprabenthic reef fish in False Bay, South Africa.pdf","West","High",0,,"non_kelp","not_applicable","not_applicable","adult","not_applicable","no","Primary quantified diet (51 stomachs, adult) documents a benthic macro-predator taking octopus, crabs and molluscs in False Bay, all non-kelp prey with no source-stated kelp food-web link. Trophic observed_alternative, level 0.",,"agent:opus:rfbf-v7.1"
18,"Roman","Chrysoblephus laticeps","T","Penrith (1972) - THE BEHAVIOUR OF REEF-DWELLING SPARID FISHES.pdf","West","Medium",0,,"non_kelp","not_applicable","not_applicable","both","not_applicable","no","Chrysoblephus laticeps is in scope. The source documents its diet directly from SCUBA observation in False Bay (West): juveniles feed on minute organisms in weed/Caulerpa; large fish take small fishes, cephalopods and crustaceans. None of this prey is kelp or is linked by the source to the kelp food",,"agent:opus:rfbf-v7.1"
19,"Red steenbras","Petrus rupestris","H","Attwood et al. (2011) - Bycatch in South Africa's inshore trawl fishery as determined from observer records.pdf","East","Low",0,,"not_applicable","not_applicable","non-kelp","unspecified","not_applicable","no","Caught as trace bycatch on the deep Agulhas Bank grounds, east of and below the kelp zone. Non-kelp habitat occurrence = level-0 observed_alternative (habitat). Diet not examined; trophic route unassessed.",,"agent:opus:rfbf-v7.1"
19,"Red steenbras","Petrus rupestris","H","Attwood et al. (2011) - Bycatch in South Africa’s inshore trawl fishery.pdf","East","Medium",0,,"not_applicable","not_applicable","non-kelp","unspecified","not_applicable","no","P. rupestris was caught at 0.7 t per year on the inshore trawl grounds at 80-110 m east of the kelp limit, and is listed among the handline-fishery species making up 10.7% of the total catch (p. 2169). This documents occupancy of non-kelp soft-bottom habitat. Kelp and diet are never mentioned, so th",,"agent:opus:rfbf-v7.1"
19,"Red steenbras","Petrus rupestris","H","Attwood et al. (2013) - the Proceedings of the 4th Linefish symposium.pdf","East","Low",0,,"not_applicable","not_applicable","non-kelp","unspecified","not_applicable","no","Petrus rupestris recorded on rocky reef (5-41 m) by BRUV in the Stilbaai MPA (East); kelp is never mentioned, a level-0 habitat observed alternative (non-kelp reef).",,"agent:opus:rfbf-v7.1"
19,"Red steenbras","Petrus rupestris","H","Beckley and Buxton (1989) - UNDERWATER OBSERVATIONS OF REEF FISH IN AND AROUND ALGOA BAY, SOUTH AFRICA.pdf","East","Medium",0,,"not_applicable","not_applicable","non-kelp","both","not_applicable","no","Red steenbras observed infrequently (5% at Philip's Reef), adults and juveniles, on non-kelp rocky reef East of the kelp range. Level-0 observed_alternative on the habitat route.",,"agent:opus:rfbf-v7.1"
19,"Red steenbras","Petrus rupestris","H","Brouwer (2002) - Movement patterns of red steenbras.pdf","East","Medium",0,,"not_applicable","not_applicable","non-kelp","both","not_applicable","no","Petrus rupestris is in the model scope and is the subject species of this tag-recapture study, so the habitat route is genuinely assessed rather than silent. The source documents individual red steenbras of both life stages (250-1 050 mm FL; resident juveniles <600 mm and migrating adults >700 mm) b",,"agent:opus:rfbf-v7.1"
19,"Red steenbras","Petrus rupestris","H","Brouwer and Buxton (2002) - Catch and effort of the shore and skiboat linefisheries along the South African Eastern Cape coast.pdf","East","Low",0,,"not_applicable","not_applicable","non-kelp","unspecified","not_applicable","no","Red steenbras recorded in the Eastern Cape recreational and commercial skiboat catches, east of the kelp limit: level-0 observed_alternative, habitat route.",,"agent:opus:rfbf-v7.1"
19,"Red steenbras","Petrus rupestris","H","Burger (1990) - The distribution patterns and community structure of the Tsitsikamma rocky littoral ichthyofauna.pdf","East","High",0,,"not_applicable","not_applicable","non-kelp","unspecified","not_applicable","no","East-region record beyond the kelp coast. Petrus rupestris, the key reef predator, was recorded on non-kelp deep reef at Tsitsikamma, where no kelp forest occurs. Documented occurrence in a non-kelp habitat: level-0 observed_alternative on the habitat route.",,"agent:opus:rfbf-v7.1"
19,"Red steenbras","Petrus rupestris","H","Button (2018) - Remotely operated vehicle exploring ichthyofauna association with habitat from shore-shelf, in an endemism hotspot in South Africa.pdf","East","Low",0,,"not_applicable","not_applicable","non-kelp","unspecified","not_applicable","no","ROV census off the Kei River mouth (East of the kelp limit) recorded red steenbras (Petrus rupestris) in 7% of 58 grid cells on non-kelp shelf reef habitat. Documented occupancy of non-kelp habitat gives a level-0 observed_alternative on the habitat route; kelp absent and unassessed. No trophic data",,"agent:opus:rfbf-v7.1"
19,"Red steenbras","Petrus rupestris","H","Button et al. (2021) - mesophotic fish and associated habitats across the continental shelf of the Amathole region.pdf","East","Medium",0,,"not_applicable","not_applicable","non-kelp","unspecified","not_applicable","no","The source observes Petrus rupestris on ROV transect video on the Amathole mesophotic shelf (Results p. 3; Figure 2c verified on the rendered page, showing the fish over an encrusted seabed with no kelp in frame), reports that it characterises one of three unique shelf-edge assemblages (Discussion p",,"agent:opus:rfbf-v7.1"
19,"Red steenbras","Petrus rupestris","H","Buxton and Smale (1989) - Abundance and distribution patterns of 3 temperate marine reef fish in South Africa.pdf","East","High",0,,"not_applicable","not_applicable","non-kelp","both","not_applicable","no","Level 0, observed alternative. P. rupestris was censused by point count on sandstone reef at Tsitsikamma and Cape Recife, with quantified density (0.0102 +/- 0.0118 fish m-2, 63 point counts) and measured contrasts by reef relief and depth (Table 3, verified on the rendered page). The source records",,"agent:opus:rfbf-v7.1"
19,"Red steenbras","Petrus rupestris","H","Cottrant (2024) - Assessing conservation measures for five southern African endemic shark species.pdf","West","Low",0,,"not_applicable","not_applicable","non-kelp","unspecified","not_applicable","no","Recorded once on baited remote underwater video in Walker Bay across a kelp/reef/sand survey (Table 2, Red steenbras). Presence documented but substrate not resolved. Coded Level-0 observed-alternative.",,"agent:opus:rfbf-v7.1"
19,"Red steenbras","Petrus rupestris","H","Currie (2017) - Historical baselines and a century of change in the demersal fish assemblages on South Africa's Agulhas Bank.pdf","East","Medium",0,,"not_applicable","not_applicable","non-kelp","unspecified","not_applicable","no","Red steenbras caught in demersal trawls on the offshore Agulhas Bank grounds (Table 8, historical median 0.03, absent in re-surveys). Documents occupancy of a non-kelp continental-shelf habitat = level-0 observed_alternative (habitat route). No diet data; trophic route unassessed.",,"agent:opus:rfbf-v7.1"
19,"Red steenbras","Petrus rupestris","H","De Vos et al. (2014) - Optimal BRUVs survey design for reef fish monitoring in the Stilbaai Marine Protected Area.pdf","East","High",0,,"not_applicable","not_applicable","non-kelp","unspecified","not_applicable","no","Recorded at 17 of 29 BRUVs sites on non-kelp sandstone reef at Stilbaai, east of the kelp limit. No kelp present or measured; a level-0 observed_alternative on the habitat route. Feeding guild is secondary; trophic route unassessed.",,"agent:opus:rfbf-v7.1"
19,"Red steenbras","Petrus rupestris","H","Dyer (2018) - The role of ecological processes in structuring reef fish communities in the Agulhas ecoregion South Africa.pdf","East","High",0,,"not_applicable","not_applicable","non-kelp","unspecified","not_applicable","no","Recorded on rocky reef via stereo-BRUVs at all four reefs in the Agulhas Ecoregion, east of the eastern kelp limit. Occupancy of non-kelp rocky-reef habitat; no kelp action observed and diet not examined. Level-0 observed_alternative on the habitat route.",,"agent:opus:rfbf-v7.1"
19,"Red steenbras","Petrus rupestris","H","Fennessy et al. (2003) - An assessment of the recreational and commercial skiboat fishery in the Transkei.pdf","East","Medium",0,,"not_applicable","not_applicable","non-kelp","unspecified","not_applicable","no","Red steenbras was a dominant reef-fishery species, especially in the southern Transkei (Kei Mouth, 69.9% of commercial weight). East of the kelp limit, no kelp mentioned; documented non-kelp reef occurrence. Level-0 observed_alternative, habitat route; trophic route unassessed.",,"agent:opus:rfbf-v7.1"
19,"Red steenbras","Petrus rupestris","H","Garratt (1988) - seasonal abundance and spawning of some important offshore linefish in Natal and Transkei waters.pdf","East","Medium",0,,"not_applicable","not_applicable","non-kelp","adult","not_applicable","no","P. rupestris was caught by hook and line as mature adults in offshore Natal/Transkei waters (Msikaba River, Port Edward-Mazeppa Bay), a reef-associated east-coast species sampled well beyond the eastern kelp limit. This documents an in-scope species occupying a non-kelp habitat at a stated place, ti",,"agent:opus:rfbf-v7.1"
19,"Red steenbras","Petrus rupestris","H","Geldenhuys (2015) - Quantitative fish survey of the submarine canyons of the iSimangaliso Wetland Park.pdf","East","High",0,,"not_applicable","not_applicable","non-kelp","unspecified","not_applicable","no","Deep-reef ROV video census off Sodwana Bay (northern KwaZulu-Natal), far east of the kelp limit; region East, non-kelp habitat. Petrus rupestris (red steenbras) was recorded occupying deep subtropical reef/canyon habitat in three canyons (Wright, Jesser, Chaka) across ~100-130 m (Table 3 and Appendi",,"agent:opus:rfbf-v7.1"
19,"Red steenbras","Petrus rupestris","H","Gonzalez (2024) - Baited remote underwater video surveys report, Stilbaai Marine Protected Area (2013-2016).pdf","East","Medium",0,,"not_applicable","not_applicable","non-kelp","unspecified","not_applicable","no","Petrus rupestris was recorded by baited remote underwater video in the Stilbaai MPA (Table 3; present in 2013, 2014, 2015, 2016 per Table 4) and was the most abundant IUCN-threatened species observed. Stilbaai lies on the warm-temperate south coast east of Cape Agulhas/De Hoop, beyond the eastern ra",,"agent:opus:rfbf-v7.1"
19,"Red steenbras","Petrus rupestris","H","Götz et al. (2008) - Selected fishery and population parameters of eight shore-angling species in the Tsitsikamma National Park no-take marine reserve.pdf","East","Low",0,,"not_applicable","not_applicable","non-kelp","unspecified","not_applicable","no","Red steenbras caught in the TNP shore-angling survey (Table 1, n=2) at a non-kelp rocky-reef site on the Eastern Cape coast. Occurrence documented; no diet data and no kelp structural action. Level-0 observed_alternative on the habitat route; low specificity. Trophic route unassessed.",,"agent:opus:rfbf-v7.1"
19,"Red steenbras","Petrus rupestris","H","Gotz et al. (2009) - Effects of fishing on a temperate reef community in South Africa 1, ichthyofauna.pdf","East","Medium",0,,"not_applicable","not_applicable","non-kelp","unspecified","not_applicable","no","Red steenbras was recorded by angling and UVC at Goukamma rocky-reef sites in the East region, occupying non-kelp rocky reef without kelp measured or mentioned: Level 0 observed alternative on the habitat route.",,"agent:opus:rfbf-v7.1"
19,"Red steenbras","Petrus rupestris","H","Götz et al. (2009) - fishing on a temperate reef community in South Africa 1- ichthyofauna.pdf","East","Medium",0,,"not_applicable","not_applicable","non-kelp","unspecified","not_applicable","no","Petrus rupestris was recorded on warm-temperate rocky reef at the Goukamma MPA study area (south-east coast, near Knysna), which lies east of the Cape Agulhas kelp limit and outside the Ecklonia maxima range. The survey (standardised angling and/or UVC over rocky substrate) documents the species occ",,"agent:opus:rfbf-v7.1"
19,"Red steenbras","Petrus rupestris","H","Götz et al. (2014) - An exploratory investigation of the fish communities associated with reefs on the central Agulhas Bank, South Africa.pdf","East","Medium",0,,"not_applicable","not_applicable","non-kelp","unspecified","not_applicable","no","Caught over non-kelp hard-substrate reef on the central Agulhas Bank (East, beyond the eastern kelp limit; Table 2). Level-0 observed_alternative on the habitat route. Kelp not present/measured; baited-gear capture is not diet evidence, so no trophic record.",,"agent:opus:rfbf-v7.1"
19,"Red steenbras","Petrus rupestris","H","Gouws et al. (2020) - High genetic diversity and limited spatial structure of Petrus rupestris.pdf","East","Medium",0,,"not_applicable","not_applicable","non-kelp","both","not_applicable","no","This is a population-genetics study of red steenbras (Petrus rupestris). Its primary observations are fin-clip collections of the species at ~25 named offshore banks and inshore rocky reefs from Arniston/Agulhas Bank eastward to the Transkei (Table 1; Figure 1, both PDF-verified), all at or east of ",,"agent:opus:rfbf-v7.1"
19,"Red steenbras","Petrus rupestris","H","Griffiths (2000) - Long-term trends in catch and effort of commercial linefish off South Africa's Cape Province.pdf","East","Medium",0,,"not_applicable","not_applicable","non-kelp","unspecified","not_applicable","no","The fishery-independent survey documents red steenbras caught on Southern Cape reef complexes (De Hoop, Vlak Bank, Cape Agulhas), at the eastern kelp limit. Non-kelp reef habitat occurrence; kelp not measured or mentioned. Level-0 observed_alternative, habitat route, region East (survey grounds sit ",,"agent:opus:rfbf-v7.1"
19,"Red steenbras","Petrus rupestris","H","Griffiths & Wilke (2002)-Long term movement patterns of five temperate reef fishes.pdf","East","Medium",0,,"not_applicable","not_applicable","non-kelp","juvenile","not_applicable","no","P. rupestris is documented as a juvenile reef resident on inshore nursery reefs (10-40 m) of the central Agulhas Bank, east of the kelp limit; most recaptures were juveniles. Catch study with habitat context on non-kelp habitat; level-0 observed_alternative on the habitat route. Diet ('reef fishes')",,"agent:opus:rfbf-v7.1"
19,"Red steenbras","Petrus rupestris","H","Hanekom et al. (1997) - Shore-angling catches in the Tsitsikamma National Park, 1989-1995.pdf","East","Medium",0,,"not_applicable","not_applicable","non-kelp","unspecified","not_applicable","no","Red steenbras recorded in scientific fishing on the TNP non-kelp coast east of the kelp limit: level 0 observed_alternative, habitat route. Trophic route unassessed.",,"agent:opus:rfbf-v7.1"
19,"Red steenbras","Petrus rupestris","H","Hanel and Tsigenopoulos (2011) - Phylogeny, evolution, and taxonomy of sparids with some notes on their ecology and biology.pdf","Both","Low",0,,"not_applicable","not_applicable","non-kelp","unspecified","not_applicable","yes","The source places Petrus rupestris in South African coastal areas and estuaries. Estuaries are a non-kelp habitat, so this documents an in-scope species occupying a non-kelp habitat in the region, supporting a level-0 observed_alternative on the habitat route. No kelp-structure use (refuge, foraging",,"agent:opus:rfbf-v7.1"
19,"Red steenbras","Petrus rupestris","H","Hecht and Tilney (1989) - The Port Alfred fishery.pdf","East","Medium",0,,"not_applicable","not_applicable","non-kelp","adult","not_applicable","no","Red steenbras is a reef sparid caught in the east-coast Port Alfred fishery with catch share and recruitment lengths; observed in a non-kelp reef habitat with no kelp link, giving a level-0 observed_alternative habitat record.",,"agent:opus:rfbf-v7.1"
19,"Red steenbras","Petrus rupestris","H","Heyns-Veale et al. (2019) - Community-wide effects of protection reveal insights into marine protected area effectiveness for reef fish.pdf","East","Medium",0,,"not_applicable","not_applicable","non-kelp","unspecified","not_applicable","no","Red steenbras recorded on non-kelp reef via stereo-BRUVs at Tsitsikamma (east of the kelp limit); kelp not measured or mentioned. Level-0 observed_alternative on the habitat route. Trophic route unassessed. Region 'East'.",,"agent:opus:rfbf-v7.1"
19,"Red steenbras","Petrus rupestris","H","Heyns‑Veale et al. (2016) - Depth and habitat determine assemblage structure of South Africa’s warm‑temperate reef fish.pdf","East","High",0,,"not_applicable","not_applicable","non-kelp","both","not_applicable","no","A baited stereo-video survey recorded Petrus rupestris evenly across the sampled depth range in the Tsitsikamma National Park MPA, east of the eastern limit of Ecklonia maxima, associated with habitat C (45-55 m), dominated by bryozoans, sponges and hydroids with no algae among the dominant taxa and",,"agent:opus:rfbf-v7.1"
19,"Red steenbras","Petrus rupestris","H","James et al (2012)-Temporal variability of temperate fish assemblahe in Africas oldest MPA.pdf","East","Low",0,,"not_applicable","not_applicable","non-kelp","unspecified","not_applicable","no","Sparsely recorded by shore-angling on the non-kelp East-region reef of TNP; occupancy of non-kelp habitat only. Level-0 observed_alternative on the habitat route; trophic route unassessed.",,"agent:opus:rfbf-v7.1"
19,"Red steenbras","Petrus rupestris","H","Lechanteur (1999) - The ecology and management of false bay reef fish.pdf","West","Low",1,,"not_applicable","not_applicable","uncertain","unspecified","within","no","Red steenbras was recorded at low abundance across the kelp zone, establishing co-occurrence with kelp. Occurrence is sparse (the species is noted as historically over-exploited), so specificity is Low; no kelp action documented, hence level 1 co-occurrence.",,"agent:opus:rfbf-v7.1"
19,"Red steenbras","Petrus rupestris","H","Lechanteur and Griffiths (2002) - Composition and seasonal variability of the suprabenthic reef-fish assemblage in False Bay.pdf","West","Low",1,,"not_applicable","not_applicable","not_applicable","unspecified","not_applicable","no","Recorded at trace densities across the Ecklonia/Laminaria kelp strata (>5-16 m), giving habitat co-occurrence with kelp (level 1). No kelp-structure action documented; also present in kelp-free strata.",,"agent:opus:rfbf-v7.1"
19,"Red steenbras","Petrus rupestris","H","Mann (1992) - Biological aspects of two sparid fishes.pdf","East","Low",0,,"not_applicable","not_applicable","non-kelp","unspecified","not_applicable","no","Petrus rupestris is an in-scope species (model_scope=true) captured by the author while shore angling along the Tsitsikamma coastline, on the south-eastern Cape coast east of the eastern kelp limit (E40). This is the author's own catch observation with habitat context, namely rocky shore and inshore",,"agent:opus:rfbf-v7.1"
19,"Red steenbras","Petrus rupestris","H","Osgood et al. (2020) - Chondrichthyans as an umbrella species-complex for conserving South African biodiversity.pdf","West","Medium",0,,"not_applicable","not_applicable","non-kelp","unspecified","not_applicable","no","Red steenbras is observed on BRUV in the kelp region and placed with roman on deeper rocky-reef sites in the RDA (Fig 6), opposite the kelp vector: occupation of non-kelp reef habitat, a level-0 observed_alternative on the habitat route. No kelp use recorded. Trophic route unassessed.",,"agent:opus:rfbf-v7.1"
19,"Red steenbras","Petrus rupestris","H","Penney et al. (1999) - Long-term trends in catch and effort in the KwaZulu-Natal nearshore linefisheries.pdf","East","Medium",0,,"not_applicable","not_applicable","non-kelp","adult","not_applicable","no","Red steenbras is documented as a temperate reef-associated sparid whose adult shoals migrate into and are caught on KwaZulu-Natal south-coast reefs (East region, no kelp present). Occupation of a non-kelp reef habitat by an in-scope species is a level-0 observed_alternative on the habitat route; kel",,"agent:opus:rfbf-v7.1"
19,"Red steenbras","Petrus rupestris","H","Roberson et al. (2015) - First survey of fishes in Betty's bay along South Africa s temperate south west coast.pdf","West","Low",0,,"not_applicable","not_applicable","non-kelp","unspecified","not_applicable","no","P. rupestris was recorded at 3 of 58 sites (and noted disregarding the bait) without resolution to kelp habitat. Observed occupancy of the surveyed inshore habitat (Level 0 observed alternative); kelp co-occurrence not established.",,"agent:opus:rfbf-v7.1"
19,"Red steenbras","Petrus rupestris","H","Scott (1949) - Otter-trawl fisheries of South Africa.pdf","Both","Low",0,,"not_applicable","not_applicable","non-kelp","unspecified","not_applicable","no","Red steenbras is documented as an occasional component of the deep 'reds, pangas, gurnards' trawl grounds (non-kelp mud bottoms). Level-0 observed_alternative habitat record; low specificity given the passing mention.",,"agent:opus:rfbf-v7.1"
19,"Red steenbras","Petrus rupestris","H","Smale (1983) - Resource partitioning by top predatory teleosts in the eastern cape coastal waters South Africa.pdf","East","Medium",0,,"not_applicable","not_applicable","non-kelp","both","not_applicable","no","Petrus rupestris is documented as a top predatory teleost inhabiting eastern Cape coastal reefs, a non-kelp habitat east of the kelp range. Level-0 observed_alternative on the habitat route.",,"agent:opus:rfbf-v7.1"
19,"Red steenbras","Petrus rupestris","H","Smale (1986) - Feeding biology of four predatory reef fishes off the south-eastern Cape coast.pdf","East","Medium",0,,"not_applicable","not_applicable","non-kelp","both","not_applicable","no","Petrus rupestris is documented as a demersal reef-associated top predator of hard substrata, cruising over reefs, gullies and caves in the south-eastern Cape (East region, no kelp). A documented observation of an in-scope species occupying non-kelp reef habitat: a level-0 observed_alternative on the",,"agent:opus:rfbf-v7.1"
19,"Red steenbras","Petrus rupestris","H","Smale (1987) - Food paritioning by coastal pedatory teleosts in South Africa.pdf","East","Medium",0,,"not_applicable","not_applicable","non-kelp","both","not_applicable","no","The source documents P. rupestris occupying non-kelp habitat at the sampled place, time and life stage: it is classified among the reef predators on the basis of this paper's own classification, and is stated to swim over sand between reefs. All 113 specimens were taken inshore of Cape Recife, east ",,"agent:opus:rfbf-v7.1"
19,"Red steenbras","Petrus rupestris","H","Smale (1988) - Distribution and reproduction of Petrus rupestris.pdf","East","Medium",0,,"not_applicable","not_applicable","non-kelp","both","not_applicable","no","Petrus rupestris is an in-scope species observed by this distribution/reproduction study occupying non-kelp habitat at the sampled place, time and life stage: deep offshore continental-shelf banks and drop-off reefs off Coffee Bay (55-160 m, most productive 86-110 m) and inshore rocky reefs on the C",,"agent:opus:rfbf-v7.1"
19,"Red steenbras","Petrus rupestris","H","Smale (1992) - Predatory fish and their prey, an overview of trophic interactions in the fish communities of the west and south coasts of South Africa.pdf","East","Medium",0,,"not_applicable","not_applicable","non-kelp","both","not_applicable","no","Red steenbras is characterised as a South Coast rocky-reef apex teleost (prose and Fig. 5), a non-kelp habitat east of the kelp limit. Level 0 observed_alternative on the habitat route. Secondary synthesis.",,"agent:opus:rfbf-v7.1"
19,"Red steenbras","Petrus rupestris","H","Smale and Buxton (1985) - recreational ski-boat fishery off the Eastern Cape.pdf","East","Medium",0,,"not_applicable","not_applicable","non-kelp","unspecified","not_applicable","no","Red steenbras, an endemic reef sparid, is caught (quantified) in the Algoa Bay fishery, east of the kelp limit; documents occurrence in non-kelp reef habitat, a level-0 observed alternative. No diet data; trophic route unassessed.",,"agent:opus:rfbf-v7.1"
19,"Red steenbras","Petrus rupestris","H","Smale and Punt (2010) - Age and growth of red steenbras.pdf","East","Low",0,,"not_applicable","not_applicable","non-kelp","both","not_applicable","no","This is an age-and-growth study of red steenbras (Petrus rupestris, model_scope=true) sampled by linefishing, spearfishing and rotenone between Coffee Bay (Transkei) and Struis Bay on the south-east/south coast (1979-1987), i.e. the East region beyond the eastern kelp limit near Cape Agulhas. The so",,"agent:opus:rfbf-v7.1"
19,"Red steenbras","Petrus rupestris","H","Sowman (1984) - An assessment of recreational carrying capacity at Infanta, South Cape.pdf","East","Medium",0,,"not_applicable","not_applicable","non-kelp","unspecified","not_applicable","no","Table 11 records 7 red steenbras (14.0 kg). The species is documented occupying non-kelp East-coast reef habitat east of the kelp limit; no trophic or kelp-structural observation: level-0 observed_alternative on the habitat route. Trophic route unassessed.",,"agent:opus:rfbf-v7.1"
19,"Red steenbras","Petrus rupestris","H","Winker et al. (2013).pdf","East","Low",0,,"not_applicable","not_applicable","non-kelp","adult","not_applicable","no","Red steenbras is documented as a catch component in the SE region (Tables 1 and 2), establishing occurrence in the non-kelp commercial fishery. Level 0 observed_alternative on the habitat route; trophic route unassessed.",,"agent:opus:rfbf-v7.1"
19,"Red steenbras","Petrus rupestris","T","Hanel and Tsigenopoulos (2011) - Phylogeny, evolution, and taxonomy of sparids with some notes on their ecology and biology.pdf","Both","Low",0,,"non_kelp","not_applicable","not_applicable","unspecified","not_applicable","yes","The source characterises Petrus rupestris as a top piscivorous predator in South African coastal areas and estuaries. This documents an in-scope species using a non-kelp food resource (fish) in the region, which supports a level-0 observed_alternative on the trophic route. It cannot reach higher lev",,"agent:opus:rfbf-v7.1"
19,"Red steenbras","Petrus rupestris","T","Smale (1983) - Resource partitioning by top predatory teleosts in the eastern cape coastal waters South Africa.pdf","East","High",0,,"non_kelp","not_applicable","not_applicable","both","not_applicable","no","Petrus rupestris on eastern Cape reefs feeds primarily on reef-associated fishes plus cephalopods and crustaceans, all non-kelp prey east of the kelp range. Level-0 observed_alternative on the trophic route.",,"agent:opus:rfbf-v7.1"
19,"Red steenbras","Petrus rupestris","T","Smale (1986) - Feeding biology of four predatory reef fishes off the south-eastern Cape coast.pdf","East","High",0,,"non_kelp","not_applicable","not_applicable","both","not_applicable","no","Diet study showing Petrus rupestris in the south-eastern Cape (East region, outside kelp range) feeds almost exclusively on reef-associated fishes plus some cephalopods and crustaceans. Documented consumption of non-kelp food by an in-scope species at the sampled place, time and life stage: a level-",,"agent:opus:rfbf-v7.1"
19,"Red steenbras","Petrus rupestris","T","Smale (1987) - Food paritioning by coastal pedatory teleosts in South Africa.pdf","East","High",0,,"non_kelp","outside","not_applicable","both","not_applicable","no","The source documents P. rupestris (113 stomachs across six size groups from 5 to 120 cm, all taken inshore of Cape Recife, east of the eastern kelp limit) consuming exclusively non-kelp prey: Octopus vulgaris, Cheilodactylidae, Acanthistius sebastoides, mysids, gobies, Haploblepharus fuscus, Genypte",,"agent:opus:rfbf-v7.1"
20,"Red stumpnose","Chrysoblephus gibbiceps","H","Anstett (2023) - Assessing the conservation benefit of South Africa's Bird Island Marine Protected Area to reef fishes.pdf","East","High",0,,"not_applicable","not_applicable","non-kelp","unspecified","not_applicable","no","C. gibbiceps was documented on reef, patch-reef and sand across 72 of 111 BRUVS samples in Algoa Bay (Eastern Cape, east of the kelp limit); kelp is not measured or mentioned. This is a level-0 observed_alternative habitat record: an in-scope species occupying non-kelp habitat at the sampled place a",,"agent:opus:rfbf-v7.1"
20,"Red stumpnose","Chrysoblephus gibbiceps","H","Attwood et al. (2013) - the Proceedings of the 4th Linefish symposium.pdf","East","Low",0,,"not_applicable","not_applicable","non-kelp","unspecified","not_applicable","no","Chrysoblephus gibbiceps recorded on rocky reef (5-41 m) by BRUV in the Stilbaai MPA (East); kelp is never mentioned, a level-0 habitat observed alternative (non-kelp reef).",,"agent:opus:rfbf-v7.1"
20,"Red stumpnose","Chrysoblephus gibbiceps","H","Attwood et al. (2019) - Life history, distribution and seasonal movements of Chrysoblephus gibbiceps.pdf","Both","Medium",0,,"not_applicable","not_applicable","non-kelp","adult","not_applicable","no","Chrysoblephus gibbiceps is in scope and is the study species. The habitat route is genuinely assessed rather than passed over in silence: the source characterises where the species lives and what it occupies, drawing on 678 location-stamped dissected fish (441 DAFF fish from Cape Point to Port Eliza",,"agent:opus:rfbf-v7.1"
20,"Red stumpnose","Chrysoblephus gibbiceps","H","Beckley and Buxton (1989) - UNDERWATER OBSERVATIONS OF REEF FISH IN AND AROUND ALGOA BAY, SOUTH AFRICA.pdf","East","Medium",0,,"not_applicable","not_applicable","non-kelp","both","not_applicable","no","Red stumpnose observed infrequently (16% at Philip's Reef), adults and juveniles, on non-kelp rocky reef East of the kelp range. Level-0 observed_alternative on the habitat route.",,"agent:opus:rfbf-v7.1"
20,"Red stumpnose","Chrysoblephus gibbiceps","H","Blamey et al. (2014) - Was overfishing of predatory fish responsible for a lobster-induced regime shift in the Benguela.pdf","West","Low",1,,"not_applicable","not_applicable","not_applicable","adult","within","yes","Red Stumpnose is coded together with Roman as 'redfish' and is treated by the source's own model as a kelp-forest reef fish of EOCH, with primary regional CPUE compiled and biomass scaled to kelp-forest area. This supports habitat co-occurrence with kelp (level 1); no structural kelp action is docum",,"agent:opus:rfbf-v7.1"
20,"Red stumpnose","Chrysoblephus gibbiceps","H","Brouwer and Buxton (2002) - Catch and effort of the shore and skiboat linefisheries along the South African Eastern Cape coast.pdf","East","Low",0,,"not_applicable","not_applicable","non-kelp","unspecified","not_applicable","no","Red stumpnose recorded in the Eastern Cape recreational and commercial skiboat catches, east of the kelp limit: level-0 observed_alternative, habitat route.",,"agent:opus:rfbf-v7.1"
20,"Red stumpnose","Chrysoblephus gibbiceps","H","Burger (1990) - The distribution patterns and community structure of the Tsitsikamma rocky littoral ichthyofauna.pdf","East","High",0,,"not_applicable","not_applicable","non-kelp","unspecified","not_applicable","no","East-region record beyond the kelp coast. Chrysoblephus gibbiceps was recorded on non-kelp shallow coralline reef at Tsitsikamma, where no kelp forest occurs. Documented occurrence in a non-kelp habitat: level-0 observed_alternative on the habitat route.",,"agent:opus:rfbf-v7.1"
20,"Red stumpnose","Chrysoblephus gibbiceps","H","Button (2018) - Remotely operated vehicle exploring ichthyofauna association with habitat from shore-shelf, in an endemism hotspot in South Africa.pdf","East","Low",0,,"not_applicable","not_applicable","non-kelp","unspecified","not_applicable","no","ROV census off the Kei River mouth (East of the kelp limit) recorded red stumpnose / Miss Lucy (Chrysoblephus gibbiceps) in 14% of 58 grid cells on non-kelp shelf reef habitat. Documented occupancy of non-kelp habitat gives a level-0 observed_alternative on the habitat route; kelp absent and unasses",,"agent:opus:rfbf-v7.1"
20,"Red stumpnose","Chrysoblephus gibbiceps","H","Button et al. (2021) - mesophotic fish and associated habitats across the continental shelf of the Amathole region.pdf","East","Medium",0,,"not_applicable","not_applicable","non-kelp","unspecified","not_applicable","no","The source observes Chrysoblephus gibbiceps on ROV transect video on the Amathole mesophotic shelf (Results p. 3; Figure 2b verified on the rendered page, showing the fish immediately above encrusted rock and rubble with no kelp in frame) and reports that it characterises one of three unique shelf-e",,"agent:opus:rfbf-v7.1"
20,"Red stumpnose","Chrysoblephus gibbiceps","H","Coetzee and Baird (1981) - Catch composition and catch per unit effort of anglers' catches off St Croix Island.pdf","East","Low",0,,"not_applicable","not_applicable","non-kelp","unspecified","not_applicable","no","Red stumpnose, in the St Croix Island angler catch at a non-kelp East-region rocky reef → level-0 observed_alternative on the habitat route. Table row name confirmed by PDF visual (text companion OCR garbled).",,"agent:opus:rfbf-v7.1"
20,"Red stumpnose","Chrysoblephus gibbiceps","H","Cottrant (2024) - Assessing conservation measures for five southern African endemic shark species.pdf","West","Low",0,,"not_applicable","not_applicable","non-kelp","unspecified","not_applicable","no","Recorded on baited remote underwater video in Walker Bay across a kelp/reef/sand survey (Table 2, Red stumpnose). Presence documented but substrate not resolved. Coded Level-0 observed-alternative.",,"agent:opus:rfbf-v7.1"
20,"Red stumpnose","Chrysoblephus gibbiceps","H","Currie (2017) - Historical baselines and a century of change in the demersal fish assemblages on South Africa's Agulhas Bank.pdf","East","Medium",0,,"not_applicable","not_applicable","non-kelp","unspecified","not_applicable","no","Red stumpnose caught in demersal trawls on the offshore Agulhas Bank grounds (Table 8, historical median 0.05, absent in re-surveys). Documents occupancy of a non-kelp continental-shelf habitat = level-0 observed_alternative (habitat route). No diet data; trophic route unassessed.",,"agent:opus:rfbf-v7.1"
20,"Red stumpnose","Chrysoblephus gibbiceps","H","De Vos et al. (2014) - Optimal BRUVs survey design for reef fish monitoring in the Stilbaai Marine Protected Area.pdf","East","High",0,,"not_applicable","not_applicable","non-kelp","unspecified","not_applicable","no","Recorded at 15 of 29 BRUVs sites on non-kelp sandstone reef at Stilbaai, east of the kelp limit. No kelp present or measured; a level-0 observed_alternative on the habitat route. Feeding guild is secondary; trophic route unassessed.",,"agent:opus:rfbf-v7.1"
20,"Red stumpnose","Chrysoblephus gibbiceps","H","Dyer (2018) - The role of ecological processes in structuring reef fish communities in the Agulhas ecoregion South Africa.pdf","East","High",0,,"not_applicable","not_applicable","non-kelp","unspecified","not_applicable","no","Recorded on rocky reef via stereo-BRUVs at all four reefs in the Agulhas Ecoregion, east of the eastern kelp limit. Occupancy of non-kelp rocky-reef habitat; no kelp action observed and diet not examined. Level-0 observed_alternative on the habitat route.",,"agent:opus:rfbf-v7.1"
20,"Red stumpnose","Chrysoblephus gibbiceps","H","Faure Beaulieu (2021) - Dedicated dads, a study on the nesting behaviour of Spondyliosoma emarginatum.pdf","West","Low",0,,"not_applicable","not_applicable","non-kelp","unspecified","not_applicable","no","Red stumpnose (C. gibbiceps) was recorded at the granite-reef nesting site on two days, a documented occurrence in a non-kelp rocky-reef habitat. Level-0 observed_alternative on the habitat route. Specificity Low (infrequent sighting).",,"agent:opus:rfbf-v7.1"
20,"Red stumpnose","Chrysoblephus gibbiceps","H","Fennessy et al. (2003) - An assessment of the recreational and commercial skiboat fishery in the Transkei.pdf","East","Low",0,,"not_applicable","not_applicable","non-kelp","unspecified","not_applicable","no","Red stumpnose was retained in the Transkei reef fishery in both regions, east of the kelp limit; no kelp mentioned. Documented non-kelp reef occurrence. Level-0 observed_alternative, habitat route; trophic route unassessed.",,"agent:opus:rfbf-v7.1"
20,"Red stumpnose","Chrysoblephus gibbiceps","H","Gonzalez (2024) - Baited remote underwater video surveys report, Stilbaai Marine Protected Area (2013-2016).pdf","East","Medium",0,,"not_applicable","not_applicable","non-kelp","unspecified","not_applicable","no","Chrysoblephus gibbiceps was recorded by baited remote underwater video in the Stilbaai MPA (Table 3; present in 2013, 2014, 2015, 2016 per Table 4). Stilbaai lies on the warm-temperate south coast east of Cape Agulhas/De Hoop, beyond the eastern range limit of Ecklonia maxima, and the report explici",,"agent:opus:rfbf-v7.1"
20,"Red stumpnose","Chrysoblephus gibbiceps","H","Gotz et al. (2009) - Effects of fishing on a temperate reef community in South Africa 1, ichthyofauna.pdf","East","Medium",0,,"not_applicable","not_applicable","non-kelp","unspecified","not_applicable","no","Red stumpnose was recorded by angling and UVC at Goukamma rocky-reef sites in the East region, occupying non-kelp rocky reef without kelp measured or mentioned: Level 0 observed alternative on the habitat route.",,"agent:opus:rfbf-v7.1"
20,"Red stumpnose","Chrysoblephus gibbiceps","H","Götz et al. (2009) - fishing on a temperate reef community in South Africa 1- ichthyofauna.pdf","East","Medium",0,,"not_applicable","not_applicable","non-kelp","unspecified","not_applicable","no","Chrysoblephus gibbiceps was recorded on warm-temperate rocky reef at the Goukamma MPA study area (south-east coast, near Knysna), which lies east of the Cape Agulhas kelp limit and outside the Ecklonia maxima range. The survey (standardised angling and/or UVC over rocky substrate) documents the spec",,"agent:opus:rfbf-v7.1"
20,"Red stumpnose","Chrysoblephus gibbiceps","H","Götz et al. (2014) - An exploratory investigation of the fish communities associated with reefs on the central Agulhas Bank, South Africa.pdf","East","Medium",0,,"not_applicable","not_applicable","non-kelp","unspecified","not_applicable","no","Caught over non-kelp hard-substrate reef on the central Agulhas Bank (East, beyond the eastern kelp limit; Table 2). Level-0 observed_alternative on the habitat route. Kelp not present/measured; baited-gear capture is not diet evidence, so no trophic record.",,"agent:opus:rfbf-v7.1"
20,"Red stumpnose","Chrysoblephus gibbiceps","H","Griffiths (2000) - Long-term trends in catch and effort of commercial linefish off South Africa's Cape Province.pdf","West","Medium",0,,"not_applicable","not_applicable","non-kelp","unspecified","not_applicable","no","Commercial catch documents red stumpnose in the South-Western Cape (West/kelp coast), a resident reef sparid (Chrysoblephus, high site fidelity). Non-kelp habitat occurrence; kelp not measured or mentioned. Level-0 observed_alternative, habitat route.",,"agent:opus:rfbf-v7.1"
20,"Red stumpnose","Chrysoblephus gibbiceps","H","Griffiths & Wilke (2002)-Long term movement patterns of five temperate reef fishes.pdf","East","Medium",0,,"not_applicable","not_applicable","non-kelp","adult","not_applicable","no","C. gibbiceps is documented as an adult reef resident on inshore rocky reefs (10-40 m) of the central Agulhas Bank, east of the kelp limit. Catch study with habitat context on non-kelp habitat, no kelp mentioned; level-0 observed_alternative on the habitat route. Diet is cited only, so the trophic ro",,"agent:opus:rfbf-v7.1"
20,"Red stumpnose","Chrysoblephus gibbiceps","H","Hecht and Tilney (1989) - The Port Alfred fishery.pdf","East","Medium",0,,"not_applicable","not_applicable","non-kelp","adult","not_applicable","no","Red stumpnose is a reef sparid caught in the east-coast Port Alfred fishery with catch share and recruitment lengths; observed in a non-kelp reef habitat with no kelp link, giving a level-0 observed_alternative habitat record.",,"agent:opus:rfbf-v7.1"
20,"Red stumpnose","Chrysoblephus gibbiceps","H","Heyns-Veale et al. (2019) - Community-wide effects of protection reveal insights into marine protected area effectiveness for reef fish.pdf","West","Medium",0,,"not_applicable","not_applicable","non-kelp","unspecified","not_applicable","no","Red stumpnose recorded on non-kelp reef/sand via stereo-BRUVs at De Hoop only; kelp not measured or mentioned. Level-0 observed_alternative on the habitat route. Trophic route unassessed. De Hoop sits at the eastern Ecklonia maxima range limit, coded 'West' (kelp-coast edge).",,"agent:opus:rfbf-v7.1"
20,"Red stumpnose","Chrysoblephus gibbiceps","H","Heyns‑Veale et al. (2016) - Depth and habitat determine assemblage structure of South Africa’s warm‑temperate reef fish.pdf","East","Medium",0,,"not_applicable","not_applicable","non-kelp","adult","not_applicable","no","A baited stereo-video survey recorded Chrysoblephus gibbiceps in the Tsitsikamma National Park MPA, east of the eastern limit of Ecklonia maxima, restricted to the deep reef site (habitats C and D, 45-75 m), which are aphotic, dominated by bryozoans and sponges, contain no algae among the dominant t",,"agent:opus:rfbf-v7.1"
20,"Red stumpnose","Chrysoblephus gibbiceps","H","Lechanteur (1999) - The ecology and management of false bay reef fish.pdf","West","High",0,,"not_applicable","not_applicable","non-kelp","unspecified","not_applicable","no","The census recorded red stumpnose essentially only in the deep (>16-25 m) filter/deposit-feeder strata that lie beyond the Ecklonia/Laminaria kelp zone, characterising it as a deeper-water reef species; a single trace value in the >12-16 m Laminaria-present stratum in warm water does not amount to m",,"agent:opus:rfbf-v7.1"
20,"Red stumpnose","Chrysoblephus gibbiceps","H","Lechanteur and Griffiths (2002) - Composition and seasonal variability of the suprabenthic reef-fish assemblage in False Bay.pdf","West","Low",1,,"not_applicable","not_applicable","not_applicable","both","not_applicable","no","Recorded only in the deeper strata, with a trace (<0.1) at the >12-16 m stratum where Laminaria pallida is present, giving marginal co-occurrence with kelp (level 1). The species is predominantly a deep, kelp-free reef occupant and adults move in and out of the Bay seasonally, so no functional kelp ",,"agent:opus:rfbf-v7.1"
20,"Red stumpnose","Chrysoblephus gibbiceps","H","Osgood et al. (2020) - Chondrichthyans as an umbrella species-complex for conserving South African biodiversity.pdf","West","Low",0,,"not_applicable","not_applicable","non-kelp","unspecified","not_applicable","no","Red stumpnose is observed on BRUV in the kelp region; the RDA (Fig 6) places it in the reef-associated (non-kelp) part of the ordination and it is one of the reef species co-occurring with catsharks. Level-0 observed_alternative on the habitat route. No individual textual habitat statement, hence Lo",,"agent:opus:rfbf-v7.1"
20,"Red stumpnose","Chrysoblephus gibbiceps","H","Penrith (1972) - THE BEHAVIOUR OF REEF-DWELLING SPARID FISHES.pdf","West","Medium",0,,"not_applicable","not_applicable","non-kelp","unspecified","not_applicable","no","In-scope species observed by diving to occupy rugged and smooth rocky reefs in False Bay (West), though not as a permanent reef inhabitant. The documented habitat is non-kelp rocky reef; kelp is neither measured nor mentioned. Level-0 observed_alternative on the habitat route.",,"agent:opus:rfbf-v7.1"
20,"Red stumpnose","Chrysoblephus gibbiceps","H","Pradervand and Hiseman (2006) - An analysis of the recreational shore fishery in the Goukamma Marine Protected Area.pdf","East","Medium",0,,"not_applicable","not_applicable","non-kelp","unspecified","not_applicable","no","Table 1 records 1 red stumpnose (Chrysoblephus gibbiceps) in the Goukamma MPA shore fishery, east of the eastern kelp limit, in non-kelp reef/rocky coastal habitat. Occurrence only (single specimen), no diet or kelp-structure use, no measured availability. Level-0 observed-alternative habitat record",,"agent:opus:rfbf-v7.1"
20,"Red stumpnose","Chrysoblephus gibbiceps","H","Roberson et al. (2015) - First survey of fishes in Betty's bay along South Africa s temperate south west coast.pdf","West","Low",0,,"not_applicable","not_applicable","non-kelp","unspecified","not_applicable","no","C. gibbiceps was recorded at 7 of 58 sites without resolution to kelp habitat. Observed occupancy of the surveyed inshore habitat (Level 0 observed alternative); kelp co-occurrence not established.",,"agent:opus:rfbf-v7.1"
20,"Red stumpnose","Chrysoblephus gibbiceps","H","Scott (1949) - Otter-trawl fisheries of South Africa.pdf","Both","Low",0,,"not_applicable","not_applicable","non-kelp","unspecified","not_applicable","no","Red stumpnose is documented as an occasional component of the deep 'reds, pangas, gurnards' trawl grounds (Agulhas Bank / Cape Hangklip, to 60 fathoms), non-kelp mud bottoms, and among warmer south/east-coast species. Level-0 observed_alternative habitat record; low specificity given the passing men",,"agent:opus:rfbf-v7.1"
20,"Red stumpnose","Chrysoblephus gibbiceps","H","Smale and Buxton (1985) - recreational ski-boat fishery off the Eastern Cape.pdf","East","Medium",0,,"not_applicable","not_applicable","non-kelp","unspecified","not_applicable","no","Red stumpnose, a reef sparid, is caught (quantified) in the Algoa Bay fishery, east of the kelp limit; documents occurrence in non-kelp reef habitat, a level-0 observed alternative. No diet data; trophic route unassessed.",,"agent:opus:rfbf-v7.1"
20,"Red stumpnose","Chrysoblephus gibbiceps","H","Smale et al. (1993) - Analysis of the demersal community of fish and cephalopods on the Agulhas Bank, South Africa.pdf","East","Low",0,,"not_applicable","not_applicable","non-kelp","unspecified","not_applicable","no","Red stumpnose taken in Agulhas Bank demersal trawls (Appendix 1); occurrence in non-kelp shelf/reef habitat east of the kelp limit. Level-0 observed_alternative on the habitat route.",,"agent:opus:rfbf-v7.1"
20,"Red stumpnose","Chrysoblephus gibbiceps","H","Smale et al. (2001) - Behavioural interactions of predators and spawning chokka squid off South Africa.pdf","East","Low",0,,"not_applicable","not_applicable","non-kelp","unspecified","not_applicable","no","Chrysoblephus gibbiceps recorded present near squid egg beds, swimming close to the bottom on Eastern Cape reef grounds; a passing but codeable non-kelp habitat occupancy (level-0 observed_alternative, habitat route). The generic diet statement is not treated as a site observation, so no trophic rec",,"agent:opus:rfbf-v7.1"
20,"Red stumpnose","Chrysoblephus gibbiceps","H","Steyn et al. (2021) - Changes in food-web structure and energy flow in kelp forest ecosystems following the invasion of Jasus lalandii.pdf","West","Low",1,,"not_applicable","not_applicable","not_applicable","unspecified","within","no","Red Stumpnose is named among reef fish found in south-west-coast kelp forests and included as a functional group in the Betty's Bay kelp forest model (level-1 co-occurrence, habitat route). Diet claim (feeds on rock lobster, Nepgen 1982) is a secondary/citation lead not linked to kelp; trophic route",,"agent:opus:rfbf-v7.1"
20,"Red stumpnose","Chrysoblephus gibbiceps","H","Steyn et al. (2021) - Changes in foodweb structure and energy flow in kelp ecosystems on the southwest coast of South Africa following invasion of Jasus lalandii.pdf","West","Medium",1,,"not_applicable","not_applicable","non-kelp","unspecified","within","no","Red Stumpnose is listed among reef fish found in south-west-coast kelp forests and is a named model group, establishing habitat co-occurrence with kelp (level 1). No kelp-structure use is documented.",,"agent:opus:rfbf-v7.1"
20,"Red stumpnose","Chrysoblephus gibbiceps","H","Van Zyl (2013) - Life History Study of Red Stumpnose.pdf","Both","Medium",0,,"not_applicable","not_applicable","non-kelp","adult","not_applicable","no","The source documents the in-scope species Chrysoblephus gibbiceps as a reef-dwelling fish occupying offshore/rocky reefs. Its own occurrence data (Fig 1.1 NMLS catch map; regional CPUE) and field sampling place the species on reefs across the south-western Cape (incl. False Bay), southern Cape and s",,"agent:opus:rfbf-v7.1"
20,"Red stumpnose","Chrysoblephus gibbiceps","H","Winker et al. (2013).pdf","Both","Low",0,,"not_applicable","not_applicable","non-kelp","adult","not_applicable","no","Red stumpnose is documented as a catch component in the SW and SE regions (Tables 1 and 2), establishing occurrence in the non-kelp commercial fishery. Level 0 observed_alternative on the habitat route; trophic route unassessed.",,"agent:opus:rfbf-v7.1"
20,"Red stumpnose","Chrysoblephus gibbiceps","T","Attwood et al. (2019) - Life history, distribution and seasonal movements of Chrysoblephus gibbiceps.pdf","East","High",0,,"non_kelp","outside","not_applicable","both","not_applicable","no","Chrysoblephus gibbiceps is in scope (model_scope = true) and is the study species, so identity is certain. The trophic route is genuinely assessed: the source presents its own quantitative diet study of hook-and-line fish sampled monthly off Struisbaai between September 2010 and August 2012, with pr",,"agent:opus:rfbf-v7.1"
20,"Red stumpnose","Chrysoblephus gibbiceps","T","Burger (1990) - The distribution patterns and community structure of the Tsitsikamma rocky littoral ichthyofauna.pdf","East","High",0,,"non_kelp","not_applicable","not_applicable","adult","not_applicable","no","East-region diet record beyond the kelp coast. Burger's own stomach-content analysis of Chrysoblephus gibbiceps (gastropods, crabs, sipunculids, urchins, polychaetes) shows consumption of non-kelp reef prey; no kelp or kelp-food-web link is identified. Level-0 observed_alternative on the trophic rou",,"agent:opus:rfbf-v7.1"
20,"Red stumpnose","Chrysoblephus gibbiceps","T","Penrith (1972) - THE BEHAVIOUR OF REEF-DWELLING SPARID FISHES.pdf","West","Medium",0,,"non_kelp","not_applicable","not_applicable","unspecified","not_applicable","no","In-scope species observed feeding in False Bay (West): it takes small black mussels and roots at the bases of algae for polychaetes (Eunice). The prey is non-kelp animal food and the algae are generic (not kelp); the source makes no kelp food-web link. Documented non-kelp diet: level-0 observed_alte",,"agent:opus:rfbf-v7.1"
20,"Red stumpnose","Chrysoblephus gibbiceps","T","Van Zyl (2013) - Life History Study of Red Stumpnose.pdf","East","High",0,,"non_kelp","not_applicable","not_applicable","both","not_applicable","no","Primary MSc dissertation with an original stomach-content study of the in-scope species Chrysoblephus gibbiceps (228 stomachs, Struisbaai, 2010-2012). The diet is a reef-associated benthic-carnivore diet dominated by ophiuroids, gastropods and polychaetes, with algae and fish explicitly absent (Tabl",,"agent:opus:rfbf-v7.1"
21,"Santer","Cheimerius nufar","H","Attwood et al. (2011) - Bycatch in South Africa's inshore trawl fishery as determined from observer records.pdf","East","Medium",0,,"not_applicable","not_applicable","non-kelp","unspecified","not_applicable","no","Caught as trace bycatch on the deep Agulhas Bank grounds, east of and below the kelp zone. Non-kelp habitat occurrence = level-0 observed_alternative (habitat). Diet not examined; trophic route unassessed.",,"agent:opus:rfbf-v7.1"
21,"Santer","Cheimerius nufar","H","Attwood et al. (2011) - Bycatch in South Africa’s inshore trawl fishery.pdf","East","Medium",0,,"not_applicable","not_applicable","non-kelp","unspecified","not_applicable","no","C. nufar was caught at 1.2 t per year (0.01%) on the inshore trawl grounds at 80-110 m east of the kelp limit, documenting occupancy of non-kelp soft-bottom habitat. Kelp and diet are never mentioned, so the trophic route is unassessed. Level 0 observed alternative; levels 1-5 unsupported for want o",,"agent:opus:rfbf-v7.1"
21,"Santer","Cheimerius nufar","H","Attwood et al. (2013) - the Proceedings of the 4th Linefish symposium.pdf","East","Low",0,,"not_applicable","not_applicable","non-kelp","unspecified","not_applicable","no","Cheimerius nufar recorded on rocky reef (5-41 m) by BRUV in the Stilbaai MPA (East); kelp is never mentioned, a level-0 habitat observed alternative (non-kelp reef).",,"agent:opus:rfbf-v7.1"
21,"Santer","Cheimerius nufar","H","Beckley and Buxton (1989) - UNDERWATER OBSERVATIONS OF REEF FISH IN AND AROUND ALGOA BAY, SOUTH AFRICA.pdf","East","High",0,,"not_applicable","not_applicable","non-kelp","both","not_applicable","no","Soldier/santer observed frequently (89% at Philip's Reef, category A), adults and juveniles, on Algoa Bay non-kelp rocky reef East of the kelp range. Level-0 observed_alternative on the habitat route.",,"agent:opus:rfbf-v7.1"
21,"Santer","Cheimerius nufar","H","Brouwer and Buxton (2002) - Catch and effort of the shore and skiboat linefisheries along the South African Eastern Cape coast.pdf","East","Low",0,,"not_applicable","not_applicable","non-kelp","unspecified","not_applicable","no","Soldier/santer recorded across all three Eastern Cape sectors, east of the kelp limit: level-0 observed_alternative, habitat route.",,"agent:opus:rfbf-v7.1"
21,"Santer","Cheimerius nufar","H","Burger (1990) - The distribution patterns and community structure of the Tsitsikamma rocky littoral ichthyofauna.pdf","East","Medium",0,,"not_applicable","not_applicable","non-kelp","unspecified","not_applicable","no","East-region record beyond the kelp coast. Cheimerius nufar was recorded on non-kelp deep reef (single individual) at Tsitsikamma, where no kelp forest occurs. Documented occurrence in a non-kelp habitat: level-0 observed_alternative on the habitat route. No kelp available, so no higher rung applies.",,"agent:opus:rfbf-v7.1"
21,"Santer","Cheimerius nufar","H","Button (2018) - Remotely operated vehicle exploring ichthyofauna association with habitat from shore-shelf, in an endemism hotspot in South Africa.pdf","East","Low",0,,"not_applicable","not_applicable","non-kelp","unspecified","not_applicable","no","ROV census off the Kei River mouth (East of the kelp limit) recorded santer (Cheimerius nufar) in 3% of 58 grid cells on non-kelp shelf reef habitat. Documented occupancy of non-kelp habitat gives a level-0 observed_alternative on the habitat route; kelp absent and unassessed. No trophic data, so th",,"agent:opus:rfbf-v7.1"
21,"Santer","Cheimerius nufar","H","Buxton et al. (1984) - Inshore small mesh trawling survey of the Cape south coast. Part 4. Contributions to the biology of some teleostei and Chondrichthyes.pdf","East","Medium",0,,"not_applicable","not_applicable","non-kelp","juvenile","not_applicable","no","Juvenile C. nufar were trawled on/near reefs and soft substrates on the south coast outside the kelp range. Non-kelp habitat observation; level-0 observed_alternative, East.",,"agent:opus:rfbf-v7.1"
21,"Santer","Cheimerius nufar","H","Clarke (1988) - Biological aspects of Sparodon durbanensis and Pachymetopon grande.pdf","East","Low",0,,"not_applicable","not_applicable","non-kelp","unspecified","not_applicable","no","Cheimerius nufar (soldier/santer, n=4) is landed in the study's Port Elizabeth inshore rock-angling catch survey, an Eastern Cape rocky-reef fishery east of the kelp limit. Documented occurrence in non-kelp habitat; kelp never mentioned. Level-0 observed_alternative on the habitat route.",,"agent:opus:rfbf-v7.1"
21,"Santer","Cheimerius nufar","H","Coetzee (1980) - Cheimerius nufar.pdf","East","Low",0,,"not_applicable","not_applicable","non-kelp","both","not_applicable","no","Coetzee (1980) is a morphological description of the sagitta of Cheimerius nufar (in scope) based on 446 otoliths from fish 20-75 cm TL caught in Algoa Bay, Port Elizabeth. Algoa Bay lies east of the eastern kelp limit, so the note documents occurrence of an in-scope species in a non-kelp region — a",,"agent:opus:rfbf-v7.1"
21,"Santer","Cheimerius nufar","H","Coetzee and Baird (1981) - Age, growth, and food of Cheimerius nufar.pdf","East","Low",0,,"not_applicable","not_applicable","non-kelp","both","not_applicable","no","The study documents that Cheimerius nufar occurs regularly and abundantly in the waters off St Croix Island, Algoa Bay — an eastern-Cape locality east of the kelp limit where Ecklonia maxima does not occur. This is a documented observation of the species occupying a non-kelp habitat at the sampled p",,"agent:opus:rfbf-v7.1"
21,"Santer","Cheimerius nufar","H","Coetzee and Baird (1981) - Catch composition and catch per unit effort of anglers' catches off St Croix Island.pdf","East","Medium",0,,"not_applicable","not_applicable","non-kelp","unspecified","not_applicable","no","Soldier/santer, second most important species in the St Croix Island angler catch at a non-kelp East-region rocky reef → level-0 observed_alternative on the habitat route.",,"agent:opus:rfbf-v7.1"
21,"Santer","Cheimerius nufar","H","Coetzee and Baird (1983) - Cheimerius nufar.pdf","East","Low",0,,"not_applicable","not_applicable","non-kelp","both","not_applicable","no","The study documents Cheimerius nufar occurring in numbers off St Croix Island, Algoa Bay, an east-coast locality beyond the eastern kelp limit where Ecklonia maxima does not grow. This is a documented occurrence of an in-scope species in a non-kelp setting at a defined place and time, coded as a lev",,"agent:opus:rfbf-v7.1"
21,"Santer","Cheimerius nufar","H","Connell et al. (1999) - Eggs and larvae of Cheimerius nufar.pdf","East","Medium",0,,"not_applicable","not_applicable","non-kelp","unspecified","not_applicable","no","Connell et al. (1999) is an early-life-history description of Cheimerius nufar eggs and larvae from KwaZulu-Natal (the East region, well beyond the eastern kelp limit near Cape Agulhas/De Hoop). Kelp is neither measured nor mentioned anywhere. The species is directly observed occupying non-kelp habi",,"agent:opus:rfbf-v7.1"
21,"Santer","Cheimerius nufar","H","Dalton et al. (2021) - Demersal fish communities in KwaZulu Natal South Africa indicate partial congruence with proposed conservation biozones.pdf","East","High",0,,"not_applicable","not_applicable","non-kelp","unspecified","not_applicable","no","Cheimerius nufar was the second most abundant taxon on the KZN east-coast shelf, present at 148 of 200 BRUV sites and observed over all three non-kelp substrates (reef, mixed reef, sand), with foraging noted over sand. The study area holds no kelp and lies beyond the eastern kelp limit. This documen",,"agent:opus:rfbf-v7.1"
21,"Santer","Cheimerius nufar","H","De Vos et al. (2014) - Optimal BRUVs survey design for reef fish monitoring in the Stilbaai Marine Protected Area.pdf","East","High",0,,"not_applicable","not_applicable","non-kelp","unspecified","not_applicable","no","Recorded at 28 of 29 BRUVs sites on non-kelp sandstone reef at Stilbaai, east of the kelp limit; SIMPER shows it abundant in deep water. No kelp present or measured; a level-0 observed_alternative on the habitat route. Feeding guild is secondary; trophic route unassessed.",,"agent:opus:rfbf-v7.1"
21,"Santer","Cheimerius nufar","H","Dicken (2010) - The ichthyofauna in the Port of Ngqura, South Africa.pdf","East","Medium",0,,"not_applicable","not_applicable","non-kelp","juvenile","not_applicable","no","Santer (mostly juvenile) caught across all non-kelp port habitats in Algoa Bay east of the kelp limit; explicitly listed as one of the juvenile linefish recruiting to the port. Level-0 observed_alternative on the habitat route.",,"agent:opus:rfbf-v7.1"
21,"Santer","Cheimerius nufar","H","Dicken et al. (2012) - Long-term catch and effort trends in Eastern Cape Angling Week competitions.pdf","East","Low",0,,"not_applicable","not_applicable","non-kelp","both","not_applicable","no","Eastern Cape shore fishery east of the kelp limit; Table 1 records Cheimerius nufar caught in non-kelp habitat (6 fish). Level-0 observed_alternative on the habitat route. Trophic route unassessed (no diet data).",,"agent:opus:rfbf-v7.1"
21,"Santer","Cheimerius nufar","H","Dunlop & Mann (2013)-An assessment of participation catch and effort in the offshore boat based line fishery in KZN.pdf","East","Medium",0,,"not_applicable","not_applicable","non-kelp","unspecified","not_applicable","no","KZN offshore linefishery catch survey, entirely East of the eastern kelp limit; kelp is neither measured nor mentioned. Cheimerius nufar (santer), a demersal reef sparid, is the second most abundant commercial-caught species (36 045 retained, 22.4% by number), documenting the species occupying non-k",,"agent:opus:rfbf-v7.1"
21,"Santer","Cheimerius nufar","H","Dyer (2018) - The role of ecological processes in structuring reef fish communities in the Agulhas ecoregion South Africa.pdf","East","High",0,,"not_applicable","not_applicable","non-kelp","unspecified","not_applicable","no","Recorded on rocky reef via stereo-BRUVs at all four reefs in the Agulhas Ecoregion, east of the eastern kelp limit. Occupancy of non-kelp rocky-reef habitat; no kelp action observed and diet not examined. Level-0 observed_alternative on the habitat route.",,"agent:opus:rfbf-v7.1"
21,"Santer","Cheimerius nufar","H","Fennessy et al. (2003) - An assessment of the recreational and commercial skiboat fishery in the Transkei.pdf","East","Medium",0,,"not_applicable","not_applicable","non-kelp","unspecified","not_applicable","no","Santer was retained across the northern and southern Transkei reef fishery. East of the kelp limit with no kelp mentioned; documented occurrence in non-kelp reef habitat. Level-0 observed_alternative, habitat route; trophic route unassessed.",,"agent:opus:rfbf-v7.1"
21,"Santer","Cheimerius nufar","H","Garratt (1993) - Comparative aspects of the reproductive biology of seabreams (Pisces, Sparidae).pdf","East","Medium",0,,"not_applicable","not_applicable","non-kelp","both","not_applicable","no","Cheimerius nufar (in scope) is one of the thesis's own study species, collected and observed along the KwaZulu-Natal (East) coast: adults on offshore reefs (50-100 m, to 200 m) and juveniles on shallow inshore reefs (3-33 m) near Durban. This is a documented observation of an in-scope species occupy",,"agent:opus:rfbf-v7.1"
21,"Santer","Cheimerius nufar","H","Gonzalez (2024) - Baited remote underwater video surveys report, Stilbaai Marine Protected Area (2013-2016).pdf","East","Medium",0,,"not_applicable","not_applicable","non-kelp","unspecified","not_applicable","no","Cheimerius nufar was recorded by baited remote underwater video in the Stilbaai MPA (Table 3; present in 2013, 2014, 2015, 2016 per Table 4). Stilbaai lies on the warm-temperate south coast east of Cape Agulhas/De Hoop, beyond the eastern range limit of Ecklonia maxima, and the report explicitly sta",,"agent:opus:rfbf-v7.1"
21,"Santer","Cheimerius nufar","H","Götz et al. (2007) - Comparison of the effects of different linefishing methods on catch composition and capture mortality of South African temperate reef fish.pdf","East","Medium",0,,"not_applicable","not_applicable","non-kelp","unspecified","not_applicable","no","Santer (Cheimerius nufar) was caught on the Goukamma subtidal rocky reef (Table 1, n=83; named in the text on p.180), an East-region locality east of the kelp limit with no Ecklonia maxima present or mentioned. This documents occupancy of a non-kelp rocky-reef habitat: level-0 observed_alternative o",,"agent:opus:rfbf-v7.1"
21,"Santer","Cheimerius nufar","H","Götz et al. (2008) - Selected fishery and population parameters of eight shore-angling species in the Tsitsikamma National Park no-take marine reserve.pdf","East","High",0,,"not_applicable","not_applicable","non-kelp","unspecified","not_applicable","no","Santer (soldier) caught in the TNP shore-angling survey (Table 1, n=212) at a non-kelp rocky-reef site on the Eastern Cape coast. Occurrence documented; no diet data and no kelp structural action. Level-0 observed_alternative on the habitat route. Trophic route unassessed.",,"agent:opus:rfbf-v7.1"
21,"Santer","Cheimerius nufar","H","Gotz et al. (2009) - Effects of fishing on a temperate reef community in South Africa 1, ichthyofauna.pdf","East","High",0,,"not_applicable","not_applicable","non-kelp","unspecified","not_applicable","no","Santer was recorded by angling and UVC at Goukamma rocky-reef sites in the East region, occupying non-kelp rocky reef without kelp measured or mentioned: Level 0 observed alternative on the habitat route.",,"agent:opus:rfbf-v7.1"
21,"Santer","Cheimerius nufar","H","Götz et al. (2009) - fishing on a temperate reef community in South Africa 1- ichthyofauna.pdf","East","Medium",0,,"not_applicable","not_applicable","non-kelp","unspecified","not_applicable","no","Cheimerius nufar was recorded on warm-temperate rocky reef at the Goukamma MPA study area (south-east coast, near Knysna), which lies east of the Cape Agulhas kelp limit and outside the Ecklonia maxima range. The survey (standardised angling and/or UVC over rocky substrate) documents the species occ",,"agent:opus:rfbf-v7.1"
21,"Santer","Cheimerius nufar","H","Götz et al. (2014) - An exploratory investigation of the fish communities associated with reefs on the central Agulhas Bank, South Africa.pdf","East","Medium",0,,"not_applicable","not_applicable","non-kelp","unspecified","not_applicable","no","Caught over non-kelp hard-substrate reef on the central Agulhas Bank (East, beyond the eastern kelp limit; Table 2). Level-0 observed_alternative on the habitat route. Kelp not present/measured; baited-gear capture is not diet evidence, so no trophic record.",,"agent:opus:rfbf-v7.1"
21,"Santer","Cheimerius nufar","H","Griffiths (2000) - Long-term trends in catch and effort of commercial linefish off South Africa's Cape Province.pdf","East","Medium",0,,"not_applicable","not_applicable","non-kelp","unspecified","not_applicable","no","Fishery-independent survey documents santer (Cheimerius nufar) on Southern Cape reef complexes (eastern kelp limit). Non-kelp reef habitat occurrence; kelp not measured or mentioned. Level-0 observed_alternative, habitat route, region East.",,"agent:opus:rfbf-v7.1"
21,"Santer","Cheimerius nufar","H","Griffiths & Wilke (2002)-Long term movement patterns of five temperate reef fishes.pdf","East","Medium",0,,"not_applicable","not_applicable","non-kelp","adult","not_applicable","no","Cheimerius nufar (santer) is documented as an adult reef resident on inshore rocky reefs (10-40 m) of the central Agulhas Bank, east of the kelp limit. Catch study with habitat context on non-kelp habitat; level-0 observed_alternative on the habitat route. Diet is cited only, trophic route unassesse",,"agent:opus:rfbf-v7.1"
21,"Santer","Cheimerius nufar","H","Hanekom et al. (1997) - Shore-angling catches in the Tsitsikamma National Park, 1989-1995.pdf","East","High",0,,"not_applicable","not_applicable","non-kelp","unspecified","not_applicable","no","Santer a dominant species in scientific catches (13%) on the TNP non-kelp coast east of the kelp limit: level 0 observed_alternative, habitat route. Trophic route unassessed.",,"agent:opus:rfbf-v7.1"
21,"Santer","Cheimerius nufar","H","Hecht and Tilney (1989) - The Port Alfred fishery.pdf","East","Medium",0,,"not_applicable","not_applicable","non-kelp","adult","not_applicable","no","Santer (soldier) is a reef sparid caught in the east-coast Port Alfred fishery with catch share and recruitment lengths; observed in a non-kelp reef habitat with no kelp link, giving a level-0 observed_alternative habitat record.",,"agent:opus:rfbf-v7.1"
21,"Santer","Cheimerius nufar","H","Heyns-Veale et al. (2019) - Community-wide effects of protection reveal insights into marine protected area effectiveness for reef fish.pdf","East","Medium",0,,"not_applicable","not_applicable","non-kelp","unspecified","not_applicable","no","Soldier/santer recorded on non-kelp reef via stereo-BRUVs at Bird Island and Amathole (east of the kelp limit); kelp not measured or mentioned. Level-0 observed_alternative on the habitat route. Trophic route unassessed. Region 'East'.",,"agent:opus:rfbf-v7.1"
21,"Santer","Cheimerius nufar","H","Jairam (2005) - COMMERCIAL AND RECREATIONAL MARINE SKIBOAT LINEFISHERIES IN RICHARDS BAY.pdf","East","Medium",0,,"not_applicable","not_applicable","non-kelp","unspecified","not_applicable","no","Second most abundant commercial reef species off Richards Bay (8391 individuals; also 349 recreationally). A reef-dwelling sparid caught on offshore reefs of the KZN north-east coast, beyond the eastern kelp limit, so the record documents occupancy of a non-kelp reef habitat at the sampled place and",,"agent:opus:rfbf-v7.1"
21,"Santer","Cheimerius nufar","H","James et al (2012)-Temporal variability of temperate fish assemblahe in Africas oldest MPA.pdf","East","High",0,,"not_applicable","not_applicable","non-kelp","unspecified","not_applicable","no","Recorded in all years by shore-angling on the non-kelp East-region reef of TNP; occupancy of non-kelp habitat only. Level-0 observed_alternative on the habitat route; trophic route unassessed.",,"agent:opus:rfbf-v7.1"
21,"Santer","Cheimerius nufar","H","Kerwath et al. (2013) - effects of barotrauma on five species of South African line-caught fish.pdf","East","Low",0,,"not_applicable","not_applicable","non-kelp","unspecified","not_applicable","no","Santer C. nufar were line-caught on the western Agulhas Bank adjacent to De Hoop, at/beyond the eastern kelp limit. The study documents the species occupying non-kelp bank/reef habitat; kelp is not measured or mentioned. This supports a level-0 observed_alternative habitat record. No trophic observa",,"agent:opus:rfbf-v7.1"
21,"Santer","Cheimerius nufar","H","Lamberth et al. (1995) - The vulnerability of fish to capture by commercial beach-seine nets in False Bay, South Africa.pdf","West","Medium",0,,"not_applicable","not_applicable","non-kelp","unspecified","not_applicable","no","Santer caught in the Fish Hoek Beach sandy surf zone (West coast); documented occupancy of a non-kelp habitat. No kelp use, diet, availability, or counterfactual assessed, so level-0 observed_alternative on the habitat route.",,"agent:opus:rfbf-v7.1"
21,"Santer","Cheimerius nufar","H","Lamberth et al. (2009) - The effects of altered freshwater inflows on catch rates of non-estuarine-dependent fish in a multispecies nearshore linefishery.pdf","East","Medium",0,,"not_applicable","not_applicable","non-kelp","adult","not_applicable","no","Santer is an in-scope reef/shoaling sparid documented by the east-coast KZN linefishery as resident but nomadic on the Thukela Banks (Natal Bight shelf), with over half its KZN catch taken there. This records the species occupying a non-kelp east-coast shelf habitat far beyond the eastern kelp limit",,"agent:opus:rfbf-v7.1"
21,"Santer","Cheimerius nufar","H","Lasiak (1983) - Structural Aspects of the Surf-zone Fish Assemblage at King’s Beach, Algoa Bay, South Africa.pdf","East","Low",0,,"not_applicable","not_applicable","non-kelp","unspecified","not_applicable","no","Cheimerius nufar (soldier) was recorded (a single individual) in the sandy surf-zone catch at King's Beach, Algoa Bay (East coast, no kelp present or sampled), documenting occupancy of a non-kelp habitat. No kelp co-occurrence, structural use, or diet observation, so level-0 observed_alternative on ",,"agent:opus:rfbf-v7.1"
21,"Santer","Cheimerius nufar","H","Lasiak (1984).pdf","East","Medium",0,,"not_applicable","not_applicable","non-kelp","unspecified","not_applicable","no","Cheimerius nufar (soldier/santer) caught in the King's Beach sandy surf-zone (East). Non-kelp habitat occupancy = level-0 observed_alternative.",,"agent:opus:rfbf-v7.1"
21,"Santer","Cheimerius nufar","H","Lloyd et al. (2011) - Ocean warming alters species abundance patterns and increases species diversity in an African sub-tropical reef-fish community.pdf","East","Medium",0,,"not_applicable","not_applicable","non-kelp","unspecified","not_applicable","no","Cheimerius nufar (soldier/santer) is recorded in the KwaZulu-Natal offshore-reef spear-fishing catch (28.0–31.6°S; East region), with 42 individuals shot 1989–2007 (Appendix A). Documents a reef sparid occupying non-kelp subtropical reef habitat; kelp is not measured or mentioned. Level-0 observed-a",,"agent:opus:rfbf-v7.1"
21,"Santer","Cheimerius nufar","H","Maggs et al (2013)-Contribution of a large no take zone to the management of vulnerable reef fishes in the south western indian ocean.pdf","East","Medium",0,,"not_applicable","not_applicable","non-kelp","unspecified","not_applicable","no","Cheimerius nufar (soldier/santer) was caught in the Pondoland MPA survey on East-Coast reef at 10–30 m (77 individuals, Table A1), east of the kelp limit. Level-0 observed_alternative on the habitat route; trophic route unassessed. Region East.",,"agent:opus:rfbf-v7.1"
21,"Santer","Cheimerius nufar","H","Maggs et al. (2017) - Cheimerius nufar.pdf","East","Low",0,,"not_applicable","not_applicable","non-kelp","adult","not_applicable","no","This is a JABBA-Select stock assessment based on commercial catch-and-effort and standardized CPUE for santer over 1987-2015. The species is in model scope and is the primary subject, so it is not mere silence: the source documents the species occupying and being fished in southern-African coastal w",,"agent:opus:rfbf-v7.1"
21,"Santer","Cheimerius nufar","H","Mann (1992) - Biological aspects of two sparid fishes.pdf","East","Low",0,,"not_applicable","not_applicable","non-kelp","unspecified","not_applicable","no","Cheimerius nufar is an in-scope species (model_scope=true) captured by the author while shore angling along the Tsitsikamma coastline, on the south-eastern Cape coast east of the eastern kelp limit (E38). This is the author's own catch observation with habitat context, namely rocky shore and inshore",,"agent:opus:rfbf-v7.1"
21,"Santer","Cheimerius nufar","H","Mann et al. (2006) - Towards the declaration of a large marine protected area, a subtidal ichthyofaunal survey of the Pondoland coast in the Eastern Cape, South Africa.pdf","East","High",0,,"not_applicable","not_applicable","non-kelp","unspecified","not_applicable","no","Counted in the Pondoland UVC (Table 1: N=16, density 1.13 per 1 000 m2) on non-kelp reefs, Eastern Cape. Level-0 observed_alternative on the habitat route.",,"agent:opus:rfbf-v7.1"
21,"Santer","Cheimerius nufar","H","Mann et al. (2022) - Monitoring the effects of spatial protection on the reef fish communities of the Pondoland Marine Protected Area, Eastern Cape Province, South Africa.pdf","East","Medium",0,,"not_applicable","not_applicable","non-kelp","unspecified","not_applicable","no","In-scope santer/soldier (Cheimerius nufar) recorded on Pondoland reef (10–30 m, Eastern Cape east coast), east of the kelp range. Occupies non-kelp reef habitat; kelp neither measured nor mentioned. Level-0 observed_alternative on the habitat route; trophic route unassessed.",,"agent:opus:rfbf-v7.1"
21,"Santer","Cheimerius nufar","H","Nodo et al. (2023) - The nursery function of shallow nearshore and estuarine benthic habitats for demersal fishes.pdf","East","Low",0,,"not_applicable","not_applicable","non-kelp","juvenile","not_applicable","no","Soldier/santer recorded as a single YOY in the soft-bottom marine nearshore of Algoa Bay (East region). Non-kelp benthic habitat, kelp not measured or mentioned: level-0 observed_alternative on the habitat route.",,"agent:opus:rfbf-v7.1"
21,"Santer","Cheimerius nufar","H","Nodo et al. (2024) - Spatial patterns and environmental drivers of demersal fish assemblages in the Swartkops and Sundays estuarine to marine seascapes, South Africa.pdf","East","Low",0,,"not_applicable","not_applicable","non-kelp","unspecified","not_applicable","no","Cheimerius nufar recorded (single individual) in the Algoa Bay soft-bottom marine nearshore (East region); documents occupation of non-kelp sediment habitat. Habitat-route level-0 observed_alternative; low specificity (n=1). Trophic route unassessed (no diet).",,"agent:opus:rfbf-v7.1"
21,"Santer","Cheimerius nufar","H","Penney et al. (1999) - Long-term trends in catch and effort in the KwaZulu-Natal nearshore linefisheries.pdf","East","Medium",0,,"not_applicable","not_applicable","non-kelp","unspecified","not_applicable","no","Santer is documented as a shoaling sparid occurring on and caught from KwaZulu-Natal reefs (East region, no kelp). Occupation of a non-kelp reef habitat by an in-scope species is a level-0 observed_alternative on the habitat route.",,"agent:opus:rfbf-v7.1"
21,"Santer","Cheimerius nufar","H","Potts and Cowley (2010) - Validation and periodicity of otholiths of four temperate reef fish.pdf","East","Medium",0,,"not_applicable","not_applicable","non-kelp","adult","not_applicable","no","Primary mark-recapture of adult C. nufar in the Tsitsikamma National Park reef reserve (East region, beyond the eastern kelp limit) documents occurrence of an in-scope reef species in a non-kelp habitat at the sampled place and time: level-0 observed_alternative on the habitat route. No kelp is pres",,"agent:opus:rfbf-v7.1"
21,"Santer","Cheimerius nufar","H","Pradervand and Govender (2003) - Assessment of catches in shore angling competitions from the border region of the Eastern Cape, South Africa.pdf","East","Low",0,,"not_applicable","not_applicable","non-kelp","unspecified","not_applicable","no","Santer/soldier recorded once (n=1) in the Border surf-zone catch, Eastern Cape (East of kelp limit). Passing but codeable level-0 observed_alternative occurrence. No diet data; trophic route unassessed.",,"agent:opus:rfbf-v7.1"
21,"Santer","Cheimerius nufar","H","Pradervand and Hiseman (2006) - An analysis of the recreational shore fishery in the Goukamma Marine Protected Area.pdf","East","Medium",0,,"not_applicable","not_applicable","non-kelp","unspecified","not_applicable","no","Table 1 records 3 santer/soldier (Cheimerius nufar) in the Goukamma MPA shore fishery, east of the eastern kelp limit, in non-kelp reef coastal habitat. Occurrence only, no diet or kelp-structure use, no measured availability. Level-0 observed-alternative habitat record. Trophic route unassessed.",,"agent:opus:rfbf-v7.1"
21,"Santer","Cheimerius nufar","H","Pradervand and Van der Elst (2008) - charter-boat fishery in KwaZulu-Natal.pdf","East","Medium",0,,"not_applicable","not_applicable","non-kelp","both","not_applicable","no","Charter-boat catch inspections in KwaZulu-Natal (East region, beyond the eastern kelp limit; no Ecklonia maxima present or mentioned) recorded Cheimerius nufar as the third-most abundant species (14% by number, n = 418 measured), named among four reef (sparid) species that dominate the catch. This i",,"agent:opus:rfbf-v7.1"
21,"Santer","Cheimerius nufar","H","Pradervand et al. (2007) - Long-term trends in the competitive shore fishery along the KwaZulu-Natal coast, South Africa.pdf","East","Low",0,,"not_applicable","not_applicable","non-kelp","unspecified","not_applicable","yes","Santer recorded (n=3) in the East-coast non-kelp shore fishery. Documents an occurrence in a non-kelp inshore habitat, but the trace count makes it marginal. Level-0 observed_alternative, habitat route.",,"agent:opus:rfbf-v7.1"
21,"Santer","Cheimerius nufar","H","Smale (1983) - Resource partitioning by top predatory teleosts in the eastern cape coastal waters South Africa.pdf","East","Medium",0,,"not_applicable","not_applicable","non-kelp","both","not_applicable","no","Cheimerius nufar is documented as a top predatory teleost inhabiting eastern Cape coastal reefs, a non-kelp habitat east of the kelp range. Level-0 observed_alternative on the habitat route.",,"agent:opus:rfbf-v7.1"
21,"Santer","Cheimerius nufar","H","Smale (1986) - Feeding biology of four predatory reef fishes off the south-eastern Cape coast.pdf","East","Medium",0,,"not_applicable","not_applicable","non-kelp","both","not_applicable","no","In-water and catch observations document Cheimerius nufar occupying and foraging over rocky reefs and sandy gullies in the south-eastern Cape (East region, no kelp). This is a documented observation of an in-scope species using a non-kelp habitat, i.e. a level-0 observed_alternative on the habitat r",,"agent:opus:rfbf-v7.1"
21,"Santer","Cheimerius nufar","H","Smale (1987) - Food paritioning by coastal pedatory teleosts in South Africa.pdf","East","Medium",0,,"not_applicable","not_applicable","non-kelp","both","not_applicable","no","The source documents C. nufar occupying non-kelp habitat at the sampled place, time and life stage: the 10-20 cm group is classified among the reef predators on the basis of this paper's own classification, and all 240 specimens were taken inshore of Cape Recife, east of the eastern kelp limit. This",,"agent:opus:rfbf-v7.1"
21,"Santer","Cheimerius nufar","H","Smale (1992) - Predatory fish and their prey, an overview of trophic interactions in the fish communities of the west and south coasts of South Africa.pdf","East","Medium",0,,"not_applicable","not_applicable","non-kelp","both","not_applicable","no","Santer is placed among South Coast reef sparids (prose and Fig. 5), a non-kelp habitat. Level 0 observed_alternative on the habitat route. Secondary synthesis.",,"agent:opus:rfbf-v7.1"
21,"Santer","Cheimerius nufar","H","Smale and Buxton (1985) - recreational ski-boat fishery off the Eastern Cape.pdf","East","Medium",0,,"not_applicable","not_applicable","non-kelp","unspecified","not_applicable","no","Santer is a principal, quantified component of the Algoa Bay catch and is labelled a reef fish. The catch documents occupancy of non-kelp rocky-reef habitat east of the kelp limit, a level-0 observed alternative. The statement that santer is 'regularly found over reefs throughout the year' is attrib",,"agent:opus:rfbf-v7.1"
21,"Santer","Cheimerius nufar","H","Smale et al. (1993) - Analysis of the demersal community of fish and cephalopods on the Agulhas Bank, South Africa.pdf","East","Low",0,,"not_applicable","not_applicable","non-kelp","unspecified","not_applicable","no","Soldier/santer taken in Agulhas Bank demersal trawls (Appendix 1); occurrence in non-kelp shelf/reef habitat east of the kelp limit. Level-0 observed_alternative on the habitat route.",,"agent:opus:rfbf-v7.1"
21,"Santer","Cheimerius nufar","H","Sowman (1984) - An assessment of recreational carrying capacity at Infanta, South Cape.pdf","East","Medium",0,,"not_applicable","not_applicable","non-kelp","unspecified","not_applicable","no","Table 11 records 50 soldier/santer (70.0 kg). The species is documented occupying non-kelp East-coast marine habitat east of the kelp limit; no trophic or kelp-structural observation: level-0 observed_alternative on the habitat route. Trophic route unassessed.",,"agent:opus:rfbf-v7.1"
21,"Santer","Cheimerius nufar","H","Wallace et al. (1984) - Inshore small-mesh trawling survey of the Cape south coast. Part 1. Introduction, methods, stations and catches.pdf","East","Medium",0,,"not_applicable","not_applicable","non-kelp","unspecified","not_applicable","no","Soldier (santer) taken in the soft-bottom trawl survey east of the kelp coast; non-kelp habitat occurrence. Level 0 observed_alternative on the habitat route.",,"agent:opus:rfbf-v7.1"
21,"Santer","Cheimerius nufar","H","Winker et al. (2013).pdf","East","Low",0,,"not_applicable","not_applicable","non-kelp","adult","not_applicable","no","Santer (soldier) is documented caught in the SC/SE regions (Table 1) and characterised as a reef-associated species (non-kelp habitat). Level 0 observed_alternative on the habitat route; trophic route unassessed.",,"agent:opus:rfbf-v7.1"
21,"Santer","Cheimerius nufar","T","Buxton et al. (1984) - Inshore small mesh trawling survey of the Cape south coast. Part 4. Contributions to the biology of some teleostei and Chondrichthyes.pdf","East","High",0,,"non_kelp","outside","not_applicable","juvenile","not_applicable","no","Juvenile C. nufar diet (Table 3, verified) is mysid- and crustacean-dominated, substrate/reef-associated but non-kelp, at a south-coast soft-substrate site outside the kelp range. Level-0 observed_alternative, trophic non_kelp, East. Adult diet claims (Druzhinin; Coetzee & Baird) are citation leads.",,"agent:opus:rfbf-v7.1"
21,"Santer","Cheimerius nufar","T","Coetzee and Baird (1981) - Age, growth, and food of Cheimerius nufar.pdf","East","High",0,,"non_kelp","not_applicable","not_applicable","both","not_applicable","no","Cheimerius nufar was studied by full alimentary-tract (stomach and intestine) analysis of fish taken by anglers off St Croix Island, Algoa Bay — an eastern-Cape locality well east of Cape Agulhas and outside the range of Ecklonia maxima. The diet is fully characterised (Table 2; Figure 8): the sante",,"agent:opus:rfbf-v7.1"
21,"Santer","Cheimerius nufar","T","Coetzee and Baird (1983) - Cheimerius nufar.pdf","East","High",0,,"non_kelp","not_applicable","not_applicable","both","not_applicable","no","Cheimerius nufar was sampled from anglers' catches off St Croix Island, Algoa Bay (East region, beyond the eastern kelp limit) between December 1975 and February 1978. The whole-alimentary-tract diet (Table 2, verified visually) shows a piscivore that also takes cephalopods and crustaceans, with a s",,"agent:opus:rfbf-v7.1"
21,"Santer","Cheimerius nufar","T","Smale (1983) - Resource partitioning by top predatory teleosts in the eastern cape coastal waters South Africa.pdf","East","High",0,,"non_kelp","not_applicable","not_applicable","both","not_applicable","no","Cheimerius nufar on eastern Cape reefs feeds on pelagic fish (Engraulis capensis), reef-associated clinids and cheilodactylids, and squid, all non-kelp prey east of the kelp range. Level-0 observed_alternative on the trophic route.",,"agent:opus:rfbf-v7.1"
21,"Santer","Cheimerius nufar","T","Smale (1986) - Feeding biology of four predatory reef fishes off the south-eastern Cape coast.pdf","East","High",0,,"non_kelp","not_applicable","not_applicable","both","not_applicable","no","Diet study documenting that Cheimerius nufar in the south-eastern Cape (East region, outside the Ecklonia maxima range) consumes mysids, crustaceans, cephalopods (Loligo reynaudi, Octopus vulgaris) and demersal reef, pelagic and ubiquitous fishes. This is a documented observation of an in-scope spec",,"agent:opus:rfbf-v7.1"
21,"Santer","Cheimerius nufar","T","Smale (1987) - Food paritioning by coastal pedatory teleosts in South Africa.pdf","East","Medium",0,,"non_kelp","outside","not_applicable","both","not_applicable","no","The source documents C. nufar (240 stomachs across three size groups from 10 to 70 cm, all taken inshore of Cape Recife, east of the eastern kelp limit) consuming exclusively non-kelp prey: Sardinops ocellata, Engraulis capensis, clupeids, engraulids, Loligo reynaudi, Octopus vulgaris, Cheilodactyli",,"agent:opus:rfbf-v7.1"
21,"Santer","Cheimerius nufar","T","Smale et al. (2001) - Behavioural interactions of predators and spawning chokka squid off South Africa.pdf","East","Medium",0,,"non_kelp","not_applicable","not_applicable","unspecified","not_applicable","no","Cheimerius nufar filmed attacking squid in the water column over Eastern Cape egg beds; a documented use of non-kelp prey (level-0 observed_alternative, trophic route). The dietary-importance statement citing Smale (1986a) is a citation lead.",,"agent:opus:rfbf-v7.1"
24,"Soupfin shark","Galeorhinus galeus","H","Albano (2020) - Evaluating the efficacy of a marine reserve for threatened and endemic sharks off South Africa.pdf","East","Low",0,,"not_applicable","not_applicable","non-kelp","unspecified","not_applicable","no","Soupfin shark (in scope) occurred on BRUVS at De Hoop (East region, non-kelp habitats), a level-0 observed_alternative habitat record. Kelp not assessed; no diet data.",,"agent:opus:rfbf-v7.1"
24,"Soupfin shark","Galeorhinus galeus","H","Albano et al. (2021) - Successful parks for sharks, no-take marine reserve provides conservation benefits to endemic and threatened sharks off South Africa.pdf","East","Low",0,,"not_applicable","not_applicable","non-kelp","unspecified","not_applicable","no","G. galeus was among the 11 shark species recorded on baited video at De Hoop, east of the kelp limit, over non-kelp substrata. Kelp was not measured and diet was not studied. Occupation of non-kelp habitat is a level-0 observed_alternative on the habitat route; the trophic route is unassessed.",,"agent:opus:rfbf-v7.1"
24,"Soupfin shark","Galeorhinus galeus","H","Atkinson et al. (2011) - Changes in demersal fish assemblages on the west coast of South Africa, 1986-2009.pdf","West","High",0,,"not_applicable","not_applicable","non-kelp","unspecified","not_applicable","no","Galeorhinus galeus (soupfin shark) is a quantified member of the offshore demersal trawl assemblage on the west-coast shelf, occupying the shallower trawled depth zones (Fig 4, p164; Fig 5; discussion p166). This documents an in-scope species occupying a non-kelp offshore shelf habitat at the sample",,"agent:opus:rfbf-v7.1"
24,"Soupfin shark","Galeorhinus galeus","H","Attwood et al. (2011) - Bycatch in South Africa's inshore trawl fishery as determined from observer records.pdf","East","High",0,,"not_applicable","not_applicable","non-kelp","unspecified","not_applicable","no","Substantial bycatch on the deep soft-bottom Agulhas Bank grounds, east of and below the kelp zone. Non-kelp habitat occurrence = level-0 observed_alternative (habitat). Diet not examined; trophic route unassessed.",,"agent:opus:rfbf-v7.1"
24,"Soupfin shark","Galeorhinus galeus","H","Attwood et al. (2011) - Bycatch in South Africa’s inshore trawl fishery.pdf","East","High",0,,"not_applicable","not_applicable","non-kelp","unspecified","not_applicable","no","G. galeus was caught at 37.8 t per year (0.22%, 95% CI 14-52; 129 fish measured) on the inshore trawl grounds at 80-110 m east of the kelp limit, documenting occupancy of non-kelp soft-bottom habitat. Kelp and diet are never mentioned, so the trophic route is unassessed. Level 0 observed alternative",,"agent:opus:rfbf-v7.1"
24,"Soupfin shark","Galeorhinus galeus","H","Attwood et al. (2013) - the Proceedings of the 4th Linefish symposium.pdf","West","Low",0,,"not_applicable","not_applicable","non-kelp","unspecified","not_applicable","no","Galeorhinus galeus is caught/sighted in False Bay (West kelp coast) with a non-kelp primary habitat ('Demersal'); kelp is never mentioned, giving a level-0 habitat observed alternative.",,"agent:opus:rfbf-v7.1"
24,"Soupfin shark","Galeorhinus galeus","H","Besseling (2023) - Patterns in the landed catches and determinants of catch composition in the South African inshore trawl fishery.pdf","East","Medium",0,,"not_applicable","not_applicable","non-kelp","unspecified","not_applicable","no","Soupfin shark is landed by the inshore trawl fishery over the deep Agulhas Bank grounds east of the kelp limit (in weighed landing records from 2000 onward). This non-kelp occurrence supports a level-0 observed_alternative habitat record. No diet data, so the trophic route is unassessed.",,"agent:opus:rfbf-v7.1"
24,"Soupfin shark","Galeorhinus galeus","H","Best et al. (2013) - Chondrichthyan occurrence and abundance trends in False Bay, South Africa, spanning a century of catch and survey records.pdf","West","Medium",0,,"not_applicable","not_applicable","non-kelp","unspecified","not_applicable","no","Recorded in False Bay (West) as the most commonly caught chondrichthyan; Table 3 assigns primary habitat = Demersal, a non-kelp habitat. Kelp neither measured nor mentioned. Catch study with habitat context -> level-0 observed_alternative on the habitat route. Trophic route unassessed.",,"agent:opus:rfbf-v7.1"
24,"Soupfin shark","Galeorhinus galeus","H","Bitalo et al (2019)-Differential gene flow patterns for two commercially exploited shark species Galeorhinus galeus and Mustelus mustelus along the south west coast of SA.pdf","Both","Low",0,,"not_applicable","not_applicable","non-kelp","adult","not_applicable","yes","As for M. mustelus, this genetic study records primary occurrence/capture of adult G. galeus at named coastal and offshore SW Cape localities (Table 1, Fig. 1), including the offshore Agulhas Bank, all non-kelp settings, with kelp never mentioned. This supports a level-0 observed_alternative habitat",,"agent:opus:rfbf-v7.1"
24,"Soupfin shark","Galeorhinus galeus","H","Brouwer and Buxton (2002) - Catch and effort of the shore and skiboat linefisheries along the South African Eastern Cape coast.pdf","East","Low",0,,"not_applicable","not_applicable","non-kelp","unspecified","not_applicable","no","Soupfin shark recorded in the Eastern Cape recreational and commercial skiboat catches, east of the kelp limit: level-0 observed_alternative, habitat route.",,"agent:opus:rfbf-v7.1"
24,"Soupfin shark","Galeorhinus galeus","H","Buxton et al. (1984) - Inshore small mesh trawling survey of the Cape south coast. Part 4. Contributions to the biology of some teleostei and Chondrichthyes.pdf","East","Low",0,,"not_applicable","not_applicable","non-kelp","unspecified","not_applicable","no","G. galeus was trawled on south-coast soft substrates (9-36 m) outside the kelp range (Table 6, verified). Level-0 observed_alternative habitat record, East. Specificity Low.",,"agent:opus:rfbf-v7.1"
24,"Soupfin shark","Galeorhinus galeus","H","Cottrant (2024) - Assessing conservation measures for five southern African endemic shark species.pdf","West","Low",0,,"not_applicable","not_applicable","non-kelp","unspecified","not_applicable","no","Recorded on baited remote underwater video in Walker Bay across a kelp/reef/sand survey (Table 1); presence documented but substrate not resolved. Coded Level-0 observed-alternative.",,"agent:opus:rfbf-v7.1"
24,"Soupfin shark","Galeorhinus galeus","H","Currie (2017) - Historical baselines and a century of change in the demersal fish assemblages on South Africa's Agulhas Bank.pdf","East","High",0,,"not_applicable","not_applicable","non-kelp","unspecified","not_applicable","no","Soupfin shark modelled from DAFF demersal trawl catches on the offshore Agulhas Bank shelf (Table 10). Documents occupancy of a non-kelp continental-shelf habitat = level-0 observed_alternative (habitat route). No diet data; trophic route unassessed.",,"agent:opus:rfbf-v7.1"
24,"Soupfin shark","Galeorhinus galeus","H","De Vos et al. (2014) - Optimal BRUVs survey design for reef fish monitoring in the Stilbaai Marine Protected Area.pdf","East","Medium",0,,"not_applicable","not_applicable","non-kelp","unspecified","not_applicable","no","Recorded at 9 of 29 BRUVs sites on non-kelp sandstone reef at Stilbaai, east of the kelp limit. No kelp present or measured; a level-0 observed_alternative on the habitat route. Feeding guild is secondary; trophic route unassessed.",,"agent:opus:rfbf-v7.1"
24,"Soupfin shark","Galeorhinus galeus","H","De Vos et al. (2015) - Baited remote underwater video system survey of chondrichthyan diversity in False Bay, South Africa.pdf","West","High",0,,"not_applicable","not_applicable","non-kelp","unspecified","not_applicable","no","Galeorhinus galeus was recorded at 2 winter and 10 summer BRUVs deployments in False Bay (West), and the source explicitly assigns it to sand rather than reef (p. 214, p. 216). Both classes are non-kelp, so this is a level-0 observed_alternative on the habitat route with an explicit habitat assignme",,"agent:opus:rfbf-v7.1"
24,"Soupfin shark","Galeorhinus galeus","H","Freer (1992)-Commercial fishery for sharks in the south western cape with an analysis of the biology of two principle target species Callorhinchus capensis and Galeorhinus galeus.pdf","West","Medium",0,,"not_applicable","not_applicable","non-kelp","both","not_applicable","no","G. galeus is a highly mobile continental-shelf predator caught over broken ground and reefs (ca 80 fathoms), across a broad depth range (3-300 m) and in shallow embayments (juveniles). The source describes its habitat as reef, broken ground and open water, never as kelp structure, and never mentions",,"agent:opus:rfbf-v7.1"
24,"Soupfin shark","Galeorhinus galeus","H","Gonzalez (2024) - Baited remote underwater video surveys report, Stilbaai Marine Protected Area (2013-2016).pdf","East","Medium",0,,"not_applicable","not_applicable","non-kelp","unspecified","not_applicable","no","Galeorhinus galeus was recorded by baited remote underwater video in the Stilbaai MPA (Table 3; present in 2013, 2015, 2016 per Table 4). Stilbaai lies on the warm-temperate south coast east of Cape Agulhas/De Hoop, beyond the eastern range limit of Ecklonia maxima, and the report explicitly states ",,"agent:opus:rfbf-v7.1"
24,"Soupfin shark","Galeorhinus galeus","H","Götz et al. (2008) - Selected fishery and population parameters of eight shore-angling species in the Tsitsikamma National Park no-take marine reserve.pdf","East","Low",0,,"not_applicable","not_applicable","non-kelp","unspecified","not_applicable","no","Soupfin shark recorded as a single capture in the TNP shore-angling survey (Table 1, n=1) at a non-kelp rocky-reef site on the Eastern Cape coast. Occurrence documented; no diet data and no kelp structural action. Level-0 observed_alternative on the habitat route; low specificity (single individual)",,"agent:opus:rfbf-v7.1"
24,"Soupfin shark","Galeorhinus galeus","H","Götz et al. (2014) - An exploratory investigation of the fish communities associated with reefs on the central Agulhas Bank, South Africa.pdf","East","Medium",0,,"not_applicable","not_applicable","non-kelp","unspecified","not_applicable","no","Caught over non-kelp offshore Agulhas Bank (East, beyond the eastern kelp limit; Table 2). Level-0 observed_alternative on the habitat route. Kelp not present/measured; baited-gear capture is not diet evidence, so no trophic record.",,"agent:opus:rfbf-v7.1"
24,"Soupfin shark","Galeorhinus galeus","H","Gray et al. (2007) - On the feasibility of a directed trap-fishery for panga Pterogymnus laniarius Sparidae in South Africa.pdf","East","Low",0,,"not_applicable","not_applicable","non-kelp","unspecified","not_applicable","no","Soupfin shark was caught demersally (1 fish) at 60-79 m off the Eastern Cape, east of the kelp range, on non-kelp demersal substrata. Observed occurrence in a non-kelp habitat (observed alternative, level 0, habitat route). Low specificity given a single individual. No diet data; trophic route unass",,"agent:opus:rfbf-v7.1"
24,"Soupfin shark","Galeorhinus galeus","H","Griffiths (2000) - Long-term trends in catch and effort of commercial linefish off South Africa's Cape Province.pdf","East","Medium",0,,"not_applicable","not_applicable","non-kelp","unspecified","not_applicable","no","Fishery-independent survey documents soupfin shark on Southern Cape reef complexes (eastern kelp limit). Non-kelp reef habitat occurrence; kelp not measured or mentioned. Level-0 observed_alternative, habitat route, region East.",,"agent:opus:rfbf-v7.1"
24,"Soupfin shark","Galeorhinus galeus","H","James et al (2012)-Temporal variability of temperate fish assemblahe in Africas oldest MPA.pdf","East","Low",0,,"not_applicable","not_applicable","non-kelp","unspecified","not_applicable","no","Single record by shore-angling on the non-kelp East-region reef of TNP; occupancy of non-kelp habitat only. Level-0 observed_alternative on the habitat route; trophic route unassessed.",,"agent:opus:rfbf-v7.1"
24,"Soupfin shark","Galeorhinus galeus","H","Lamberth (2006) - White shark and other chondrichthyan interactions with the beach-seine (treknet) fishery in False Bay, South Africa.pdf","West","Medium",0,,"not_applicable","not_applicable","non-kelp","unspecified","not_applicable","no","Soupfin shark is documented at low frequency (0.3% of hauls) in the non-kelp surf-zone beach-seine catch. Kelp not measured or mentioned. Level-0 observed_alternative on the habitat route.",,"agent:opus:rfbf-v7.1"
24,"Soupfin shark","Galeorhinus galeus","H","McCord (2005) - Ecological and management aspects of Galeorhinus galeus.pdf","West","Medium",0,,"not_applicable","not_applicable","non-kelp","both","not_applicable","no","Galeorhinus galeus is documented as a primarily demersal continental-shelf and upper-slope species (to ~550 m) and was sampled on the South African west-coast shelf between Saldanha Bay and Gans Bay at 13-205 m using longline, handline, trawl and gillnet during 1996-1999 research surveys. This is a ",,"agent:opus:rfbf-v7.1"
24,"Soupfin shark","Galeorhinus galeus","H","Osgood et al. (2019) - Using baited remote underwater videos (BRUVs) to characterize chondrichthyan communities in a global biodiversity hotspot.pdf","West","Low",0,,"not_applicable","not_applicable","non-kelp","unspecified","not_applicable","no","Habitat route, observed alternative. G. galeus was observed across all zones on the kelp-coast survey. It is not among the reef+kelp indicator species; it belongs to the larger-shark group, which was marginally more abundant and frequent on sand than on reef or kelp. On this basis it is recorded as ",,"agent:opus:rfbf-v7.1"
24,"Soupfin shark","Galeorhinus galeus","H","Osgood et al. (2020) - Chondrichthyans as an umbrella species-complex for conserving South African biodiversity.pdf","West","Low",0,,"not_applicable","not_applicable","non-kelp","unspecified","not_applicable","no","Soupfin shark is observed on BRUV in the kelp region and plots in the non-kelp part of the RDA. Level-0 observed_alternative on the habitat route. Trophic route unassessed.",,"agent:opus:rfbf-v7.1"
24,"Soupfin shark","Galeorhinus galeus","H","Petersen et al. (2009) - Pelagic shark bycatch in the tuna- and swordfish-directed longline fishery off southern Africa.pdf","Both","Low",0,,"not_applicable","not_applicable","non-kelp","unspecified","not_applicable","no","In-scope frame species recorded as trace bycatch (0.01% of catch) in the offshore pelagic longline fishery — a non-kelp pelagic habitat. This documented presence is a level-0 observed_alternative on the habitat route. Low specificity: only a Table 1 catch rate, no species-level habitat characterisat",,"agent:opus:rfbf-v7.1"
24,"Soupfin shark","Galeorhinus galeus","H","Pradervand and Hiseman (2006) - An analysis of the recreational shore fishery in the Goukamma Marine Protected Area.pdf","East","Medium",0,,"not_applicable","not_applicable","non-kelp","unspecified","not_applicable","no","Table 1 records 12 soupfin shark / vaalhaai (Galeorhinus galeus) in the Goukamma MPA shore fishery, east of the eastern kelp limit, in non-kelp coastal habitat. Occurrence only, no diet or kelp-structure use, no measured availability. Level-0 observed-alternative habitat record. Trophic route unasse",,"agent:opus:rfbf-v7.1"
24,"Soupfin shark","Galeorhinus galeus","H","Reed et al. (2017) - Analysis of bycatch in the South African midwater trawl fishery for horse mackerel Trachurus capensis based on observer data.pdf","East","Low",0,,"not_applicable","not_applicable","non-kelp","unspecified","not_applicable","no","Galeorhinus galeus (soupfin shark) is recorded as large-fauna bycatch in the offshore Agulhas Bank midwater trawl (50–300 m), a non-kelp habitat. Documented non-kelp occurrence: habitat-route level-0 observed_alternative. Specificity Low. Level 0.",,"agent:opus:rfbf-v7.1"
24,"Soupfin shark","Galeorhinus galeus","H","Smale et al. (1993) - Analysis of the demersal community of fish and cephalopods on the Agulhas Bank, South Africa.pdf","East","Low",0,,"not_applicable","not_applicable","non-kelp","unspecified","not_applicable","no","Soupfin shark taken in Agulhas Bank demersal trawls (Appendix 1); occurrence in non-kelp deep-shelf habitat east of the kelp limit. Level-0 observed_alternative on the habitat route.",,"agent:opus:rfbf-v7.1"
24,"Soupfin shark","Galeorhinus galeus","H","Wallace et al. (1984) - Inshore small-mesh trawling survey of the Cape south coast. Part 1. Introduction, methods, stations and catches.pdf","East","Low",0,,"not_applicable","not_applicable","non-kelp","unspecified","not_applicable","no","Soupfin shark taken in the soft-bottom trawl survey east of the kelp coast; non-kelp habitat occurrence. Level 0 observed_alternative on the habitat route.",,"agent:opus:rfbf-v7.1"
24,"Soupfin shark","Galeorhinus galeus","H","Walter and Freer (1992) - Analysis of the biology of two principle fish and info on commercial fisheries.pdf","West","Medium",0,,"not_applicable","not_applicable","non-kelp","both","not_applicable","no","G. galeus is documented occupying non-kelp habitat: continental shelf between Walvis Bay and Cape Agulhas (demersal trawl), reefs/broken ground (kingklip longline grounds), and shallow embayments for juveniles, over a depth range of ca 3-300 m. The source never mentions kelp. This is a documented oc",,"agent:opus:rfbf-v7.1"
24,"Soupfin shark","Galeorhinus galeus","H","Watson (2013) - Baited remote underwater survey of chondrichthyans in False Bay, South Africa.pdf","West","High",0,,"not_applicable","not_applicable","non-kelp","unspecified","not_applicable","no","Galeorhinus galeus was recorded at 10 of 95 BRUV sites and, in SIMPER, was associated with sand (and deeper) habitats rather than reef. False Bay is within the West/Ecklonia range but kelp was neither measured nor mentioned; the documented occupancy is of non-kelp soft-sediment/reef benthos, a level",,"agent:opus:rfbf-v7.1"
24,"Soupfin shark","Galeorhinus galeus","H","Winker et al. (2019) - Comprehensive assessment of Galeorhinus galeus.pdf","Both","Low",0,,"not_applicable","not_applicable","non-kelp","both","not_applicable","no","This is a Bayesian state-space stock assessment (JABBA / JARA) of soupfin shark Galeorhinus galeus in South Africa. Kelp is never measured or mentioned anywhere in the text, tables or figures. All 13 figures and 2 tables are statistical model outputs (catch time-series, life-history distributions, a",,"agent:opus:rfbf-v7.1"
24,"Soupfin shark","Galeorhinus galeus","T","Freer (1992)-Commercial fishery for sharks in the south western cape with an analysis of the biology of two principle target species Callorhinchus capensis and Galeorhinus galeus.pdf","West","High",0,,"non_kelp","not_applicable","not_applicable","both","not_applicable","no","G. galeus is an in-scope, West-region species with a quantified diet study (375 stomachs). The diet is principally fish plus cephalopods and crustaceans, all non-kelp prey, and the source never links any prey to kelp or the kelp food web. This documents an in-scope species consuming a non-kelp food ",,"agent:opus:rfbf-v7.1"
24,"Soupfin shark","Galeorhinus galeus","T","Freer & Griffiths (1993a) - The fishery for  and general biology of  the St Joseph Callorhinchus capensis  Dumeril  off the South-Western Cape  South Africa.pdf","West","Low",0,,"non_kelp","not_applicable","not_applicable","unspecified","not_applicable","no","Galeorhinus galeus (in scope; soupfin shark) was documented during this study to have consumed C. capensis, a soft-substratum non-kelp prey, giving a level-0 trophic observed_alternative. Single-prey observation, Low specificity; no kelp trophic pathway implicated.",,"agent:opus:rfbf-v7.1"
24,"Soupfin shark","Galeorhinus galeus","T","McCord (2005) - Ecological and management aspects of Galeorhinus galeus.pdf","Both","Low",0,,"non_kelp","not_applicable","not_applicable","unspecified","not_applicable","no","The diet is a compiled species-profile statement in the management-plan chapter (pelagic and benthic teleosts, cephalopods and crustaceans); the thesis performed no stomach-content analysis, which it lists among data still to be collected. Every prey item is non-kelp and none is linked to a kelp foo",,"agent:opus:rfbf-v7.1"
24,"Soupfin shark","Galeorhinus galeus","T","Sauer and Smale (1991) - Predation patterns on squid Loligo vulgaris reynaudll.pdf","East","Medium",0,,"non_kelp","outside","not_applicable","unspecified","not_applicable","no","The source reports quantified stomach contents for Galeorhinus galeus (Table Ia, p. 515) sampled between Algoa Bay and Oyster Bay (p. 513), east of the eastern kelp limit, so region = East and t_config = outside. Every identified prey item is non-kelp: cephalopods and teleosts. Kelp is never measure",,"agent:opus:rfbf-v7.1"
24,"Soupfin shark","Galeorhinus galeus","T","Walter and Freer (1992) - Analysis of the biology of two principle fish and info on commercial fisheries.pdf","West","High",0,,"non_kelp","not_applicable","not_applicable","both","not_applicable","no","G. galeus was studied directly (375 stomachs) and is principally ichthyophagous, consuming reef and pelagic fish, cephalopods and crustaceans. No prey item is identified as kelp or linked by the source to the kelp food web (the source never mentions kelp). This is a documented consumption of non-kel",,"agent:opus:rfbf-v7.1"
25,"Pyjama shark","Poroderma africanum","H","Albano (2020) - Evaluating the efficacy of a marine reserve for threatened and endemic sharks off South Africa.pdf","East","Low",0,,"not_applicable","not_applicable","non-kelp","unspecified","not_applicable","no","Pyjama catshark (in scope) was recorded on BRUVS and tagged/tracked at De Hoop (East region) over rocky reef and sand (non-kelp) habitat; residency was assessed relative to MPA boundaries only. This is a level-0 observed_alternative habitat record. The kelp-bed habitat statement in the introduction ",,"agent:opus:rfbf-v7.1"
25,"Pyjama shark","Poroderma africanum","H","Albano et al. (2021) - Successful parks for sharks, no-take marine reserve provides conservation benefits to endemic and threatened sharks off South Africa.pdf","East","Medium",0,,"not_applicable","not_applicable","non-kelp","unspecified","not_applicable","no","P. africanum was recorded on baited video at De Hoop, east of the kelp limit, and is directly imaged on reef (Fig. 2b); the low-trophic guild it belongs to preferred reef and rubble (non-kelp) substrata. Kelp was not measured and diet was not studied. Documented use of non-kelp habitat is a level-0 ",,"agent:opus:rfbf-v7.1"
25,"Pyjama shark","Poroderma africanum","H","Attwood et al. (2011) - Bycatch in South Africa's inshore trawl fishery as determined from observer records.pdf","East","High",0,,"not_applicable","not_applicable","non-kelp","unspecified","not_applicable","no","Caught on the deep soft-bottom Agulhas Bank grounds, east of and below the kelp zone. Non-kelp habitat occurrence = level-0 observed_alternative (habitat). Diet not examined; trophic route unassessed.",,"agent:opus:rfbf-v7.1"
25,"Pyjama shark","Poroderma africanum","H","Attwood et al. (2011) - Bycatch in South Africa’s inshore trawl fishery.pdf","East","Medium",0,,"not_applicable","not_applicable","non-kelp","unspecified","not_applicable","no","P. africanum was caught at 14.3 t per year (0.08%) on the inshore trawl grounds at 80-110 m east of the kelp limit, documenting occupancy of non-kelp soft-bottom habitat. Kelp and diet are never mentioned, so the trophic route is unassessed. Level 0 observed alternative; levels 1-5 unsupported.",,"agent:opus:rfbf-v7.1"
25,"Pyjama shark","Poroderma africanum","H","Attwood et al. (2013) - the Proceedings of the 4th Linefish symposium.pdf","West","Low",0,,"not_applicable","not_applicable","non-kelp","unspecified","not_applicable","no","Poroderma africanum is caught/sighted in False Bay (West kelp coast) with a non-kelp primary habitat ('Reef'); kelp is never mentioned, giving a level-0 habitat observed alternative.",,"agent:opus:rfbf-v7.1"
25,"Pyjama shark","Poroderma africanum","H","Beckley and Buxton (1989) - UNDERWATER OBSERVATIONS OF REEF FISH IN AND AROUND ALGOA BAY, SOUTH AFRICA.pdf","East","Medium",0,,"not_applicable","not_applicable","non-kelp","adult","not_applicable","no","Pyjama/striped catshark observed on ~21% of Philip's Reef dives, on non-kelp rocky reef East of the kelp range. Level-0 observed_alternative on the habitat route.",,"agent:opus:rfbf-v7.1"
25,"Pyjama shark","Poroderma africanum","H","Best et al. (2013) - Chondrichthyan occurrence and abundance trends in False Bay, South Africa, spanning a century of catch and survey records.pdf","West","Medium",0,,"not_applicable","not_applicable","non-kelp","unspecified","not_applicable","no","Recorded in False Bay (West) across five methods; Table 3 assigns primary habitat = Reef, a non-kelp habitat. Kelp neither measured nor mentioned. Catch/survey study with habitat context -> level-0 observed_alternative on the habitat route. Trophic route unassessed.",,"agent:opus:rfbf-v7.1"
25,"Pyjama shark","Poroderma africanum","H","Brouwer and Buxton (2002) - Catch and effort of the shore and skiboat linefisheries along the South African Eastern Cape coast.pdf","East","Low",0,,"not_applicable","not_applicable","non-kelp","unspecified","not_applicable","no","Pyjama/striped catshark recorded in the Eastern Cape recreational skiboat catch (and released in the shore fishery), east of the kelp limit: level-0 observed_alternative, habitat route.",,"agent:opus:rfbf-v7.1"
25,"Pyjama shark","Poroderma africanum","H","Burger (1990) - The distribution patterns and community structure of the Tsitsikamma rocky littoral ichthyofauna.pdf","East","High",0,,"not_applicable","not_applicable","non-kelp","unspecified","not_applicable","no","East-region record beyond the kelp coast. Poroderma africanum was recorded on non-kelp deep reef at Tsitsikamma, where no kelp forest occurs. Documented occurrence in a non-kelp habitat: level-0 observed_alternative on the habitat route.",,"agent:opus:rfbf-v7.1"
25,"Pyjama shark","Poroderma africanum","H","Buxton et al. (1984) - Inshore small mesh trawling survey of the Cape south coast. Part 4. Contributions to the biology of some teleostei and Chondrichthyes.pdf","East","Low",0,,"not_applicable","not_applicable","non-kelp","unspecified","not_applicable","no","P. africanum was trawled on south-coast soft substrates (27-73 m) outside the kelp range (Table 6, verified). Level-0 observed_alternative habitat record, East. Specificity Low.",,"agent:opus:rfbf-v7.1"
25,"Pyjama shark","Poroderma africanum","H","Caracausi et al. (2024) - Trophic ecology of the pyjama shark Poroderma africanum elucidated by stable isotopes.pdf","East","Low",0,,"not_applicable","not_applicable","non-kelp","both","not_applicable","no","The same study characterises its Mossel Bay sampling sites by the occurrence of a rocky reef and captures Poroderma africanum (in scope) by handline within the bay, on the south coast east of the eastern kelp limit (East region, outside the Ecklonia maxima range). This is a catch study with habitat ",,"agent:opus:rfbf-v7.1"
25,"Pyjama shark","Poroderma africanum","H","Clarke (1988) - Biological aspects of Sparodon durbanensis and Pachymetopon grande.pdf","East","Low",0,,"not_applicable","not_applicable","non-kelp","unspecified","not_applicable","no","Poroderma africanum (pyjama shark, n=2) is landed in the study's Port Elizabeth inshore rock-angling catch survey, an Eastern Cape rocky-reef fishery east of the kelp limit. Documented occurrence in non-kelp habitat; kelp never mentioned. Level-0 observed_alternative on the habitat route.",,"agent:opus:rfbf-v7.1"
25,"Pyjama shark","Poroderma africanum","H","Cliff (1983) - Early colonization by fish of an artifical reef in false bay.pdf","West","Medium",0,,"not_applicable","not_applicable","non-kelp","adult","not_applicable","no","Adult Poroderma africanum (~50 cm) was observed moving over the kelp-free artificial reef in False Bay (West) and also on the Rockeater reef. An in-scope species on non-kelp structure; level-0 observed_alternative on the habitat route. Its possible predation on Jasus/octopus/crab 'present on the ree",,"agent:opus:rfbf-v7.1"
25,"Pyjama shark","Poroderma africanum","H","Coetzee and Baird (1981) - Catch composition and catch per unit effort of anglers' catches off St Croix Island.pdf","East","Medium",0,,"not_applicable","not_applicable","non-kelp","unspecified","not_applicable","no","Pyjama shark, among the most consistently caught elasmobranchs in the St Croix Island angler catch at a non-kelp East-region rocky reef → level-0 observed_alternative on the habitat route.",,"agent:opus:rfbf-v7.1"
25,"Pyjama shark","Poroderma africanum","H","Cortelezzi et al. (2022) - Conservation benefits of a marine protected area on South African chondrichthyans.pdf","East","Low",0,,"not_applicable","not_applicable","non-kelp","unspecified","not_applicable","no","Pyjama shark observed on sand/reef habitat in Plettenberg Bay (East region, beyond kelp limit). Documented occupation of non-kelp habitat; kelp not assessed. A reef preference is mentioned but attributed to Osgood et al. (2019), a citation lead rather than this study's own selection analysis. Coded ",,"agent:opus:rfbf-v7.1"
25,"Pyjama shark","Poroderma africanum","H","Cottrant (2024) - Assessing conservation measures for five southern African endemic shark species.pdf","West","Low",1,,"not_applicable","not_applicable","uncertain","both","within","no","Primary mark-recapture in Walker Bay; P. africanum captured (580 events, 505 individuals) in the kelp-forest embayment (Old Harbour/Rietfontein = E. maxima forest) and recorded on Walker Bay BRUVs. The author's own summary states the mark-recapture catshark species (including pyjama shark) showed a ",,"agent:opus:rfbf-v7.1"
25,"Pyjama shark","Poroderma africanum","H","Dainty (2002) - Biology and ecology of four catshark species in SA.pdf","West","Medium",1,,"not_applicable","not_applicable","not_applicable","unspecified","within","no","Poroderma africanum is in scope (model_scope = true) and is one of the thesis's four study species, so the source makes extensive primary observations of it. On the habitat route the source's own general methods (E01) place the species among kelp: specimens were collected by divers at 0-10 m using b",,"agent:opus:rfbf-v7.1"
25,"Pyjama shark","Poroderma africanum","H","Dando (2020) - Underwater video survey and community structure of ichthyofauna in South Africa.pdf","Both","High",0,,"not_applicable","not_applicable","non-kelp","unspecified","not_applicable","no","BRUV survey; Poroderma africanum (pyjama shark) is one of the scyliorhinids the author links to Betty's Bay's kelp-attributed community shift, but the multilevel pattern analysis associates it with rocky reefs in exploited zones across Betty's Bay, Goukamma and Stilbaai (section 3.4.4), i.e. a non-k",,"agent:opus:rfbf-v7.1"
25,"Pyjama shark","Poroderma africanum","H","De Vos et al. (2014) - Optimal BRUVs survey design for reef fish monitoring in the Stilbaai Marine Protected Area.pdf","East","Medium",0,,"not_applicable","not_applicable","non-kelp","unspecified","not_applicable","no","Recorded at 13 of 29 BRUVs sites on non-kelp sandstone reef at Stilbaai, east of the kelp limit. No kelp present or measured; a level-0 observed_alternative on the habitat route. Feeding guild is secondary; trophic route unassessed.",,"agent:opus:rfbf-v7.1"
25,"Pyjama shark","Poroderma africanum","H","De Vos et al. (2015) - Baited remote underwater video system survey of chondrichthyan diversity in False Bay, South Africa.pdf","West","High",0,,"not_applicable","not_applicable","non-kelp","unspecified","not_applicable","no","Poroderma africanum was recorded at 46 winter and 22 summer BRUVs deployments in False Bay (West), and Table 3 identifies it as a dominant species of reef habitat, more prevalent on reef than sand. The reef class is lithological, with no biogenic cover recorded, so this is a level-0 observed_alterna",,"agent:opus:rfbf-v7.1"
25,"Pyjama shark","Poroderma africanum","H","Dicken (2010) - The ichthyofauna in the Port of Ngqura, South Africa.pdf","East","Medium",0,,"not_applicable","not_applicable","non-kelp","adult","not_applicable","no","Pyjama shark caught mainly at the dolosse (non-kelp) habitat of the port in Algoa Bay east of the kelp limit; mostly mature. Level-0 observed_alternative on the habitat route.",,"agent:opus:rfbf-v7.1"
25,"Pyjama shark","Poroderma africanum","H","Dicken et al. (2012) - Long-term catch and effort trends in Eastern Cape Angling Week competitions.pdf","East","Low",0,,"not_applicable","not_applicable","non-kelp","adult","not_applicable","no","Eastern Cape shore fishery east of the kelp limit; Table 1 records Poroderma africanum caught in non-kelp habitat (7 fish). Level-0 observed_alternative on the habitat route. Trophic route unassessed (no diet data).",,"agent:opus:rfbf-v7.1"
25,"Pyjama shark","Poroderma africanum","H","Dopolo et al. (2013) - Line Fish conference paper.pdf","Both","Low",0,,"not_applicable","not_applicable","non-kelp","unspecified","not_applicable","no","Pyjama (striped cat)shark caught by shore anglers adjacent to Agulhas NP (n=2); catch record with no kelp or diet observation. Level-0 observed_alternative on the habitat route. Region Both (ANP straddles the kelp limit).",,"agent:opus:rfbf-v7.1"
25,"Pyjama shark","Poroderma africanum","H","Dyer (2018) - The role of ecological processes in structuring reef fish communities in the Agulhas ecoregion South Africa.pdf","East","High",0,,"not_applicable","not_applicable","non-kelp","unspecified","not_applicable","no","Recorded on rocky reef via stereo-BRUVs at all four reefs in the Agulhas Ecoregion, east of the eastern kelp limit. Occupancy of non-kelp rocky-reef habitat; no kelp action observed and diet not examined. Level-0 observed_alternative on the habitat route.",,"agent:opus:rfbf-v7.1"
25,"Pyjama shark","Poroderma africanum","H","Gonzalez (2024) - Baited remote underwater video surveys report, Stilbaai Marine Protected Area (2013-2016).pdf","East","Medium",0,,"not_applicable","not_applicable","non-kelp","unspecified","not_applicable","no","Poroderma africanum was recorded by baited remote underwater video in the Stilbaai MPA (Table 3; present in 2013, 2014, 2015, 2016 per Table 4). Stilbaai lies on the warm-temperate south coast east of Cape Agulhas/De Hoop, beyond the eastern range limit of Ecklonia maxima, and the report explicitly ",,"agent:opus:rfbf-v7.1"
25,"Pyjama shark","Poroderma africanum","H","Götz et al. (2008) - Selected fishery and population parameters of eight shore-angling species in the Tsitsikamma National Park no-take marine reserve.pdf","East","High",0,,"not_applicable","not_applicable","non-kelp","unspecified","not_applicable","no","Striped catshark (pyjama shark) caught in the TNP shore-angling survey (Table 1, n=118) at a non-kelp rocky-reef site on the Eastern Cape coast. Occurrence documented; no diet data and no kelp structural action. Level-0 observed_alternative on the habitat route. Trophic route unassessed.",,"agent:opus:rfbf-v7.1"
25,"Pyjama shark","Poroderma africanum","H","Gotz et al. (2009) - Effects of fishing on a temperate reef community in South Africa 1, ichthyofauna.pdf","East","Medium",0,,"not_applicable","not_applicable","non-kelp","unspecified","not_applicable","no","Striped catshark was recorded by angling and UVC at Goukamma rocky-reef sites in the East region, occupying non-kelp rocky reef without kelp measured or mentioned: Level 0 observed alternative on the habitat route.",,"agent:opus:rfbf-v7.1"
25,"Pyjama shark","Poroderma africanum","H","Götz et al. (2009) - fishing on a temperate reef community in South Africa 1- ichthyofauna.pdf","East","Medium",0,,"not_applicable","not_applicable","non-kelp","unspecified","not_applicable","no","Poroderma africanum was recorded on warm-temperate rocky reef at the Goukamma MPA study area (south-east coast, near Knysna), which lies east of the Cape Agulhas kelp limit and outside the Ecklonia maxima range. The survey (standardised angling and/or UVC over rocky substrate) documents the species ",,"agent:opus:rfbf-v7.1"
25,"Pyjama shark","Poroderma africanum","H","Götz et al. (2014) - An exploratory investigation of the fish communities associated with reefs on the central Agulhas Bank, South Africa.pdf","East","Medium",0,,"not_applicable","not_applicable","non-kelp","unspecified","not_applicable","no","Caught over non-kelp hard-substrate reef on the central Agulhas Bank (East, beyond the eastern kelp limit; Table 2). Level-0 observed_alternative on the habitat route. Kelp not present/measured; baited-gear capture is not diet evidence, so no trophic record.",,"agent:opus:rfbf-v7.1"
25,"Pyjama shark","Poroderma africanum","H","Gray et al. (2007) - On the feasibility of a directed trap-fishery for panga Pterogymnus laniarius Sparidae in South Africa.pdf","East","Medium",0,,"not_applicable","not_applicable","non-kelp","unspecified","not_applicable","no","Pyjama shark was caught demersally (16 fish) across 20-79 m off the Eastern Cape, east of the kelp range, on non-kelp demersal substrata. Observed occurrence in a non-kelp habitat (observed alternative, level 0, habitat route). No diet data; trophic route unassessed.",,"agent:opus:rfbf-v7.1"
25,"Pyjama shark","Poroderma africanum","H","Griffiths (2000) - Long-term trends in catch and effort of commercial linefish off South Africa's Cape Province.pdf","East","Medium",0,,"not_applicable","not_applicable","non-kelp","unspecified","not_applicable","no","Fishery-independent survey documents striped catshark (Poroderma africanum) on Southern Cape reef complexes in the second survey. Non-kelp reef habitat occurrence; kelp not measured or mentioned. Level-0 observed_alternative, habitat route, region East.",,"agent:opus:rfbf-v7.1"
25,"Pyjama shark","Poroderma africanum","H","Grusd (2017) - Mark-recapture methods to estimate pop size and survival of Poroderma africanum.pdf","East","Medium",0,,"not_applicable","not_applicable","non-kelp","adult","not_applicable","no","Poroderma africanum is in the model scope. This MSc dissertation is a primary mark-recapture study estimating abundance, apparent survival and growth of the species in Mossel Bay. Mossel Bay (34.17S, 22.08E) lies east of Cape Agulhas and De Hoop, beyond the eastern limit of Ecklonia maxima, so it is",,"agent:opus:rfbf-v7.1"
25,"Pyjama shark","Poroderma africanum","H","Hanekom et al. (1997) - Shore-angling catches in the Tsitsikamma National Park, 1989-1995.pdf","East","Medium",0,,"not_applicable","not_applicable","non-kelp","unspecified","not_applicable","no","Pyjama shark recorded in scientific fishing on the TNP non-kelp coast east of the kelp limit: level 0 observed_alternative, habitat route. Trophic route unassessed.",,"agent:opus:rfbf-v7.1"
25,"Pyjama shark","Poroderma africanum","H","Haywood (1973) - Hypo-osmotic regulation coupled with reduced metabolic urea in the dogfish Poroderma africanum.pdf","West","Low",0,,"not_applicable","not_applicable","refuge","unspecified","not_applicable","no","Poroderma africanum is in scope. The study is a laboratory osmoregulation experiment; all measured variables (serum osmolarity, chloride, urea across salinity and diet treatments; Figs 1-4) are physiological and bear on neither the trophic nor the habitat kelp route, and kelp is never mentioned. How",,"agent:opus:rfbf-v7.1"
25,"Pyjama shark","Poroderma africanum","H","Haywood (1974) - Studies on osmotic and ionic regulation of Poroderma africanum (Gmelin) striped dogfish.pdf","West","Medium",1,,"not_applicable","not_applicable","non-kelp","unspecified","uncertain","no","Direct SCUBA observations place Poroderma africanum on Cape Peninsula rocky reefs (West region), sheltering in crevices and holes under rocks and rarely over sand, preferring rocky substrate 'especially where kelp and sea urchins are abundant'. The kelp co-occurrence is explicitly documented, suppor",,"agent:opus:rfbf-v7.1"
25,"Pyjama shark","Poroderma africanum","H","Heyns-Veale et al. (2019) - Community-wide effects of protection reveal insights into marine protected area effectiveness for reef fish.pdf","Both","Medium",0,,"not_applicable","not_applicable","non-kelp","unspecified","not_applicable","no","Pyjama shark (non-target) recorded on non-kelp reef via stereo-BRUVs at De Hoop, Tsitsikamma, Bird Island and Amathole; kelp not measured or mentioned. Level-0 observed_alternative on the habitat route. Trophic route unassessed (trophic position is inferred from Mann 2013, a citation, not observed h",,"agent:opus:rfbf-v7.1"
25,"Pyjama shark","Poroderma africanum","H","Heyns‑Veale et al. (2016) - Depth and habitat determine assemblage structure of South Africa’s warm‑temperate reef fish.pdf","East","Low",0,,"not_applicable","not_applicable","non-kelp","unspecified","not_applicable","no","Figure 4, verified on the rendered page at 300 dpi, carries a labelled 'Striped catshark' Pearson correlation vector (>0.3) directed towards the shallow habitat A/B cluster. The species appears nowhere in the extracted text, so this record exists only because the figure was inspected visually. Under",,"agent:opus:rfbf-v7.1"
25,"Pyjama shark","Poroderma africanum","H","Hubble (2023) - Population dynamics of two endemic catshark species inferred from molecular and tag-recapture data.pdf","Both","Low",0,,"not_applicable","not_applicable","non-kelp","unspecified","not_applicable","no","The thesis's primary data are the ORI-CFTP tag-recapture dataset (1984-2020) and microsatellite/ND2 genetic sampling from four Western Cape sites. These document Poroderma africanum occupying the inshore coastal zone across the South African coast, spanning West (e.g. St Helena Bay, False Bay) and E",,"agent:opus:rfbf-v7.1"
25,"Pyjama shark","Poroderma africanum","H","Human (2006) - Taxonomic revision of genus Poroderma.pdf","Both","Medium",0,,"not_applicable","not_applicable","non-kelp","both","not_applicable","no","A taxonomic revision that documents P. africanum occupying inshore rocky-reef habitat (with a stated preference for rocky reefs, commonly <5 m deep) across a range that includes the western Ecklonia kelp coast. This is a documented observation of an in-scope species occupying a non-kelp habitat at t",,"agent:opus:rfbf-v7.1"
25,"Pyjama shark","Poroderma africanum","H","James et al (2012)-Temporal variability of temperate fish assemblahe in Africas oldest MPA.pdf","East","High",0,,"not_applicable","not_applicable","non-kelp","unspecified","not_applicable","no","Recorded in all years by shore-angling on the non-kelp East-region reef of TNP; occupancy of non-kelp habitat only. Level-0 observed_alternative on the habitat route; trophic route unassessed.",,"agent:opus:rfbf-v7.1"
25,"Pyjama shark","Poroderma africanum","H","Johnson et al. (2024) - Distribution and site fidelity of four endemic catshark species in Walker Bay, South Africa.pdf","West","Medium",1,,"not_applicable","not_applicable","uncertain","unspecified","uncertain","no","P. africanum is an in-scope focal species (frame model_scope=true, rfbf_scope=true). The study captured 505 individuals across Walker Bay, including the two key sites (Old Harbour, Rietfontein) explicitly characterised as shallow Ecklonia maxima kelp forests, establishing occurrence in a kelp forest",,"agent:opus:rfbf-v7.1"
25,"Pyjama shark","Poroderma africanum","H","Kiyatake et al. (2023) - A comparison of the growth and development of pyjama sharks Poroderma africanum in wild and captive populations.pdf","West","Low",0,,"not_applicable","not_applicable","non-kelp","both","not_applicable","no","Poroderma africanum is the study species and is in the frame (model and rfbf scope). The wild component is a mark-recapture study in the Walker Bay region, which the source describes as comprising kelp, reef and sand habitats. Sharks were captured by baited hook and by hand while freediving in water",,"agent:opus:rfbf-v7.1"
25,"Pyjama shark","Poroderma africanum","H","Lamberth (1994) - The commercial beach-seine fishery in False Bay, South Africa.pdf","West","Low",0,,"not_applicable","not_applicable","non-kelp","both","not_applicable","no","Three individuals caught in beach-seine hauls in the sandy surf zone of False Bay; documents occupancy of a non-kelp (sandy) habitat by a normally reef-associated shark. Level-0 observed_alternative on the habitat route; specificity low (few fish).",,"agent:opus:rfbf-v7.1"
25,"Pyjama shark","Poroderma africanum","H","Lamberth (2006) - White shark and other chondrichthyan interactions with the beach-seine (treknet) fishery in False Bay, South Africa.pdf","West","Medium",0,,"not_applicable","not_applicable","non-kelp","both","not_applicable","no","Pyjama shark occurs at low frequency (0.6% of hauls) in the non-kelp surf-zone beach-seine catch. Kelp not measured or mentioned. Level-0 observed_alternative on the habitat route.",,"agent:opus:rfbf-v7.1"
25,"Pyjama shark","Poroderma africanum","H","Lechanteur (1999) - The ecology and management of false bay reef fish.pdf","West","Medium",1,,"not_applicable","not_applicable","uncertain","unspecified","within","no","Pyjama shark was most common in the shallow (0-8 m) Ecklonia zone, establishing co-occurrence with kelp. No action involving kelp structure documented, so level 1 co-occurrence.",,"agent:opus:rfbf-v7.1"
25,"Pyjama shark","Poroderma africanum","H","Lechanteur and Griffiths (2001) - Fish associated with artificial reefs in False Bay, South Africa, a preliminary survey.pdf","West","High",0,,"not_applicable","not_applicable","non-kelp","unspecified","not_applicable","no","Pyjama shark was recorded on three deep-water wrecks (4 individuals) in False Bay, occupying non-kelp artificial-reef structure. Kelp not measured. Level-0 observed_alternative, habitat route.",,"agent:opus:rfbf-v7.1"
25,"Pyjama shark","Poroderma africanum","H","Lechanteur and Griffiths (2002) - Composition and seasonal variability of the suprabenthic reef-fish assemblage in False Bay.pdf","West","Low",1,,"not_applicable","not_applicable","not_applicable","unspecified","not_applicable","no","A pyjama shark recorded across all strata, highest in the shallow Ecklonia stratum, giving habitat co-occurrence with kelp (level 1). Also present in kelp-free strata; no kelp-structure action documented and visual census likely underestimates this cryptic species.",,"agent:opus:rfbf-v7.1"
25,"Pyjama shark","Poroderma africanum","H","Lechanteur and Griffiths (2002) - Diets of common suprabenthic reef fish in False Bay, South Africa.pdf","West","Low",0,,"not_applicable","not_applicable","non-kelp","adult","not_applicable","no","Documented among the False Bay suprabenthic reef fish and observed feeding on reef; occupies non-kelp reef habitat. Habitat observed_alternative, level 0, low specificity.",,"agent:opus:rfbf-v7.1"
25,"Pyjama shark","Poroderma africanum","H","Mann et al. (2013) - Southern African Marine Linefish Species Profiles.pdf","West","Low",2,,"not_applicable","not_applicable","reproduction","unspecified","within","yes","The Poroderma africanum account (compiler J. Escobar-Porras) states 'Eggs are attached to seaweeds and kelp on rocky reefs (van der Elst 1993, J. Escobar-Porras, UKZN, pers. obs.)'. Attaching egg cases to kelp is a documented fish action involving physical kelp structure (egg deposition), which reac",,"agent:opus:rfbf-v7.1"
25,"Pyjama shark","Poroderma africanum","H","McCord (2005) - Ecological and management aspects of Galeorhinus galeus.pdf","Both","Low",0,,"not_applicable","not_applicable","non-kelp","unspecified","not_applicable","no","Poroderma africanum is documented as occasional bycatch of the demersal soupfin-shark longline/handline fishery on the South African west/south-coast shelf at ~50-200 m, a non-kelp demersal habitat context. Coded level-0 observed_alternative on the habitat route with Low specificity; no kelp is ment",,"agent:opus:rfbf-v7.1"
25,"Pyjama shark","Poroderma africanum","H","O'Connel et al. (2019) - The influence of kelp density of white sharks.pdf","West","Low",1,,"not_applicable","not_applicable","uncertain","unspecified","within","yes","Poroderma africanum was positively identified by a baited-video survey in which every deployment site was a characterised Ecklonia maxima bed, at Dyer Island west of Cape Agulhas, so the region is West and co-occurrence with kelp is established at level 1.

The level goes no higher. No action involv",,"agent:opus:rfbf-v7.1"
25,"Pyjama shark","Poroderma africanum","H","O'Connell et al. (2019) - The influence of kelp density on white shark presence within the Dyer Island nature reserve.pdf","West","Low",1,,"not_applicable","not_applicable","not_applicable","unspecified","both","no","Poroderma africanum was identified in the BRUVS surveys and recorded present across low, moderate and high kelp densities, establishing co-occurrence with kelp (level 1, habitat). No structural use action is documented and the kelp-density result is pooled across five elasmobranch species (no signif",,"agent:opus:rfbf-v7.1"
25,"Pyjama shark","Poroderma africanum","H","Osgood et al. (2019) - Using baited remote underwater videos (BRUVs) to characterize chondrichthyan communities in a global biodiversity hotspot.pdf","West","Medium",1,,"not_applicable","not_applicable","uncertain","unspecified","uncertain","no","Habitat route. P. africanum was one of the two dominant species (Table 1), observed in all zones on a kelp-coast (West) BRUV survey that classifies kelp as a distinct habitat. The species is a significant indicator of the reef+kelp cluster (DLI 0.46) with a negative first-latent-variable coefficient",,"agent:opus:rfbf-v7.1"
25,"Pyjama shark","Poroderma africanum","H","Osgood et al. (2020) - Chondrichthyans as an umbrella species-complex for conserving South African biodiversity.pdf","West","Medium",0,,"not_applicable","not_applicable","non-kelp","unspecified","not_applicable","no","Pyjama catshark is observed on BRUV in the kelp region and this study's RDA (Fig 6) places it with roman on deeper rocky-reef sites: a level-0 observed_alternative (non-kelp reef habitat). The statement that catsharks are 'abundant on reefs and in kelp' is attributed to Osgood et al. 2019 (citation ",,"agent:opus:rfbf-v7.1"
25,"Pyjama shark","Poroderma africanum","H","Pollom et al. (2020) - Poroderma africanum, IUCN Red List assessment.pdf","Both","Medium",1,,"not_applicable","not_applicable","not_applicable","unspecified","within","no","The source is a 2020 IUCN Red List species profile (a secondary/synthesis assessment). Only the habitat route is assessable. The assessment documents that Poroderma africanum occurs in kelp beds (Habitat and Ecology prose, E01) and codes Macroalgal/Kelp as a resident, suitable habitat of major impor",,"agent:opus:rfbf-v7.1"
25,"Pyjama shark","Poroderma africanum","H","Pradervand and Govender (2003) - Assessment of catches in shore angling competitions from the border region of the Eastern Cape, South Africa.pdf","East","High",0,,"not_applicable","not_applicable","non-kelp","adult","not_applicable","no","Striped/pyjama catshark positively identified (n=165, all mature) in the Border surf-zone catch, Eastern Cape (East of kelp limit). Level-0 observed_alternative habitat record. No diet data; trophic route unassessed.",,"agent:opus:rfbf-v7.1"
25,"Pyjama shark","Poroderma africanum","H","Pradervand and Hiseman (2006) - An analysis of the recreational shore fishery in the Goukamma Marine Protected Area.pdf","East","Medium",0,,"not_applicable","not_applicable","non-kelp","unspecified","not_applicable","no","Table 1 records 1 striped/pyjama catshark (Poroderma africanum) in the Goukamma MPA shore fishery, east of the eastern kelp limit, in non-kelp reef/rocky coastal habitat. Occurrence only (single specimen), no diet or kelp-structure use, no measured availability. Level-0 observed-alternative habitat ",,"agent:opus:rfbf-v7.1"
25,"Pyjama shark","Poroderma africanum","H","Pretorius (2012) - Factors influencing the development and mortality rate of shy and cat shark embryos in South African waters.pdf","West","Low",2,,"not_applicable","not_applicable","reproduction","adult","uncertain","no","Poroderma africanum is in the species frame (model_scope=true) and was recorded as the author's own field observations (n=62 egg cases) in False Bay / Cape Peninsula (West region). Sea fans are the near-exclusive substratum (97%, observed non-kelp alternative). Within the minor 3.2% fraction, egg ca",,"agent:opus:rfbf-v7.1"
25,"Pyjama shark","Poroderma africanum","H","Pretorius and Griffiths (2013) - Patterns of egg deposition and egg development in the catsharks Poroderma pantherinum and Haploblepharus pictus.pdf","West","Low",2,,"not_applicable","not_applicable","reproduction","adult","uncertain","no","P. africanum egg cases were incidentally collected in the same False Bay (Western Cape, within the Ecklonia maxima range) surveys and included as primary observations. Table 1 (visually verified; n = 63) records 2% of egg cases deposited on kelp, and the prose confirms egg cases 'found either around",,"agent:opus:rfbf-v7.1"
25,"Pyjama shark","Poroderma africanum","H","Roberson et al. (2015) - First survey of fishes in Betty's bay along South Africa s temperate south west coast.pdf","West","Medium",1,,"not_applicable","not_applicable","not_applicable","unspecified","within","no","SIMPER shows P. africanum abundant in all three habitats, including kelp (p548), and it is one of the three most frequently recorded species. This documents occurrence in kelp forest (Level 1 co-occurrence). It also occupies reef and sand (observed alternatives). No structural action involving kelp ",,"agent:opus:rfbf-v7.1"
25,"Pyjama shark","Poroderma africanum","H","Rooth and Watson (2024) - Predator avoidance by mesopredatory benthic sharks.pdf","West","Low",0,,"not_applicable","not_applicable","non-kelp","unspecified","not_applicable","no","Poroderma africanum was reported as occasionally observed on the authors' BRUV deployments in the Gansbaai / greater Dyer Island area, a reef-and-kelp ecosystem, though it was never filmed alongside a potential predator. This is a primary observation of the species occurring in the study area, suppo",,"agent:opus:rfbf-v7.1"
25,"Pyjama shark","Poroderma africanum","H","Scarponi et al. (2021) - Physiological response to capture stress in endemic Southern African catsharks.pdf","East","Medium",0,,"not_applicable","not_applicable","non-kelp","unspecified","not_applicable","no","The source is a capture-stress physiology study. Poroderma africanum is an in-scope species that the authors physically captured (n=15) at two named rocky reefs in Mossel Bay (34.17S, 22.08E) at 5.6-19.6 m depth. Mossel Bay lies east of the eastern kelp limit near Cape Agulhas/De Hoop, so this is a ",,"agent:opus:rfbf-v7.1"
25,"Pyjama shark","Poroderma africanum","H","Schmole et al. (2020) - All washed up, spatial and temporal variation in the wash-up and fate of chondrichthyan egg cases along a section of the Garden Route, South Africa.pdf","East","Medium",0,,"not_applicable","not_applicable","reproduction","adult","not_applicable","no","Poroderma africanum egg cases were collected in the greater Plettenberg Bay area (Table 2: 53 cases), documenting the species' occurrence and reproduction in a coastal area east of the eastern kelp limit (East region, non-kelp coast). The habitat route is assessed: the species deposits eggs on rocky",,"agent:opus:rfbf-v7.1"
25,"Pyjama shark","Poroderma africanum","H","Smale et al. (1993) - Analysis of the demersal community of fish and cephalopods on the Agulhas Bank, South Africa.pdf","East","Low",0,,"not_applicable","not_applicable","non-kelp","unspecified","not_applicable","no","Pyjama shark taken in Agulhas Bank demersal trawls (Appendix 1), noted as a low-relief-reef/lithophilic species on the shelf; occurrence in non-kelp habitat east of the kelp limit. Level-0 observed_alternative on the habitat route.",,"agent:opus:rfbf-v7.1"
25,"Pyjama shark","Poroderma africanum","H","Smale et al. (1995) - Attempted ambush predation on spawning squid by Poroderma africanum.pdf","East","Medium",0,,"not_applicable","not_applicable","non-kelp","unspecified","not_applicable","no","Poroderma africanum was directly observed sheltering and ambush-hunting on a rocky-reef/sand substratum with rhodophytes at Tsitsikamma (East region), with at least 20 individuals lying partially hidden in squid egg beds and others emerging from reef caves and cracks. This documents the species occu",,"agent:opus:rfbf-v7.1"
25,"Pyjama shark","Poroderma africanum","H","Smale et al. (2001) - Behavioural interactions of predators and spawning chokka squid off South Africa.pdf","East","Medium",0,,"not_applicable","not_applicable","non-kelp","unspecified","not_applicable","no","Poroderma africanum documented sheltering in reef caves and occupying rocky reef/egg-bed habitat on Eastern Cape spawning grounds. Documented use of a non-kelp structural habitat, level-0 observed_alternative on the habitat route.",,"agent:opus:rfbf-v7.1"
25,"Pyjama shark","Poroderma africanum","H","Smith (1999) - Population biology and ecology of octopuses in the southwestern Cape - a study towards the establishment of a small-scale octopus fishery.pdf","West","Medium",0,,"not_applicable","not_applicable","non-kelp","unspecified","not_applicable","no","The author's own baited-count survey (Table 5.2) records Poroderma africanum, an in-scope species, on reef at ~4 m depth at three False Bay sites (West region), December 1997 to February 1998. Per protocol, recording an in-scope species on reef is an observed alternative (non-kelp habitat), coded at",,"agent:opus:rfbf-v7.1"
25,"Pyjama shark","Poroderma africanum","H","Smith and Griffiths (1997) - Shark and skate egg-cases cast up on two South African beaches and their rates of hatching success, or causes of death.pdf","Both","Medium",0,,"not_applicable","not_applicable","reproduction","adult","uncertain","yes","P. africanum is in scope and its egg-cases are part of the collection at both sites. The source documents that Poroderma egg-cases attach by corner tendrils to 'the stipes of large algae, or the branches of gorgonians' and are secured to 'algae and rock' during egg-laying. This is a documented repro",,"agent:opus:rfbf-v7.1"
25,"Pyjama shark","Poroderma africanum","H","Trotter et al. (2024) - Short-term effects of standard procedures associated with surgical transmitter implantation on a benthic shark species requiring anaesthesia.pdf","East","Medium",0,,"not_applicable","not_applicable","non-kelp","adult","not_applicable","no","Poroderma africanum is an in-scope endemic benthic catshark. This is a captive study quantifying activity-state/stress responses to surgical transmitter implantation; its substantive results (ODBA, hidden Markov activity states) are irrelevant to kelp. The only field observation is the collection: 2",,"agent:opus:rfbf-v7.1"
25,"Pyjama shark","Poroderma africanum","H","Wallace et al. (1984) - Inshore small-mesh trawling survey of the Cape south coast. Part 1. Introduction, methods, stations and catches.pdf","East","Low",0,,"not_applicable","not_applicable","non-kelp","unspecified","not_applicable","no","Pyjama/striped catshark taken in the soft-bottom trawl survey east of the kelp coast; non-kelp habitat occurrence. Level 0 observed_alternative on the habitat route.",,"agent:opus:rfbf-v7.1"
25,"Pyjama shark","Poroderma africanum","H","Watson (2013) - Baited remote underwater survey of chondrichthyans in False Bay, South Africa.pdf","West","High",0,,"not_applicable","not_applicable","non-kelp","unspecified","not_applicable","no","Poroderma africanum was the second most frequently recorded chondrichthyan (47 of 95 BRUV sites, sum MaxN 80) on the sand and rocky-reef benthos of False Bay, which lies within the Ecklonia maxima (West) range. SIMPER placed it among the species dominating reef communities. The study measured only s",,"agent:opus:rfbf-v7.1"
25,"Pyjama shark","Poroderma africanum","H","Yeld (2009) - Parasite assemblages of three endemic catshark species from the west and south coasts of South Africa.pdf","Both","Medium",0,,"not_applicable","not_applicable","non-kelp","adult","not_applicable","no","Yeld (2009) is a primary parasitology thesis. Of the species in the frame, only Poroderma africanum was actually sampled as a study host: 14 individuals captured at Granger Bay (3) and western False Bay (2) on the West coast and De Hoop Nature Reserve (9) on the south coast (Table 7.1), by SCUBA bai",,"agent:opus:rfbf-v7.1"
25,"Pyjama shark","Poroderma africanum","T","Burger (1990) - The distribution patterns and community structure of the Tsitsikamma rocky littoral ichthyofauna.pdf","East","High",0,,"non_kelp","not_applicable","not_applicable","adult","not_applicable","no","East-region diet record beyond the kelp coast. Burger's own stomach-content analysis of Poroderma africanum (Brachyura, Cephalopoda) shows consumption of non-kelp reef prey; no kelp or kelp-food-web link is identified. Level-0 observed_alternative on the trophic route.",,"agent:opus:rfbf-v7.1"
25,"Pyjama shark","Poroderma africanum","T","Caracausi et al. (2024) - Trophic ecology of the pyjama shark Poroderma africanum elucidated by stable isotopes.pdf","East","High",0,,"non_kelp","not_applicable","not_applicable","both","not_applicable","no","Primary stable-isotope diet study of Poroderma africanum (in scope) at three sites inside Mossel Bay, Western Cape, on the south coast well east of the Cape Agulhas/De Hoop kelp limit, hence East region and outside the Ecklonia maxima range. Diet was reconstructed by muscle-tissue SIA and SIMMR mixi",,"agent:opus:rfbf-v7.1"
25,"Pyjama shark","Poroderma africanum","T","Dainty (2002) - Biology and ecology of four catshark species in SA.pdf","West","High",0,,"non_kelp","uncertain","not_applicable","both","not_applicable","yes","The source performed a quantitative stomach-content analysis on 121 P. africanum, a substantial primary diet study of an in-scope species, so the trophic route is genuinely assessed rather than silent. Table 2.3, verified on the rendered page (E16), is a complete prey inventory identified to the low",,"agent:opus:rfbf-v7.1"
25,"Pyjama shark","Poroderma africanum","T","Haywood (1974) - Studies on osmotic and ionic regulation of Poroderma africanum (Gmelin) striped dogfish.pdf","West","Medium",0,,"non_kelp","not_applicable","not_applicable","unspecified","not_applicable","no","The thesis documents the diet of Poroderma africanum from stomach-content examination of animals it collected on the Cape Peninsula (West region): crayfish (rock lobster), molluscs (Donax, Bullia), small teleosts, and a preference for cephalopods (octopus, cuttlefish). This is the author's own prima",,"agent:opus:rfbf-v7.1"
25,"Pyjama shark","Poroderma africanum","T","Lechanteur and Griffiths (2002) - Diets of common suprabenthic reef fish in False Bay, South Africa.pdf","West","High",0,,"non_kelp","not_applicable","not_applicable","adult","not_applicable","no","Primary quantified diet (40 stomachs, adult) documents a benthic macro-predator taking Jasus lalandii, cephalopods and fish in False Bay; no source-stated kelp trophic link. Trophic observed_alternative, level 0. (Jasus lalandii and Octopus vulgaris appear only as prey and are not coded on their own",,"agent:opus:rfbf-v7.1"
25,"Pyjama shark","Poroderma africanum","T","Sauer and Smale (1991) - Predation patterns on squid Loligo vulgaris reynaudll.pdf","East","High",0,,"non_kelp","outside","not_applicable","unspecified","not_applicable","no","Quantified stomach contents for Poroderma africanum (n = 7, Table Ib, p. 516) from the south-eastern Cape spawning grounds, east of the eastern kelp limit. All identified prey are non-kelp crustaceans and teleosts. Kelp is never measured or mentioned as food or habitat in the source. Level-0 observe",,"agent:opus:rfbf-v7.1"
25,"Pyjama shark","Poroderma africanum","T","Smale et al. (1995) - Attempted ambush predation on spawning squid by Poroderma africanum.pdf","East","Medium",0,,"non_kelp","outside","not_applicable","unspecified","not_applicable","no","The source directly recorded Poroderma africanum attempting to capture and ingest spawning squid (a non-kelp prey) on a rocky-reef substratum outside the kelp range, and cites squid and octopod occurrence in shark stomachs. The prey and the whole spawning-ground food web here have no stated link to ",,"agent:opus:rfbf-v7.1"
25,"Pyjama shark","Poroderma africanum","T","Smale et al. (2001) - Behavioural interactions of predators and spawning chokka squid off South Africa.pdf","East","High",0,,"non_kelp","not_applicable","not_applicable","unspecified","not_applicable","no","East-coast video record of Poroderma africanum ambushing, subduing and swallowing a spawning female squid, a non-kelp prey. Level-0 observed_alternative on the trophic route. The earlier ambush-predation account of Smale et al. (1995) is a separate citation lead.",,"agent:opus:rfbf-v7.1"
26,"White musselcracker","Sparodon durbanensis","H","Attwood et al. (2016) - Seasonally and spatially referenced estimates of recreational shore-angling effort, catch composition, catch rates and total catch in the Goukamma Marine Protected Area, South Africa.pdf","East","Medium",0,,"not_applicable","not_applicable","non-kelp","both","not_applicable","no","White musselcracker (25 fish, 2.0%) caught in the non-kelp Goukamma MPA; SIMPER identifies it as a rocky-shore fish, catches dispersed along mixed rock and sand, with a Buffalo Bay gulley producing many juveniles below the legal size. Level-0 observed_alternative on the habitat route; life stage bot",,"agent:opus:rfbf-v7.1"
26,"White musselcracker","Sparodon durbanensis","H","Beckley (1983) - The ichthyofauna associated with Zostera capensis Setchell in the Swartkops estuary, South Africa.pdf","East","Low",0,,"not_applicable","not_applicable","non-kelp","juvenile","not_applicable","no","A single juvenile white musselcracker (Sparodon durbanensis, 18 mm), a rocky-shore resident, was caught in the Zostera beds of an East-coast estuary. Documented occupancy of a non-kelp habitat at the sampled place/time/stage gives a level-0 observed_alternative habitat record. Low specificity (one s",,"agent:opus:rfbf-v7.1"
26,"White musselcracker","Sparodon durbanensis","H","Beckley (1988) - Biology of juvenile Sparodon durbanensis.pdf","East","High",0,,"not_applicable","not_applicable","non-kelp","juvenile","not_applicable","no","The source documents juvenile Sparodon durbanensis occupying lower balanoid zone intertidal tidal pools at four localities along a 10 km stretch of rocky coast west of Port Elizabeth, Eastern Cape, sampled monthly by rotenone over two years (E10, E11, E12). Occupancy of this non-kelp habitat is quan",,"agent:opus:rfbf-v7.1"
26,"White musselcracker","Sparodon durbanensis","H","Beckley and Buxton (1989) - UNDERWATER OBSERVATIONS OF REEF FISH IN AND AROUND ALGOA BAY, SOUTH AFRICA.pdf","East","Medium",0,,"not_applicable","not_applicable","non-kelp","both","not_applicable","no","White musselcracker observed infrequently (5% at Philip's Reef), adults and juveniles, on non-kelp rocky reef East of the kelp range; associated with high-energy rocky shores. Level-0 observed_alternative on the habitat route.",,"agent:opus:rfbf-v7.1"
26,"White musselcracker","Sparodon durbanensis","H","Bennett & Attwood (1993)-Shore-angling catches in the De Hoop Nature Reserve  South Africa  and further evidence for the protective value of marine reserves.pdf","East","Medium",0,,"not_applicable","not_applicable","non-kelp","unspecified","not_applicable","no","Sparodon durbanensis (n=71) was caught by shore-angling at De Hoop in a non-kelp aeolianite beach-rock and sand surf zone at the eastern edge of the Ecklonia maxima range. Documented occurrence in non-kelp habitat with no diet or kelp-structure observation gives a level-0 observed_alternative on the",,"agent:opus:rfbf-v7.1"
26,"White musselcracker","Sparodon durbanensis","H","Brouwer and Buxton (2002) - Catch and effort of the shore and skiboat linefisheries along the South African Eastern Cape coast.pdf","East","Low",0,,"not_applicable","not_applicable","non-kelp","unspecified","not_applicable","no","White musselcracker recorded in the Eastern Cape shore catch, east of the kelp limit: level-0 observed_alternative, habitat route.",,"agent:opus:rfbf-v7.1"
26,"White musselcracker","Sparodon durbanensis","H","Bullock et al. (2021) - A decade of surf-zone linefish monitoring in the Dwesa-Cwebe Marine Protected Area.pdf","East","Medium",0,,"not_applicable","not_applicable","non-kelp","unspecified","not_applicable","no","White musselcracker was captured (n=54) over rocky-reef habitat in the Dwesa-Cwebe MPA on the Eastern Cape east coast, beyond the eastern kelp limit. Observed occupying non-kelp East-coast habitat with no kelp or diet data: level-0 habitat observed_alternative. Trophic route unassessed.",,"agent:opus:rfbf-v7.1"
26,"White musselcracker","Sparodon durbanensis","H","Burger (1990) - The distribution patterns and community structure of the Tsitsikamma rocky littoral ichthyofauna.pdf","East","High",0,,"not_applicable","not_applicable","non-kelp","juvenile","not_applicable","no","East-region record beyond the kelp coast. Juvenile Sparodon durbanensis (TL 21-125mm) dominated non-kelp upper intertidal rock-pools at Tsitsikamma, where no kelp forest occurs. Documented occurrence in a non-kelp nursery habitat: level-0 observed_alternative on the habitat route.",,"agent:opus:rfbf-v7.1"
26,"White musselcracker","Sparodon durbanensis","H","Buxton and Clarke (1991) - Biology of Sparodon durbanensis.pdf","East","Medium",0,,"not_applicable","not_applicable","non-kelp","both","not_applicable","no","Level 0, observed alternative. The habitat observations are the study's own underwater work: SCUBA spearfishing on inshore reefs shallower than 20 m in the Tsitsikamma National Park and off the rocky coastline west of Port Elizabeth, rotenone sampling in subtidal water shallower than 2 m between Loo",,"agent:opus:rfbf-v7.1"
26,"White musselcracker","Sparodon durbanensis","H","Clarke (1988) - Biological aspects of Sparodon durbanensis and Pachymetopon grande.pdf","East","Medium",0,,"not_applicable","not_applicable","non-kelp","both","not_applicable","no","Diving observations document Sparodon durbanensis occupying inshore rocky reefs (<20 m) in the Eastern Cape, on reefs dominated by rhodophytes, Pyura stolonifera and encrusting invertebrates; juveniles occupy shallow (<2 m) subtidal waters and intertidal pools. The habitat is rocky reef, not kelp, a",,"agent:opus:rfbf-v7.1"
26,"White musselcracker","Sparodon durbanensis","H","Coetzee and Baird (1981) - Catch composition and catch per unit effort of anglers' catches off St Croix Island.pdf","East","Medium",0,,"not_applicable","not_applicable","non-kelp","unspecified","not_applicable","no","White musselcracker, among predominant species in the St Croix Island angler catch at a non-kelp East-region rocky reef → level-0 observed_alternative on the habitat route.",,"agent:opus:rfbf-v7.1"
26,"White musselcracker","Sparodon durbanensis","H","De Vos et al. (2014) - Optimal BRUVs survey design for reef fish monitoring in the Stilbaai Marine Protected Area.pdf","East","Low",0,,"not_applicable","not_applicable","non-kelp","unspecified","not_applicable","no","Recorded at 3 of 29 BRUVs sites on non-kelp sandstone reef at Stilbaai, east of the kelp limit. No kelp present or measured; a level-0 observed_alternative on the habitat route. Feeding guild is secondary; trophic route unassessed.",,"agent:opus:rfbf-v7.1"
26,"White musselcracker","Sparodon durbanensis","H","Dicken et al. (2012) - Long-term catch and effort trends in Eastern Cape Angling Week competitions.pdf","East","Medium",0,,"not_applicable","not_applicable","non-kelp","adult","not_applicable","no","Eastern Cape shore fishery east of the kelp limit; Table 1 records Sparodon durbanensis caught in non-kelp habitat (446 fish), a rocky-reef teleost fished from rocky-shore/subtidal-reef areas (non-kelp, East). Level-0 observed_alternative on the habitat route. Trophic route unassessed (no diet data)",,"agent:opus:rfbf-v7.1"
26,"White musselcracker","Sparodon durbanensis","H","Dopolo et al. (2013) - Line Fish conference paper.pdf","Both","Low",0,,"not_applicable","not_applicable","non-kelp","unspecified","not_applicable","no","White musselcracker caught by shore anglers adjacent to Agulhas NP (n=8); catch record with no kelp or diet observation. Level-0 observed_alternative on the habitat route. Region Both (ANP straddles the kelp limit).",,"agent:opus:rfbf-v7.1"
26,"White musselcracker","Sparodon durbanensis","H","Dunlop and Mann (2012) - An assessment of participation, catch and effort in the KwaZulu-Natal shore-based marine linefishery, with comments on management effectiveness.pdf","East","Medium",0,,"not_applicable","not_applicable","non-kelp","unspecified","not_applicable","no","Sparodon durbanensis (white musselcracker) was caught (5) in the KZN (East) non-kelp shore fishery. Documented occurrence in non-kelp east-coast habitat = level-0 observed_alternative (habitat route). No diet or kelp data.",,"agent:opus:rfbf-v7.1"
26,"White musselcracker","Sparodon durbanensis","H","Götz et al. (2008) - Selected fishery and population parameters of eight shore-angling species in the Tsitsikamma National Park no-take marine reserve.pdf","East","High",0,,"not_applicable","not_applicable","non-kelp","unspecified","not_applicable","no","White musselcracker caught in the TNP shore-angling survey (Table 1, n=433) at a non-kelp rocky-reef site on the Eastern Cape coast. Occurrence documented; no diet data and no kelp structural action. Level-0 observed_alternative on the habitat route. Trophic route unassessed.",,"agent:opus:rfbf-v7.1"
26,"White musselcracker","Sparodon durbanensis","H","Gotz et al. (2009) - Effects of fishing on a temperate reef community in South Africa 1, ichthyofauna.pdf","East","Low",0,,"not_applicable","not_applicable","non-kelp","unspecified","not_applicable","no","White musselcracker was recorded by UVC at Goukamma rocky-reef sites in the East region, occupying non-kelp rocky reef without kelp measured or mentioned: Level 0 observed alternative on the habitat route.",,"agent:opus:rfbf-v7.1"
26,"White musselcracker","Sparodon durbanensis","H","Götz et al. (2009) - fishing on a temperate reef community in South Africa 1- ichthyofauna.pdf","East","Low",0,,"not_applicable","not_applicable","non-kelp","unspecified","not_applicable","no","Sparodon durbanensis (white musselcracker) was recorded on warm-temperate rocky reef at the Goukamma MPA study area (south-east coast, near Knysna), which lies east of the Cape Agulhas kelp limit and outside the Ecklonia maxima range. The UVC survey over rocky substrate documents the species occupyi",,"agent:opus:rfbf-v7.1"
26,"White musselcracker","Sparodon durbanensis","H","Griffiths (2000) - Long-term trends in catch and effort of commercial linefish off South Africa's Cape Province.pdf","East","Low",0,,"not_applicable","not_applicable","non-kelp","unspecified","not_applicable","no","Fishery-independent survey documents white musselcracker (Sparodon durbanensis; 'Musselcracker' in Table I, distinct from poenskop/black musselcracker listed separately) on Southern Cape reef complexes. Non-kelp reef habitat occurrence, single individuals; kelp not measured or mentioned. Level-0 obs",,"agent:opus:rfbf-v7.1"
26,"White musselcracker","Sparodon durbanensis","H","Grundlingh et al. (2023) - Could extremophilia be a life history strategy in late-stage larvae of Sparodon durbanensis.pdf","East","High",0,,"not_applicable","not_applicable","non-kelp","both","not_applicable","no","Focal species: 57 postflexion larvae and 162 early juveniles were hand-net collected across three supratidal microbialite-pool sites near Gqeberha on the southeast coast (East region, beyond the Cape Agulhas kelp limit). The habitat is supratidal high-shore rocky/microbialite pools, a non-kelp habit",,"agent:opus:rfbf-v7.1"
26,"White musselcracker","Sparodon durbanensis","H","Hanekom et al. (1989) - Sea temperature variations in the Tsitsikamma Coastal National Park, South Africa, with notes on the effect of cold conditions on some fish populations.pdf","East","Medium",0,,"not_applicable","not_applicable","non-kelp","adult","not_applicable","no","Large adult white musselcracker observed sheltering in the warm Storms River mouth during cold conditions on the East coast. Occupancy of a non-kelp thermal refuge; kelp not measured or mentioned. Level-0 observed_alternative habitat record.",,"agent:opus:rfbf-v7.1"
26,"White musselcracker","Sparodon durbanensis","H","Hanekom et al. (1997) - Shore-angling catches in the Tsitsikamma National Park, 1989-1995.pdf","East","High",0,,"not_applicable","not_applicable","non-kelp","unspecified","not_applicable","no","White musselcracker recorded in TNP fishing on the shallow rocky reef, a non-kelp coast east of the kelp limit: level 0 observed_alternative, habitat route. Trophic route unassessed.",,"agent:opus:rfbf-v7.1"
26,"White musselcracker","Sparodon durbanensis","H","Jairam (2005) - COMMERCIAL AND RECREATIONAL MARINE SKIBOAT LINEFISHERIES IN RICHARDS BAY.pdf","East","Low",0,,"not_applicable","not_applicable","non-kelp","unspecified","not_applicable","no","White musselcracker recorded in the Richards Bay commercial (1) and recreational (1) catches, beyond the eastern kelp limit. Documents occurrence in a non-kelp east-coast reef setting (level-0 observed_alternative, habitat route). No kelp assessed; trophic route unassessed.",,"agent:opus:rfbf-v7.1"
26,"White musselcracker","Sparodon durbanensis","H","James et al (2012)-Temporal variability of temperate fish assemblahe in Africas oldest MPA.pdf","East","High",0,,"not_applicable","not_applicable","non-kelp","unspecified","not_applicable","no","Abundant, consistently caught by shore-angling on the non-kelp East-region reef of TNP; occupancy of non-kelp habitat only. Level-0 observed_alternative on the habitat route; trophic route unassessed.",,"agent:opus:rfbf-v7.1"
26,"White musselcracker","Sparodon durbanensis","H","Kok and Whitfield (1986) - The influence of open and closed mouth phases on the marine fish fauna of the Swartvlei estuary.pdf","East","Medium",0,,"not_applicable","not_applicable","non-kelp","juvenile","not_applicable","no","Captured by large-seine netting in the Swartvlei estuary (Cape south coast, 34°S 22°46′E), a seagrass and sand-flat estuarine system east of the Agulhas kelp limit (Table 1). This documents an in-scope species occupying a non-kelp estuarine habitat; kelp is neither observed nor mentioned. Level 0 ob",,"agent:opus:rfbf-v7.1"
26,"White musselcracker","Sparodon durbanensis","H","Lamberth (2008) - Approaches to assessing the status of nearshore and estuarine fish and fisheries and their responses to environmental change.pdf","East","Low",0,,"not_applicable","not_applicable","non-kelp","unspecified","not_applicable","no","White musselcracker recorded in estuaries east of the kelp limit (south/east). Level-0 observed_alternative (non-kelp estuarine habitat). Region East.",,"agent:opus:rfbf-v7.1"
26,"White musselcracker","Sparodon durbanensis","H","Lamberth and Turpie (2003) - The role of estuaries in South African fisheries, economic importance and management implications.pdf","East","Medium",0,,"not_applicable","not_applicable","non-kelp","unspecified","not_applicable","no","White musselcracker (Category III) is documented occurring in and caught from South/East/Transkei/KZN estuaries (Table II; Table V, 2.76 t), a non-kelp habitat. Level-0 observed_alternative on the habitat route; kelp never assessed. Region East (no West Coast presence in this source).",,"agent:opus:rfbf-v7.1"
26,"White musselcracker","Sparodon durbanensis","H","Lasiak (1984).pdf","East","Medium",0,,"not_applicable","not_applicable","non-kelp","unspecified","not_applicable","no","Sparodon durbanensis (white musselcracker), a single large specimen caught in the King's Beach sandy surf-zone (East). Occupancy of non-kelp habitat = level-0 observed_alternative.",,"agent:opus:rfbf-v7.1"
26,"White musselcracker","Sparodon durbanensis","H","Lloyd et al. (2011) - Ocean warming alters species abundance patterns and increases species diversity in an African sub-tropical reef-fish community.pdf","East","Medium",0,,"not_applicable","not_applicable","non-kelp","unspecified","not_applicable","no","Sparodon durbanensis (white musselcracker) is recorded in the KwaZulu-Natal offshore-reef spear-fishing catch (28.0–31.6°S; East region), with 12 individuals shot 1989–2007 (Appendix A). Documents a reef sparid occupying non-kelp subtropical reef habitat; kelp is not measured or mentioned. Level-0 o",,"agent:opus:rfbf-v7.1"
26,"White musselcracker","Sparodon durbanensis","H","Mann et al. (2003) - Evaluation of participation in and management of the Transkei shore linefishery.pdf","East","Low",0,,"not_applicable","not_applicable","non-kelp","unspecified","not_applicable","no","White musselcracker caught along the non-kelp Transkei (East) shore-fishery (Table IV, n=3). Level-0 observed-alternative habitat record; no kelp-structural or diet observation.",,"agent:opus:rfbf-v7.1"
26,"White musselcracker","Sparodon durbanensis","H","Mann et al. (2006) - Towards the declaration of a large marine protected area, a subtidal ichthyofaunal survey of the Pondoland coast in the Eastern Cape, South Africa.pdf","East","Medium",0,,"not_applicable","not_applicable","non-kelp","unspecified","not_applicable","no","Counted in the Pondoland UVC (Table 1: N=1, density 0.08 per 1 000 m2) on non-kelp reefs, Eastern Cape. Level-0 observed_alternative on the habitat route.",,"agent:opus:rfbf-v7.1"
26,"White musselcracker","Sparodon durbanensis","H","Mann et al. (2022) - Monitoring the effects of spatial protection on the reef fish communities of the Pondoland Marine Protected Area, Eastern Cape Province, South Africa.pdf","East","Medium",0,,"not_applicable","not_applicable","non-kelp","unspecified","not_applicable","no","In-scope white musselcracker (Sparodon durbanensis) recorded on Pondoland reef (10–30 m, Eastern Cape east coast), east of the kelp range. Occupies non-kelp reef habitat; kelp neither measured nor mentioned. Level-0 observed_alternative on the habitat route; trophic route unassessed.",,"agent:opus:rfbf-v7.1"
26,"White musselcracker","Sparodon durbanensis","H","Mann et al. (2024) - Fish, fishers and the future, Proceedings of the 6th Southern African Marine Linefish Symposium.pdf","Both","Medium",0,,"not_applicable","not_applicable","non-kelp","both","not_applicable","no","Species-background statement in a tag-recapture study places adults on high-profile inshore reefs (<20 m) and juveniles in intertidal rock pools and subtidal gullies, across a range spanning the kelp coast (Cape Point) and the east coast (KZN). Non-kelp reef occupancy = level-0 observed_alternative ",,"agent:opus:rfbf-v7.1"
26,"White musselcracker","Sparodon durbanensis","H","Mann et al. (2025) - Distribution and movement patterns of white musselcracker Sparodon durbanensis, a South African endemic seabream.pdf","Both","Medium",0,,"not_applicable","not_applicable","non-kelp","both","not_applicable","no","This is a primary tag-recapture study of the movement and distribution of Sparodon durbanensis (in scope), tagged along the SE South African coast (Zones 4-20, Cape Columbine in the WC to south of the Thukela River in KZN; core Mazeppa Bay to De Hoop) between 1984 and 2023. Kelp (Ecklonia) is never ",,"agent:opus:rfbf-v7.1"
26,"White musselcracker","Sparodon durbanensis","H","Mkhize et al. (2024) - Habitat use by juvenile fish in macroalgae and seagrass beds in a temperate seascape.pdf","East","High",0,,"not_applicable","not_applicable","non-kelp","juvenile","not_applicable","no","Non-kelp study region and habitats. Juvenile (YOY) Sparodon durbanensis occupied the non-kelp Plocamium macroalga only (MaxN 0.5). Level-0 observed_alternative on the habitat route; kelp not assessed.",,"agent:opus:rfbf-v7.1"
26,"White musselcracker","Sparodon durbanensis","H","Mkhize et al. (2025) - Habitat use by juvenile fish in macroalgae and seagrass beds in a temperate South African seascape.pdf","East","Medium",0,,"not_applicable","not_applicable","non-kelp","juvenile","not_applicable","no","White musselcracker (young-of-the-year recruits) recorded by sRUV occupying non-kelp Plocamium corallorhiza macroalgae in Algoa Bay (East). No kelp present. Documented occupancy of a non-kelp habitat gives a level-0 observed_alternative on the habitat route.",,"agent:opus:rfbf-v7.1"
26,"White musselcracker","Sparodon durbanensis","H","Plass-Johnson et al. (2010) - Top-down effects on intertidal mussel populations in a South African marine protected area.pdf","East","Medium",0,,"not_applicable","not_applicable","non-kelp","unspecified","not_applicable","no","White musselcracker (Sparodon durbanensis) was recorded during snorkel census at Site 2 (one individual on 3 days) on rocky reef at Tsitsikamma National Park (East region, east of the eastern kelp limit). The primary datum is its visual-census presence in a non-kelp rocky-reef habitat, giving a leve",,"agent:opus:rfbf-v7.1"
26,"White musselcracker","Sparodon durbanensis","H","Pradervand (2004) - Long-term trends in the shore fishery of the Transkei coast, South Africa.pdf","East","Medium",0,,"not_applicable","not_applicable","non-kelp","unspecified","not_applicable","no","S. durbanensis recorded (n=82) in the Transkei shore fishery (East, non-kelp); no diet or kelp-structure observation. Level-0 observed_alternative on the habitat route.",,"agent:opus:rfbf-v7.1"
26,"White musselcracker","Sparodon durbanensis","H","Pradervand and Govender (2003) - Assessment of catches in shore angling competitions from the border region of the Eastern Cape, South Africa.pdf","East","High",0,,"not_applicable","not_applicable","non-kelp","unspecified","not_applicable","no","White musselcracker positively identified (n=55) in the Border surf-zone catch, Eastern Cape (East of kelp limit). Level-0 observed_alternative habitat record. No diet data; trophic route unassessed.",,"agent:opus:rfbf-v7.1"
26,"White musselcracker","Sparodon durbanensis","H","Pradervand and Hiseman (2006) - An analysis of the recreational shore fishery in the Goukamma Marine Protected Area.pdf","East","Medium",0,,"not_applicable","not_applicable","non-kelp","both","not_applicable","no","Table 1 records 135 white musselcracker (Sparodon durbanensis) in the Goukamma MPA shore fishery, east of the eastern kelp limit, in non-kelp coastal habitat. Occurrence only, no diet or kelp-structure use, no measured availability. Level-0 observed-alternative habitat record. Trophic route unassess",,"agent:opus:rfbf-v7.1"
26,"White musselcracker","Sparodon durbanensis","H","Pradervand et al. (2007) - Long-term trends in the competitive shore fishery along the KwaZulu-Natal coast, South Africa.pdf","East","Low",0,,"not_applicable","not_applicable","non-kelp","unspecified","not_applicable","no","White musselcracker recorded (n=135) in the East-coast non-kelp shore fishery. Documents occurrence on non-kelp inshore rocky habitat; kelp not assessed. Level-0 observed_alternative, habitat route.",,"agent:opus:rfbf-v7.1"
26,"White musselcracker","Sparodon durbanensis","H","Smale and Buxton (1988) - The subtidal gully fish community of the eastern Cape and the role of this habitat as a nursery area.pdf","East","Medium",0,,"not_applicable","not_applicable","non-kelp","juvenile","not_applicable","no","Sparodon durbanensis (white musselcracker) was collected as juveniles (n=49, 60–200 mm; smallest 61–90 mm) from the non-kelp red-algae rocky gullies of the eastern Cape (East, beyond the kelp limit). One of the species Beckley (1985a) identified as a tide-pool nursery user; here it uses subtidal gul",,"agent:opus:rfbf-v7.1"
26,"White musselcracker","Sparodon durbanensis","H","Sowman (1984) - An assessment of recreational carrying capacity at Infanta, South Cape.pdf","East","Medium",0,,"not_applicable","not_applicable","non-kelp","unspecified","not_applicable","no","Table 11 records 1 white musselcracker (3.0 kg). The species is documented occupying non-kelp East-coast rocky-reef habitat east of the kelp limit; no trophic or kelp-structural observation: level-0 observed_alternative on the habitat route. Trophic route unassessed.",,"agent:opus:rfbf-v7.1"
26,"White musselcracker","Sparodon durbanensis","H","Strydom (2008) - Utilization of shallow subtidal bays associated with warm temperate rocky shores by the late-stage larvae of some inshore fish species, South Africa.pdf","East","Medium",0,,"not_applicable","not_applicable","non-kelp","juvenile","not_applicable","no","Sparodon durbanensis postflexion larvae (40 individuals) were recorded in these non-kelp subtidal bays east of the kelp limit, a documented occurrence of an in-scope species in a non-kelp habitat, giving a level-0 observed_alternative habitat record. The source notes adults of this species are commo",,"agent:opus:rfbf-v7.1"
26,"White musselcracker","Sparodon durbanensis","H","Strydom et al. (2014) - Occurrence of larval fishes in a rocky shore-associated nursery area in temperate South Africa.pdf","East","Low",0,,"not_applicable","not_applicable","non-kelp","juvenile","not_applicable","no","Sparodon durbanensis was recorded as a single postflexion larva in Shark Bay, a non-kelp East-coast rocky-shore bay. Documented occupancy of a non-kelp habitat by an in-scope species: level-0 observed_alternative on the habitat route. Specificity low (single individual).",,"agent:opus:rfbf-v7.1"
26,"White musselcracker","Sparodon durbanensis","H","Venter and Mann (2012) - Preliminary assessment of surf-zone and estuarine line-fish species of the Dwesa-Cwebe Marine Protected Area.pdf","East","Medium",0,,"not_applicable","not_applicable","non-kelp","unspecified","not_applicable","no","Recorded in the East-region non-kelp surf-zone (7 individuals, 0.66%). Kelp neither measured nor mentioned. Level-0 observed_alternative on the habitat route. No diet data, trophic route unassessed.",,"agent:opus:rfbf-v7.1"
26,"White musselcracker","Sparodon durbanensis","H","Watt-pringle et al. (2013) - Residency and small-scale movement of three sparid fishes.pdf","East","High",0,,"not_applicable","not_applicable","non-kelp","juvenile","not_applicable","no","Sparodon durbanensis is model_scope=true. Tagged juvenile white musselcracker are directly observed occupying rocky subtidal gullies (sheltering beneath rocks) at Schoenmakerskop (Eastern Cape, east of the kelp limit), a non-kelp habitat where kelp is neither measured nor mentioned. This documented ",,"agent:opus:rfbf-v7.1"
26,"White musselcracker","Sparodon durbanensis","H","Whitfield (2005) - Preliminary documentation and assessment of fish diversity in sub-Saharan African estuaries.pdf","East","Low",0,,"not_applicable","not_applicable","non-kelp","unspecified","not_applicable","yes","Sparodon durbanensis (white musselcracker, marine straggler) is listed in south-eastern warm-temperate estuaries (Table 3 cont.), documenting non-kelp (estuarine) habitat occupancy in the East region -> level-0 observed_alternative, habitat route. Secondary compilation.",,"agent:opus:rfbf-v7.1"
26,"White musselcracker","Sparodon durbanensis","H","Whitfield et al. (2023) - Fishes of the Knysna Estuary.pdf","East","Low",0,,"not_applicable","not_applicable","non-kelp","adult","not_applicable","no","Adult white musselcracker is documented taking up residence in the Knysna Estuary during upwelling events, a non-kelp habitat, giving a level-0 observed_alternative habitat record.",,"agent:opus:rfbf-v7.1"
26,"White musselcracker","Sparodon durbanensis","T","Beckley (1988) - Biology of juvenile Sparodon durbanensis.pdf","East","High",0,,"non_kelp","outside","not_applicable","juvenile","not_applicable","no","The source is a primary two-year diet and biology study of juvenile Sparodon durbanensis collected by rotenone from lower balanoid zone tidal pools west of Port Elizabeth, Eastern Cape (E01, E02). Kelp, Ecklonia, and the kelp food web are never mentioned anywhere in the article, and the sampling loc",,"agent:opus:rfbf-v7.1"
26,"White musselcracker","Sparodon durbanensis","T","Buxton and Clarke (1991) - Biology of Sparodon durbanensis.pdf","East","High",0,,"non_kelp","outside","not_applicable","both","not_applicable","no","Level 0, observed alternative. All material was collected between Knysna and East London (E01), and Fig. 1, checked on the rendered page, plots every locality between about 23 and 28 degrees E, entirely beyond the eastern kelp limit near Cape Agulhas and De Hoop. The record is a southern African obs",,"agent:opus:rfbf-v7.1"
26,"White musselcracker","Sparodon durbanensis","T","Clarke (1988) - Biological aspects of Sparodon durbanensis and Pachymetopon grande.pdf","East","High",0,,"non_kelp","not_applicable","not_applicable","both","not_applicable","no","Sparodon durbanensis is a benthic invertebrate-feeder in the Eastern Cape (Knysna–East London, entirely east of the kelp limit). Adult (Table 14) and sub-adult (Table 13) diets are dominated by hard-shelled reef invertebrates (gastropods, Pyura stolonifera, Parechinus angulosus, Dinoplax gigas, Hali",,"agent:opus:rfbf-v7.1"
26,"White musselcracker","Sparodon durbanensis","T","Mann et al. (2024) - Fish, fishers and the future, Proceedings of the 6th Southern African Marine Linefish Symposium.pdf","Both","Medium",0,,"non_kelp","not_applicable","not_applicable","adult","not_applicable","no","Species-background statement describes a durophagous diet of benthic invertebrates (gastropods, echinoids, crustaceans). Non-kelp trophic resource use with no kelp food-web link = level-0 observed_alternative (trophic, non_kelp).",,"agent:opus:rfbf-v7.1"
27,"White stumpnose","Rhabdosargus globiceps","H","Attwood and Ensair (2020) - Life history trade offs among four sympatric seabreams.pdf","West","Low",0,,"not_applicable","not_applicable","non-kelp","both","not_applicable","no","The source documents R. globiceps occupying a west-coast kelp-region locality (Saldanha Bay, 1 145 fish, 2003-2010, including 34 immature fish; E03) and characterises the habitat occupied as reef and soft sediment, with this species uniquely extending into deep water where algae are absent (E04, E05",,"agent:opus:rfbf-v7.1"
27,"White stumpnose","Rhabdosargus globiceps","H","Attwood et al (2007)-First tracking of Rhabdosargus globiceps in SA MAP.pdf","West","Medium",0,,"not_applicable","not_applicable","non-kelp","unspecified","not_applicable","no","The source is a primary acoustic-telemetry study of white stumpnose (Rhabdosargus globiceps, model_scope=true) in Langebaan Lagoon on the South African West Coast (West region). Four fish were tracked over a 12-day period and were directly observed occupying the lagoon's deep soft-sediment channels ",,"agent:opus:rfbf-v7.1"
27,"White stumpnose","Rhabdosargus globiceps","H","Attwood et al (2010)-Life history parameters of Rhabdosargus globiceps in Saldanha Bay.pdf","West","Medium",0,,"not_applicable","not_applicable","non-kelp","both","not_applicable","no","Life-history study (reproduction, age, growth, maturity) of Rhabdosargus globiceps sampled by rod-and-line and gillnet over 24 months in Saldanha Bay, a sheltered west-coast embayment (average depth ca. 10 m, including Langebaan Lagoon). The source documents the in-scope species occupying a non-kelp",,"agent:opus:rfbf-v7.1"
27,"White stumpnose","Rhabdosargus globiceps","H","Attwood et al. (2011) - Bycatch in South Africa's inshore trawl fishery as determined from observer records.pdf","East","High",0,,"not_applicable","not_applicable","non-kelp","both","not_applicable","no","Caught on the deep soft-bottom Agulhas Bank grounds, explicitly a soft-bottom-associated taxon, east of and below the kelp zone. Non-kelp habitat occurrence = level-0 observed_alternative (habitat). Diet not examined; trophic route unassessed.",,"agent:opus:rfbf-v7.1"
27,"White stumpnose","Rhabdosargus globiceps","H","Attwood et al. (2011) - Bycatch in South Africa’s inshore trawl fishery.pdf","East","High",0,,"not_applicable","not_applicable","non-kelp","unspecified","not_applicable","no","R. globiceps was caught at 230.5 t per year (1.32%, 95% CI 85-253; 3047 fish) on the inshore trawl grounds at 80-110 m east of the kelp limit, documenting occupancy of non-kelp soft-bottom habitat. Unlike A. inodorus it was trawled above its linefishery size limit, but the source states no maturity ",,"agent:opus:rfbf-v7.1"
27,"White stumpnose","Rhabdosargus globiceps","H","Attwood et al. (2013) - the Proceedings of the 4th Linefish symposium.pdf","West","Low",0,,"not_applicable","not_applicable","non-kelp","both","not_applicable","no","White stumpnose occupies the Saldanha Bay / Langebaan Lagoon embayment on the West kelp coast (fishery target, resident in telemetry array); kelp is never mentioned, a level-0 habitat observed alternative (non-kelp bay/lagoon).",,"agent:opus:rfbf-v7.1"
27,"White stumpnose","Rhabdosargus globiceps","H","Attwood et al. (2016) - Seasonally and spatially referenced estimates of recreational shore-angling effort, catch composition, catch rates and total catch in the Goukamma Marine Protected Area, South Africa.pdf","East","Low",0,,"not_applicable","not_applicable","non-kelp","unspecified","not_applicable","no","White stumpnose (2 fish, at Groenvlei) caught in the non-kelp Goukamma MPA. Presence-only observation of an in-scope species in non-kelp shore habitat, level-0 observed_alternative on the habitat route.",,"agent:opus:rfbf-v7.1"
27,"White stumpnose","Rhabdosargus globiceps","H","Bailey and James (2013) - Fish sampling in the marine-dominated Kariega Estuary, South Africa, using a demersal otter trawl, day night effects.pdf","East","High",0,,"not_applicable","not_applicable","non-kelp","unspecified","not_applicable","no","Rhabdosargus globiceps is caught in the soft-sediment channel of an Eastern Cape estuary outside the kelp range (Table 1), a documented observation of an in-scope species using a non-kelp habitat, coded level-0 observed_alternative on the habitat route. No diet or kelp evidence is present.",,"agent:opus:rfbf-v7.1"
27,"White stumpnose","Rhabdosargus globiceps","H","Beckley (1983) - The ichthyofauna associated with Zostera capensis Setchell in the Swartkops estuary, South Africa.pdf","East","Medium",0,,"not_applicable","not_applicable","non-kelp","juvenile","not_applicable","no","Juvenile Rhabdosargus globiceps (white stumpnose) were caught in the Zostera beds and channel of an East-coast estuary with spring/summer recruitment. Documented occupancy of a non-kelp seagrass nursery habitat: level-0 observed_alternative, habitat route. The statement that this species is abundant",,"agent:opus:rfbf-v7.1"
27,"White stumpnose","Rhabdosargus globiceps","H","Beckley (1984) - Shallow Water Trawling Off the Swartkops Estuary Algoa Bay.pdf","East","Medium",0,,"not_applicable","not_applicable","non-kelp","juvenile","not_applicable","no","Two Rhabdosargus globiceps of 56–58 mm total length were captured by beam trawl in 5–7 m of water off the Swartkops estuary mouth, Algoa Bay, within a catch the author characterises as juveniles of eleven teleost species. This is a documented observation of an in-scope species occupying a non-kelp i",,"agent:opus:rfbf-v7.1"
27,"White stumpnose","Rhabdosargus globiceps","H","Beckley (1984) - The ichthyofauna of the sunday estuary South Africa with particular reference to the juvenile marine component.pdf","East","Medium",0,,"not_applicable","not_applicable","non-kelp","juvenile","not_applicable","no","Juvenile white stumpnose caught in low numbers in the lower reaches of the Sundays Estuary, a non-kelp habitat in the East region. Level-0 observed_alternative on the habitat route. No kelp present or assessed.",,"agent:opus:rfbf-v7.1"
27,"White stumpnose","Rhabdosargus globiceps","H","Beckley (1984) - The ichthyofauna of the Sundays Estuary, South Africa, with particular reference to the juvenile marine component.pdf","East","Medium",0,,"not_applicable","not_applicable","non-kelp","juvenile","not_applicable","no","Juvenile white stumpnose occurred in low numbers in the lower reaches of the Sundays Estuary (n=23, 24-111 mm, 9 months), a non-kelp estuarine habitat in the East region. Level-0 observed_alternative habitat record.",,"agent:opus:rfbf-v7.1"
27,"White stumpnose","Rhabdosargus globiceps","H","Beckley (1985) - Tidal exchange of ichthyoplankton in the Swartkops estuary mouth, South Africa.pdf","East","Medium",0,,"not_applicable","not_applicable","non-kelp","juvenile","not_applicable","no","A single juvenile white stumpnose was captured in the Swartkops estuary mouth (East coast, non-kelp habitat) in Session 1. No kelp relationship is examined. Level-0 observed_alternative on the habitat route.",,"agent:opus:rfbf-v7.1"
27,"White stumpnose","Rhabdosargus globiceps","H","Beckley and Buxton (1989) - UNDERWATER OBSERVATIONS OF REEF FISH IN AND AROUND ALGOA BAY, SOUTH AFRICA.pdf","East","Medium",0,,"not_applicable","not_applicable","non-kelp","adult","not_applicable","no","White stumpnose adults observed on ~11% of Philip's Reef dives on non-kelp rocky reef East of the kelp range; juveniles cited from estuaries/tidal pools/surf zones. Level-0 observed_alternative on the habitat route.",,"agent:opus:rfbf-v7.1"
27,"White stumpnose","Rhabdosargus globiceps","H","Bennett (1989) - The fish community of a moderately exposed beach on the southwestern Cape Coast of South Africa and an assessment of this habitat as a nursery for juvenile fish.pdf","West","High",0,,"not_applicable","not_applicable","non-kelp","juvenile","not_applicable","no","White stumpnose (Rhabdosargus globiceps) occurred year-round in the Fishoek sandy surf-zone (N=1095, 92% of hauls) entirely as juveniles, classified a juvenile migrant largely dependent on the surf-zone nursery (Table 3, category 3), also abundant in estuaries. Both documented habitats are non-kelp;",,"agent:opus:rfbf-v7.1"
27,"White stumpnose","Rhabdosargus globiceps","H","Besseling (2023) - Patterns in the landed catches and determinants of catch composition in the South African inshore trawl fishery.pdf","East","Medium",0,,"not_applicable","not_applicable","non-kelp","unspecified","not_applicable","no","White stumpnose is landed by the inshore trawl fishery over the deep Agulhas Bank grounds east of the kelp limit. This non-kelp occurrence supports a level-0 observed_alternative habitat record. No diet observation is made, so the trophic route is unassessed.",,"agent:opus:rfbf-v7.1"
27,"White stumpnose","Rhabdosargus globiceps","H","Brouwer and Buxton (2002) - Catch and effort of the shore and skiboat linefisheries along the South African Eastern Cape coast.pdf","East","Low",0,,"not_applicable","not_applicable","non-kelp","unspecified","not_applicable","no","White stumpnose recorded across all three Eastern Cape sectors, east of the kelp limit: level-0 observed_alternative, habitat route.",,"agent:opus:rfbf-v7.1"
27,"White stumpnose","Rhabdosargus globiceps","H","Burger (1990) - The distribution patterns and community structure of the Tsitsikamma rocky littoral ichthyofauna.pdf","East","Medium",0,,"not_applicable","not_applicable","non-kelp","unspecified","not_applicable","no","East-region record beyond the kelp coast. Rhabdosargus globiceps was recorded on non-kelp shallow coralline reef at Tsitsikamma, where no kelp forest occurs. Documented occurrence in a non-kelp habitat: level-0 observed_alternative on the habitat route.",,"agent:opus:rfbf-v7.1"
27,"White stumpnose","Rhabdosargus globiceps","H","Burger et al. (2026) - Tidal dynamics shape early-stage fish assemblages in the mouth region of a temperate estuary.pdf","East","Medium",0,,"not_applicable","not_applicable","non-kelp","juvenile","not_applicable","no","Postflexion Rhabdosargus globiceps larvae captured at the Swartkops Estuary mouth (East coast, beyond the eastern kelp limit). Documents use of a non-kelp estuarine habitat at the early life stage; kelp not measured or mentioned. Level-0 observed_alternative on the habitat route.",,"agent:opus:rfbf-v7.1"
27,"White stumpnose","Rhabdosargus globiceps","H","Buxton and Kok (1983) - Notes on the diet of Rhabdosargus holubi and Rhabdosargus globiceps.pdf","East","Medium",0,,"not_applicable","not_applicable","non-kelp","unspecified","not_applicable","no","The source is a catch study with habitat context for this route: 98 R. globiceps were taken by small-mesh trawl on soft bottom between Mossel Bay and Algoa Bay, and Table 1 resolves the catch across depth classes from 0 to 50 m, with a mode of 47 fish in the >20-30 m class. The authors state explici",,"agent:opus:rfbf-v7.1"
27,"White stumpnose","Rhabdosargus globiceps","H","Clark et al. (1994) - Assessment of the impact of commercial beach-seine netting on juvenile teleost populations in the surf zone of False Bay, South Africa.pdf","West","High",0,,"not_applicable","not_applicable","non-kelp","juvenile","not_applicable","no","Juvenile Rhabdosargus globiceps were caught in 66,0% of hauls (10 643 individuals) in the sandy/mixed-shore surf zone of False Bay, 1991–1992. Documented occupancy of a non-kelp habitat = level-0 observed_alternative on the habitat route. Kelp not measured or mentioned; no diet observation, so troph",,"agent:opus:rfbf-v7.1"
27,"White stumpnose","Rhabdosargus globiceps","H","Coetzee and Baird (1981) - Catch composition and catch per unit effort of anglers' catches off St Croix Island.pdf","East","Low",0,,"not_applicable","not_applicable","non-kelp","unspecified","not_applicable","no","White stumpnose, in the St Croix Island angler catch at a non-kelp East-region rocky reef → level-0 observed_alternative on the habitat route.",,"agent:opus:rfbf-v7.1"
27,"White stumpnose","Rhabdosargus globiceps","H","Cottrant (2024) - Assessing conservation measures for five southern African endemic shark species.pdf","West","Low",0,,"not_applicable","not_applicable","non-kelp","unspecified","not_applicable","no","Recorded on baited remote underwater video in Walker Bay across a kelp/reef/sand survey (Table 2, White stumpnose). Presence documented but substrate not resolved. Coded Level-0 observed-alternative.",,"agent:opus:rfbf-v7.1"
27,"White stumpnose","Rhabdosargus globiceps","H","Currie (2017) - Historical baselines and a century of change in the demersal fish assemblages on South Africa's Agulhas Bank.pdf","East","High",0,,"not_applicable","not_applicable","non-kelp","unspecified","not_applicable","no","White stumpnose caught in demersal trawls on the offshore Agulhas Bank grounds (Table 8, historical median 7.35 declining to 0.1%; also modelled in Table 10 with an eastward COG shift). Documents occupancy of a non-kelp continental-shelf habitat = level-0 observed_alternative (habitat route). No die",,"agent:opus:rfbf-v7.1"
27,"White stumpnose","Rhabdosargus globiceps","H","Dopolo et al. (2013) - Line Fish conference paper.pdf","West","Low",0,,"not_applicable","not_applicable","non-kelp","unspecified","not_applicable","no","White stumpnose, the dominant species (n=296, 64%) in the Langebaan Lagoon MPA shore catch, a sheltered non-kelp lagoon on the west coast. No kelp or diet observation. Level-0 observed_alternative on the habitat route (species occupying a non-kelp lagoon habitat). Region West.",,"agent:opus:rfbf-v7.1"
27,"White stumpnose","Rhabdosargus globiceps","H","Dyer (2018) - The role of ecological processes in structuring reef fish communities in the Agulhas ecoregion South Africa.pdf","East","High",0,,"not_applicable","not_applicable","non-kelp","unspecified","not_applicable","no","Recorded on rocky reef via stereo-BRUVs in the Agulhas Ecoregion, east of the eastern kelp limit. Occupancy of non-kelp rocky-reef habitat; no kelp action observed and diet not examined. Level-0 observed_alternative on the habitat route.",,"agent:opus:rfbf-v7.1"
27,"White stumpnose","Rhabdosargus globiceps","H","Faure Beaulieu (2021) - Dedicated dads, a study on the nesting behaviour of Spondyliosoma emarginatum.pdf","West","Low",0,,"not_applicable","not_applicable","non-kelp","unspecified","not_applicable","no","White stumpnose (R. globiceps) was recorded over the granite-reef nesting site on 15 of ~23 days (mean 2.37 swim-bys per hour), a documented occurrence in a non-kelp rocky-reef habitat. Level-0 observed_alternative on the habitat route. Specificity Low (swim-by occurrence only).",,"agent:opus:rfbf-v7.1"
27,"White stumpnose","Rhabdosargus globiceps","H","Gonzalez (2024) - Baited remote underwater video surveys report, Stilbaai Marine Protected Area (2013-2016).pdf","East","Medium",0,,"not_applicable","not_applicable","non-kelp","unspecified","not_applicable","no","Rhabdosargus globiceps was recorded by baited remote underwater video in the Stilbaai MPA (Table 3; present in 2013, 2014, 2015, 2016 per Table 4). Stilbaai lies on the warm-temperate south coast east of Cape Agulhas/De Hoop, beyond the eastern range limit of Ecklonia maxima, and the report explicit",,"agent:opus:rfbf-v7.1"
27,"White stumpnose","Rhabdosargus globiceps","H","Götz et al. (2014) - An exploratory investigation of the fish communities associated with reefs on the central Agulhas Bank, South Africa.pdf","East","Medium",0,,"not_applicable","not_applicable","non-kelp","unspecified","not_applicable","no","Caught over non-kelp offshore Agulhas Bank (East, beyond the eastern kelp limit; Table 2). Level-0 observed_alternative on the habitat route. Kelp not present/measured; baited-gear capture is not diet evidence, so no trophic record.",,"agent:opus:rfbf-v7.1"
27,"White stumpnose","Rhabdosargus globiceps","H","Gray et al. (2007) - On the feasibility of a directed trap-fishery for panga Pterogymnus laniarius Sparidae in South Africa.pdf","East","Low",0,,"not_applicable","not_applicable","non-kelp","unspecified","not_applicable","no","White stumpnose was caught demersally (5 fish), mostly at <40 m, off the Eastern Cape, east of the kelp range, on non-kelp demersal substrata. Observed occurrence in a non-kelp habitat (observed alternative, level 0, habitat route). No diet data; trophic route unassessed.",,"agent:opus:rfbf-v7.1"
27,"White stumpnose","Rhabdosargus globiceps","H","Griffiths (2000) - Long-term trends in catch and effort of commercial linefish off South Africa's Cape Province.pdf","West","Medium",0,,"not_applicable","not_applicable","non-kelp","unspecified","not_applicable","no","Commercial catch documents white stumpnose in the Western Cape and South-Western Cape (West/kelp coast), occurring over reef and sand. Non-kelp habitat occurrence; kelp not measured or mentioned. Level-0 observed_alternative, habitat route.",,"agent:opus:rfbf-v7.1"
27,"White stumpnose","Rhabdosargus globiceps","H","Griffiths et al. (2002) - Life history of Rhabdosargus globiceps in South Africa.pdf","West","High",0,,"not_applicable","not_applicable","non-kelp","both","not_applicable","no","Griffiths et al. (2002) is a life-history study of Rhabdosargus globiceps (age, growth, migration, reproduction and distribution) spanning Port Nolloth to the Kei River. On the habitat route the source documents the species occupying non-kelp habitats within the West/kelp coast: line-caught fish ove",,"agent:opus:rfbf-v7.1"
27,"White stumpnose","Rhabdosargus globiceps","H","Harrison (1999) - A preliminary survey of the estuaries on the south coast of South Africa, Cape Agulhas-Cape St Blaize, Mossel Bay, with particular reference to the fish fauna.pdf","East","Medium",0,,"not_applicable","not_applicable","non-kelp","unspecified","not_applicable","no","White stumpnose was captured in the Heuningnes estuary, documenting an in-scope species occupying a non-kelp estuarine habitat. Level-0 observed_alternative on the habitat route.",,"agent:opus:rfbf-v7.1"
27,"White stumpnose","Rhabdosargus globiceps","H","Harrison and Whitfield (2006) - Estuarine typology and the structuring of fish communities in South Africa.pdf","Both","Medium",0,,"not_applicable","not_applicable","non-kelp","unspecified","not_applicable","no","Rhabdosargus globiceps was captured in warm-temperate (East, Table 5) and cool-temperate (West, Table 9) estuaries, a non-kelp habitat; kelp and diet unassessed. Level-0 observed_alternative on the habitat route across both regions; trophic route unassessed.",,"agent:opus:rfbf-v7.1"
27,"White stumpnose","Rhabdosargus globiceps","H","Harrison and Whitfield (2008) - Geographical and typological changes in fish guilds of South African estuaries.pdf","Both","Low",0,,"not_applicable","not_applicable","non-kelp","unspecified","not_applicable","no","White stumpnose recorded in the estuary survey and listed in Appendix II as marine-estuarine-opportunist (MMO), documenting use of estuarine (non-kelp) habitat. No kelp co-occurrence, structural use, or trophic link observed. Level 0 observed_alternative on the habitat route; region pooled across We",,"agent:opus:rfbf-v7.1"
27,"White stumpnose","Rhabdosargus globiceps","H","Heyns-Veale et al. (2019) - Community-wide effects of protection reveal insights into marine protected area effectiveness for reef fish.pdf","Both","Medium",0,,"not_applicable","not_applicable","non-kelp","unspecified","not_applicable","no","White stumpnose recorded on non-kelp reef/sand via stereo-BRUVs at De Hoop and Tsitsikamma; kelp not measured or mentioned. Level-0 observed_alternative on the habitat route. Trophic route unassessed. Region 'Both'.",,"agent:opus:rfbf-v7.1"
27,"White stumpnose","Rhabdosargus globiceps","H","Hutchings and Lamberth (2002) - Bycatch in the gillnet and beach-seine fisheries in the Western Cape, South Africa, with implications for management.pdf","West","Medium",0,,"not_applicable","not_applicable","non-kelp","juvenile","not_applicable","no","White stumpnose recorded as 23 fish (all immature, Fig. 3) in West Coast marine gillnets, plus 44 juveniles in one directly observed beach-seine haul (p.235), documenting juvenile occupancy of non-kelp marine and surf-zone net-fishery habitat. No kelp relationship measured or mentioned; level-0 obse",,"agent:opus:rfbf-v7.1"
27,"White stumpnose","Rhabdosargus globiceps","H","James and Harrison (2008) - A preliminary survey of the estuaries on the south coast of South Africa, Cape St Blaize, Mossel Bay-Robberg Peninsula, Plettenberg Bay, with particular reference to the fish fauna.pdf","East","Medium",0,,"not_applicable","not_applicable","non-kelp","juvenile","not_applicable","no","Region East estuarine survey. Rhabdosargus globiceps (white stumpnose) was caught in the Knysna estuary as recently recruited juveniles (<40 mm), documenting occupancy of estuarine (non-kelp) nursery habitat. No kelp or diet data. Level-0 observed_alternative on the habitat route.",,"agent:opus:rfbf-v7.1"
27,"White stumpnose","Rhabdosargus globiceps","H","James and Harrison (2009) - A preliminary survey of the estuaries on the south coast of South Africa, Robberg Peninsula to Cape St Francis, with particular reference to the fish fauna.pdf","East","High",0,,"not_applicable","not_applicable","non-kelp","unspecified","not_applicable","no","White stumpnose (Rhabdosargus globiceps) was caught in three south-coast estuaries (~23-24°E), east of the kelp limit, occupying non-kelp estuarine habitat. No kelp or diet examined. Level-0 observed_alternative on the habitat route; trophic route unassessed.",,"agent:opus:rfbf-v7.1"
27,"White stumpnose","Rhabdosargus globiceps","H","James and Harrison (2010) - A preliminary survey of the estuaries on the southeast coast of South Africa, Cape Padrone-Great Fish River, with particular reference to the fish fauna.pdf","East","Medium",0,,"not_applicable","not_applicable","non-kelp","unspecified","not_applicable","no","White stumpnose recorded in four southeast-coast estuaries, a non-kelp habitat. No kelp assessed, no diet examined; habitat-route level-0 observed_alternative. Region East.",,"agent:opus:rfbf-v7.1"
27,"White stumpnose","Rhabdosargus globiceps","H","James and Harrison (2011) - A preliminary survey of the estuaries on the southeast coast of South Africa, Old Woman's-Tyolomnqa, with particular reference to the fish fauna.pdf","East","Low",0,,"not_applicable","not_applicable","non-kelp","unspecified","not_applicable","no","Rhabdosargus globiceps was recorded (single individuals) in the Gqutywa and Keiskamma estuaries (Eastern Cape) in September 1996, east of the kelp range, occupying non-kelp estuarine habitat (observed_alternative). Specificity Low given low abundance. Level-0 habitat record only.",,"agent:opus:rfbf-v7.1"
27,"White stumpnose","Rhabdosargus globiceps","H","Kisten and Strydom (2021) - Diel and tidal periodicity in the responses of early life stages of marine fishes to an estuary opening event in temperate South Africa.pdf","East","Medium",0,,"not_applicable","not_applicable","non-kelp","juvenile","not_applicable","no","Postflexion larvae of the in-scope white stumpnose Rhabdosargus globiceps were recorded in the surf zone and breach channel of an Eastern Cape estuary (East region), documenting non-kelp surf/estuarine habitat use — a level-0 observed_alternative on the habitat route. No kelp, no diet data; trophic ",,"agent:opus:rfbf-v7.1"
27,"White stumpnose","Rhabdosargus globiceps","H","Kok and Whitfield (1986) - The influence of open and closed mouth phases on the marine fish fauna of the Swartvlei estuary.pdf","East","High",0,,"not_applicable","not_applicable","non-kelp","juvenile","not_applicable","no","Captured by small- and large-seine netting in the Swartvlei estuary (Cape south coast, 34°S 22°46′E), a seagrass and sand-flat estuarine system east of the Agulhas kelp limit (Table 1). This documents an in-scope species occupying a non-kelp estuarine habitat; kelp is neither observed nor mentioned.",,"agent:opus:rfbf-v7.1"
27,"White stumpnose","Rhabdosargus globiceps","H","Lamberth (1994) - The commercial beach-seine fishery in False Bay, South Africa.pdf","West","High",0,,"not_applicable","not_applicable","non-kelp","juvenile","not_applicable","no","Caught in beach-seine hauls in most hauls (69%), overwhelmingly juveniles, in the sandy surf zone of False Bay; documents juvenile occupancy of a non-kelp (sandy surf-zone nursery) habitat. Level-0 observed_alternative on the habitat route.",,"agent:opus:rfbf-v7.1"
27,"White stumpnose","Rhabdosargus globiceps","H","Lamberth (2008) - Approaches to assessing the status of nearshore and estuarine fish and fisheries and their responses to environmental change.pdf","Both","Medium",0,,"not_applicable","not_applicable","non-kelp","unspecified","not_applicable","no","White stumpnose documented in estuaries across regions including the West coast. Level-0 observed_alternative (non-kelp estuarine habitat). Region Both.",,"agent:opus:rfbf-v7.1"
27,"White stumpnose","Rhabdosargus globiceps","H","Lamberth and Turpie (2003) - The role of estuaries in South African fisheries, economic importance and management implications.pdf","Both","Medium",0,,"not_applicable","not_applicable","non-kelp","juvenile","not_applicable","no","White stumpnose (Category IIc) is documented occupying and caught in West/South/East estuaries (Table II; Table V, 2.84 t), a non-kelp habitat used by juveniles. Level-0 observed_alternative on the habitat route; kelp never assessed. Region Both (West Coast present).",,"agent:opus:rfbf-v7.1"
27,"White stumpnose","Rhabdosargus globiceps","H","Lamberth et al. (1995) - The vulnerability of fish to capture by commercial beach-seine nets in False Bay, South Africa.pdf","West","Medium",0,,"not_applicable","not_applicable","non-kelp","juvenile","not_applicable","no","White stumpnose (juveniles, below two years) caught in the Fish Hoek Beach sandy surf zone (West coast); documented occupancy of a non-kelp nursery habitat. No kelp use, diet, availability, or counterfactual assessed, so level-0 observed_alternative on the habitat route.",,"agent:opus:rfbf-v7.1"
27,"White stumpnose","Rhabdosargus globiceps","H","Lamberth et al. (2008) - Comparison of, and the effects of altered freshwater inflow on, fish assemblages of two contrasting South African estuaries, the cool-temperate Olifants and the warm-temperate Breede.pdf","Both","High",0,,"not_applicable","not_applicable","non-kelp","both","not_applicable","no","White stumpnose was caught in the Olifants and Breede estuaries. Occurrence in a non-kelp habitat (estuary) is a level-0 observed_alternative on the habitat route.",,"agent:opus:rfbf-v7.1"
27,"White stumpnose","Rhabdosargus globiceps","H","Lasiak (1981) - Nursery grounds of juvenile teleosts, evidence from the surf zone of King's Beach, Port Elizabeth.pdf","East","High",0,,"not_applicable","not_applicable","non-kelp","juvenile","not_applicable","no","Rhabdosargus globiceps (white stumpnose) is recorded in the King's Beach surf-zone juvenile ichthyofauna (Table 2: N=148, 1.9%, 2.8-10.1 cm). The Results text explicitly lists it among species present in the juvenile phase only, although Table 1 carries an asterisk (adults also caught); the discrepa",,"agent:opus:rfbf-v7.1"
27,"White stumpnose","Rhabdosargus globiceps","H","Lasiak (1983) - Recruitment and growth patterns of juvenile marine teleosts caught at King's Beach, Algoa Bay.pdf","East","Medium",0,,"not_applicable","not_applicable","non-kelp","juvenile","not_applicable","no","Juvenile Rhabdosargus globiceps was recorded in the King's Beach surf zone (Algoa Bay, East region, east of the eastern kelp limit), with fry present January to July 1980. The discussion notes these recruits are not the progeny of resident adults, and no adults occur in the surf waters, but the juve",,"agent:opus:rfbf-v7.1"
27,"White stumpnose","Rhabdosargus globiceps","H","Lasiak (1983) - Structural Aspects of the Surf-zone Fish Assemblage at King’s Beach, Algoa Bay, South Africa.pdf","East","Medium",0,,"not_applicable","not_applicable","non-kelp","unspecified","not_applicable","no","Rhabdosargus globiceps (white stumpnose) occurred in the sandy surf-zone catch at King's Beach, Algoa Bay (East coast, no kelp present or sampled), documenting occupancy of a non-kelp habitat. No kelp co-occurrence, structural use, or diet observation, so level-0 observed_alternative on the habitat ",,"agent:opus:rfbf-v7.1"
27,"White stumpnose","Rhabdosargus globiceps","H","Lasiak (1984).pdf","East","High",0,,"not_applicable","not_applicable","non-kelp","unspecified","not_applicable","no","Rhabdosargus globiceps (white stumpnose), a resident of the King's Beach sandy surf-zone (East). Non-kelp habitat occupancy = level-0 observed_alternative.",,"agent:opus:rfbf-v7.1"
27,"White stumpnose","Rhabdosargus globiceps","H","Lasiak (1986) - Juveniles, food and the surf zone habitat, implications for teleost nursery areas.pdf","East","Medium",0,,"not_applicable","not_applicable","non-kelp","juvenile","not_applicable","no","Juvenile R. globiceps were caught in the sandy-beach surf zone at King's Beach (East, no kelp), a documented non-kelp habitat occupancy. Level-0 observed_alternative on the habitat route. Catch was low (N=27), so specificity is Medium.",,"agent:opus:rfbf-v7.1"
27,"White stumpnose","Rhabdosargus globiceps","H","Lechanteur and Griffiths (2001) - Fish associated with artificial reefs in False Bay, South Africa, a preliminary survey.pdf","West","High",0,,"not_applicable","not_applicable","non-kelp","unspecified","not_applicable","no","White stumpnose, the only soft-bottom (sand-associated) species recorded, was noted on the SAS Transvaal wreck in False Bay (1 fish). This documents a non-kelp habitat association; kelp not measured. Level-0 observed_alternative, habitat route.",,"agent:opus:rfbf-v7.1"
27,"White stumpnose","Rhabdosargus globiceps","H","Lechanteur and Griffiths (2002) - Composition and seasonal variability of the suprabenthic reef-fish assemblage in False Bay.pdf","West","Low",1,,"not_applicable","not_applicable","not_applicable","unspecified","not_applicable","no","Recorded once, at trace density, in the >8-12 m Laminaria pallida stratum, giving marginal habitat co-occurrence with kelp (level 1). No kelp-structure action or alternative habitat documented for this single record.",,"agent:opus:rfbf-v7.1"
27,"White stumpnose","Rhabdosargus globiceps","H","Mann et al. (2024) - Fish, fishers and the future, Proceedings of the 6th Southern African Marine Linefish Symposium.pdf","East","Medium",0,,"not_applicable","not_applicable","non-kelp","adult","not_applicable","no","Trawl species-association analysis places white stumpnose (R. globiceps) on sandy substrata across the Agulhas Bank. Non-kelp soft-bottom occupancy east of the kelp limit = level-0 observed_alternative (habitat). East region.",,"agent:opus:rfbf-v7.1"
27,"White stumpnose","Rhabdosargus globiceps","H","McGregor and Strydom (2018) - The abundance, diversity and distribution of small fishes in mangrove and non-mangrove estuaries in warm temperate South Africa.pdf","East","High",0,,"not_applicable","not_applicable","non-kelp","juvenile","not_applicable","no","Rhabdosargus globiceps (white stumpnose) was caught in the Nahoon (N=14) and Gonubie (N=4) estuaries (Table 1), east of the kelp limit, in estuarine non-kelp habitat, juvenile sizes. Level-0 observed_alternative on the habitat route.",,"agent:opus:rfbf-v7.1"
27,"White stumpnose","Rhabdosargus globiceps","H","Nodo et al. (2023) - The nursery function of shallow nearshore and estuarine benthic habitats for demersal fishes.pdf","East","Medium",0,,"not_applicable","not_applicable","non-kelp","juvenile","not_applicable","no","White stumpnose recorded in the soft-bottom estuaries of Algoa Bay (East region) across postflexion, transformation, YOY and late-juvenile stages. Non-kelp benthic habitat, kelp not measured or mentioned: level-0 observed_alternative on the habitat route.",,"agent:opus:rfbf-v7.1"
27,"White stumpnose","Rhabdosargus globiceps","H","Nodo et al. (2024) - Spatial patterns and environmental drivers of demersal fish assemblages in the Swartkops and Sundays estuarine to marine seascapes, South Africa.pdf","East","High",0,,"not_applicable","not_applicable","non-kelp","unspecified","not_applicable","no","Rhabdosargus globiceps caught in the soft-bottom marine nearshore and both estuary channels of Algoa Bay (East region); documents occupation of non-kelp sediment habitat. Habitat-route level-0 observed_alternative. Trophic route unassessed (no diet).",,"agent:opus:rfbf-v7.1"
27,"White stumpnose","Rhabdosargus globiceps","H","Nodo et al. (2026) - Using DNA barcoding to identify the early life history stages of demersal coastal fishes in shallow nearshore and estuarine benthic habitats of Algoa Bay.pdf","East","High",0,,"not_applicable","not_applicable","non-kelp","juvenile","not_applicable","no","DNA-confirmed transformation-stage Rhabdosargus globiceps were caught in Algoa Bay marine nearshore and the Sundays Estuary, east of the kelp limit, in soft-bottom benthic habitat; kelp is not measured or mentioned. This is a level-0 observed_alternative on the habitat route.",,"agent:opus:rfbf-v7.1"
27,"White stumpnose","Rhabdosargus globiceps","H","Osgood et al. (2020) - Chondrichthyans as an umbrella species-complex for conserving South African biodiversity.pdf","West","Low",0,,"not_applicable","not_applicable","non-kelp","unspecified","not_applicable","no","White stumpnose is observed on BRUV in the kelp region and plots in the central (non-kelp) part of the RDA. Level-0 observed_alternative on the habitat route. Trophic route unassessed.",,"agent:opus:rfbf-v7.1"
27,"White stumpnose","Rhabdosargus globiceps","H","Parker et al (2017)-An assessment of Rhabdosargus globiceps fishery of Saldanha Bay SA.pdf","West","Medium",0,,"not_applicable","not_applicable","non-kelp","both","not_applicable","no","This study's subject species. White stumpnose is documented as the main linefishery target throughout Saldanha Bay (a ~115 km2 sheltered west-coast bay) and its adjoining Langebaan Lagoon, with juveniles sampled annually by beach-seine in the bay's sandy surf-zone/estuarine nursery. This is a primar",,"agent:opus:rfbf-v7.1"
27,"White stumpnose","Rhabdosargus globiceps","H","Pattrick and Strydom (2014) - Recruitment of fish larvae and juveniles into two estuarine nursery areas with evidence of ebb tide use.pdf","East","High",0,,"not_applicable","not_applicable","non-kelp","juvenile","not_applicable","no","White stumpnose postflexion larvae and juveniles were caught in both estuaries (East, non-kelp estuarine nursery). A level-0 observed_alternative habitat record.",,"agent:opus:rfbf-v7.1"
27,"White stumpnose","Rhabdosargus globiceps","H","Pattrick and Strydom (2014) - The effects of exposure in sandy beach surf zones on larval fishes.pdf","East","High",0,,"not_applicable","not_applicable","non-kelp","juvenile","not_applicable","no","Rhabdosargus globiceps was captured as flexion-to-postflexion larvae (n=73; Table I) in the sandy beach surf zones of Algoa Bay (East of the kelp limit). This documents the in-scope species occupying a non-kelp habitat at the sampled place, time and life stage; kelp is neither present nor measured. ",,"agent:opus:rfbf-v7.1"
27,"White stumpnose","Rhabdosargus globiceps","H","Pradervand (2004) - Long-term trends in the shore fishery of the Transkei coast, South Africa.pdf","East","Low",0,,"not_applicable","not_applicable","non-kelp","unspecified","not_applicable","no","R. globiceps recorded (n=2) in the Transkei shore fishery (East, non-kelp); no diet or kelp-structure observation. Level-0 observed_alternative on the habitat route; specificity low owing to small sample.",,"agent:opus:rfbf-v7.1"
27,"White stumpnose","Rhabdosargus globiceps","H","Pradervand and Hiseman (2006) - An analysis of the recreational shore fishery in the Goukamma Marine Protected Area.pdf","East","Medium",0,,"not_applicable","not_applicable","non-kelp","unspecified","not_applicable","no","Table 1 records 9 white stumpnose (Rhabdosargus globiceps) in the Goukamma MPA shore fishery, east of the eastern kelp limit, in non-kelp coastal habitat. Occurrence only, no diet or kelp-structure use, no measured availability. Level-0 observed-alternative habitat record. Trophic route unassessed.",,"agent:opus:rfbf-v7.1"
27,"White stumpnose","Rhabdosargus globiceps","H","Pradervand et al. (2007) - Long-term trends in the competitive shore fishery along the KwaZulu-Natal coast, South Africa.pdf","East","Low",0,,"not_applicable","not_applicable","non-kelp","unspecified","not_applicable","yes","A single white stumpnose recorded in the East-coast non-kelp shore fishery, at the extreme eastern edge of (or beyond) its usual range. Documents a marginal occurrence; kelp not assessed. Level-0 observed_alternative, habitat route.",,"agent:opus:rfbf-v7.1"
27,"White stumpnose","Rhabdosargus globiceps","H","Richardson et al. (2006) - The influence of selected environmental parameters on the distribution of the dominant demersal fishes in the Kariega Estuary channel, South Africa.pdf","East","Medium",0,,"not_applicable","not_applicable","non-kelp","unspecified","not_applicable","no","White stumpnose were trawled in the Kariega Estuary channel (East region, non-kelp estuarine habitat), documenting occupancy of a non-kelp habitat and supporting a level-0 observed_alternative on the habitat route. No kelp is measured or mentioned. The trophic route is unassessed for this species.",,"agent:opus:rfbf-v7.1"
27,"White stumpnose","Rhabdosargus globiceps","H","Rishworth et al. (2014) - Fish utilization of surf-zones. Are they changing? A case study of the Sheltered, warm-temperate King's Beach.pdf","East","High",0,,"not_applicable","not_applicable","non-kelp","juvenile","not_applicable","no","White stumpnose was one of the four dominant species in the King's Beach sandy surf-zone 30 m seine, all juveniles (27 individuals, TL 2.6-7.6 cm). In-scope species occupying non-kelp habitat, East region, outside the kelp range. Level 0 observed_alternative on the habitat route.",,"agent:opus:rfbf-v7.1"
27,"White stumpnose","Rhabdosargus globiceps","H","Roberson et al. (2015) - First survey of fishes in Betty's bay along South Africa s temperate south west coast.pdf","West","Low",0,,"not_applicable","not_applicable","non-kelp","unspecified","not_applicable","no","R. globiceps was recorded at 3 of 58 sites without resolution to kelp habitat. Observed occupancy of the surveyed inshore habitat (Level 0 observed alternative); kelp co-occurrence not established.",,"agent:opus:rfbf-v7.1"
27,"White stumpnose","Rhabdosargus globiceps","H","Scott (1949) - Otter-trawl fisheries of South Africa.pdf","Both","High",0,,"not_applicable","not_applicable","non-kelp","unspecified","not_applicable","no","White stumpnose is documented on shallow-water trawl grounds (soft, trawlable bottom, non-kelp) from Cape Agulhas to East London and more abundantly off the west coast. Level-0 observed_alternative habitat record spanning both regions.",,"agent:opus:rfbf-v7.1"
27,"White stumpnose","Rhabdosargus globiceps","H","Sheppard et al. (2011) - What role do beds of submerged macrophytes play in structuring estuarine fish assemblages.pdf","East","Low",0,,"not_applicable","not_applicable","non-kelp","juvenile","not_applicable","no","White stumpnose was recorded in the non-kelp Eastern Cape estuary during the senescent period. Level-0 habitat observed_alternative; kelp not considered.",,"agent:opus:rfbf-v7.1"
27,"White stumpnose","Rhabdosargus globiceps","H","Smale and Buxton (1985) - recreational ski-boat fishery off the Eastern Cape.pdf","East","Low",0,,"not_applicable","not_applicable","non-kelp","unspecified","not_applicable","no","White stumpnose is caught (few individuals) in the Algoa Bay fishery, east of the kelp limit; documents occurrence in a non-kelp coastal setting, a level-0 observed alternative. No diet data; trophic route unassessed.",,"agent:opus:rfbf-v7.1"
27,"White stumpnose","Rhabdosargus globiceps","H","Smale et al. (1993) - Analysis of the demersal community of fish and cephalopods on the Agulhas Bank, South Africa.pdf","East","Low",0,,"not_applicable","not_applicable","non-kelp","unspecified","not_applicable","no","White stumpnose taken in Agulhas Bank demersal trawls (Appendix 1); occurrence in non-kelp shelf habitat east of the kelp limit. Level-0 observed_alternative on the habitat route.",,"agent:opus:rfbf-v7.1"
27,"White stumpnose","Rhabdosargus globiceps","H","Sowman (1984) - An assessment of recreational carrying capacity at Infanta, South Cape.pdf","East","Medium",0,,"not_applicable","not_applicable","non-kelp","unspecified","not_applicable","no","Table 11 records 108 white stumpnose (117.0 kg, the most abundant sparid by number). The species is documented occupying non-kelp East-coast / estuarine habitat east of the kelp limit; no trophic or kelp-structural observation: level-0 observed_alternative on the habitat route. Trophic route unasses",,"agent:opus:rfbf-v7.1"
27,"White stumpnose","Rhabdosargus globiceps","H","Strydom (2008) - Utilization of shallow subtidal bays associated with warm temperate rocky shores by the late-stage larvae of some inshore fish species, South Africa.pdf","East","Medium",0,,"not_applicable","not_applicable","non-kelp","juvenile","not_applicable","no","Rhabdosargus globiceps postflexion larvae (6 individuals) were recorded in these non-kelp subtidal bays east of the kelp limit, a documented occurrence of an in-scope species in a non-kelp habitat, giving a level-0 observed_alternative habitat record.",,"agent:opus:rfbf-v7.1"
27,"White stumpnose","Rhabdosargus globiceps","H","Strydom and d'Hotman (2005) - Estuary-dependence of larval fishes in a non-estuary associated South African surf zone.pdf","East","High",0,,"not_applicable","not_applicable","non-kelp","juvenile","not_applicable","no","Rhabdosargus globiceps postflexion larvae (N=7, 1.3%; 9.4-11.6 mm) were documented in the non-kelp sandy-beach surf zone at Cape Padrone (Eastern Cape). Documented occupation of a non-kelp habitat gives a level-0 observed_alternative habitat record. Low catch but a clear, quantified occurrence in a ",,"agent:opus:rfbf-v7.1"
27,"White stumpnose","Rhabdosargus globiceps","H","Strydom et al. (2003) - The role of estuarine type in characterizing early stage fish assemblages in warm temperate estuaries, South Africa.pdf","East","Medium",0,,"not_applicable","not_applicable","non-kelp","juvenile","not_applicable","no","R. globiceps postflexion larvae (n=12) occupied Eastern Cape estuaries, a non-kelp habitat. No kelp assessed; level-0 observed_alternative, habitat route, East region.",,"agent:opus:rfbf-v7.1"
27,"White stumpnose","Rhabdosargus globiceps","H","Talbots (1955)-Notes on the biology of Rhabdosargus globiceps.pdf","West","High",0,,"not_applicable","not_applicable","non-kelp","both","not_applicable","no","R. globiceps occupies distinctly non-kelp habitats: juveniles are abundant in the Klein River estuary lagoon among Zostera and Ruppia weed beds that provide cover, and adults occur on the open Cape coastline and rocky reef to 40 fathoms. Kelp is not present at any studied locality and is never menti",,"agent:opus:rfbf-v7.1"
27,"White stumpnose","Rhabdosargus globiceps","H","Ter Morshuizen and Whitfield (1994) - The distribution of littoral fish associated with eelgrass Zostera capensis beds in the Kariega Estuary.pdf","East","Medium",0,,"not_applicable","not_applicable","non-kelp","juvenile","not_applicable","no","Rhabdosargus globiceps (white stumpnose) was captured at low density in lower-reach eelgrass (Table II) of a non-kelp Eastern Cape estuary, with no kelp or diet observation. Level-0 observed_alternative, habitat route.",,"agent:opus:rfbf-v7.1"
27,"White stumpnose","Rhabdosargus globiceps","H","Wallace et al. (1984) - Inshore small-mesh trawling survey of the Cape south coast. Part 1. Introduction, methods, stations and catches.pdf","East","Medium",0,,"not_applicable","not_applicable","non-kelp","unspecified","not_applicable","no","White stumpnose taken in the soft-bottom trawl survey east of the kelp coast; non-kelp habitat occurrence. Level 0 observed_alternative on the habitat route.",,"agent:opus:rfbf-v7.1"
27,"White stumpnose","Rhabdosargus globiceps","H","Wallace et al. (1984) - Inshore small-mesh trawling survey of the Cape south coast. Part 2. Occurrence of estuarine-associated fishes.pdf","East","High",0,,"not_applicable","not_applicable","non-kelp","both","not_applicable","no","Observed by trawl (juveniles/subadults) and dive (subadults) over non-kelp soft substrata and rocky reef, east of the kelp limit. Documented non-kelp habitat occupancy; no kelp structure, diet or availability assessed. Level-0 observed_alternative, habitat route.",,"agent:opus:rfbf-v7.1"
27,"White stumpnose","Rhabdosargus globiceps","H","Watt-Pringle and Strydom (2003) - Habitat use by larval fishes in a temperate South African surf zone.pdf","East","Medium",0,,"not_applicable","not_applicable","non-kelp","juvenile","not_applicable","no","Rhabdosargus globiceps was recorded (one postflexion individual) in a sandy inner surf zone east of the kelp limit, documenting occupancy of a non-kelp habitat. Level-0 observed_alternative on the habitat route; kelp not assessed. Specificity Medium given a single individual.",,"agent:opus:rfbf-v7.1"
27,"White stumpnose","Rhabdosargus globiceps","H","Whitfield (1990) - Life-history styles of fishes in South African estuaries.pdf","East","Low",0,,"not_applicable","not_applicable","non-kelp","unspecified","not_applicable","yes","Table 2, titled as marine fish species recorded in southern African estuaries, lists Rhabdosargus globiceps, asserting estuarine (non-kelp) occurrence, with kelp never mentioned. Thin level-0 observed_alternative on the habitat route; habitat inference rests only on table membership compiled from a ",,"agent:opus:rfbf-v7.1"
27,"White stumpnose","Rhabdosargus globiceps","H","Whitfield (2005) - Preliminary documentation and assessment of fish diversity in sub-Saharan African estuaries.pdf","West","Low",0,,"not_applicable","not_applicable","non-kelp","unspecified","not_applicable","yes","Rhabdosargus globiceps (marine immigrant) is listed among West-coast cool-temperate estuarine fish (Table 2), documenting non-kelp (estuarine) habitat use -> level-0 observed_alternative, habitat route. Secondary compilation.",,"agent:opus:rfbf-v7.1"
27,"White stumpnose","Rhabdosargus globiceps","H","Whitfield et al. (1993) - A comparison of the ichthyofaunas in two permanently open eastern Cape estuaries.pdf","East","Medium",0,,"not_applicable","not_applicable","non-kelp","juvenile","not_applicable","no","Rhabdosargus globiceps (white stumpnose) was captured by seine in both eastern Cape estuaries (Kowie 1,8; Great Fish 0,7 per 10 hauls), documenting juvenile occupancy of non-kelp estuarine habitat: level-0 observed_alternative on the habitat route.",,"agent:opus:rfbf-v7.1"
27,"White stumpnose","Rhabdosargus globiceps","H","Whitfield et al. (2023) - Fishes of the Knysna Estuary.pdf","East","Low",0,,"not_applicable","not_applicable","non-kelp","juvenile","not_applicable","no","White stumpnose juveniles are documented using estuarine conditions opportunistically (and being abundant in the sea). This occupancy of a non-kelp estuarine habitat gives a level-0 observed_alternative habitat record.",,"agent:opus:rfbf-v7.1"
27,"White stumpnose","Rhabdosargus globiceps","H","Winker et al. (2013).pdf","West","Low",0,,"not_applicable","not_applicable","non-kelp","adult","not_applicable","no","White stumpnose is documented as a dominant SW catch component (Tables 1 and 2), establishing occurrence in the non-kelp commercial fishery. Level 0 observed_alternative on the habitat route; trophic route unassessed.",,"agent:opus:rfbf-v7.1"
27,"White stumpnose","Rhabdosargus globiceps","T","Buxton and Kok (1983) - Notes on the diet of Rhabdosargus holubi and Rhabdosargus globiceps.pdf","East","High",0,,"non_kelp","outside","not_applicable","unspecified","not_applicable","no","Buxton and Kok report their own stomach-content analysis of 87 R. globiceps taken by small-mesh trawl between Mossel Bay and Algoa Bay in 1980, an area lying wholly east of Cape Agulhas and so beyond the eastern limit of Ecklonia maxima. The diet is dominated by soft-sediment epibenthos (Chaetopteri",,"agent:opus:rfbf-v7.1"
27,"White stumpnose","Rhabdosargus globiceps","T","Lasiak (1986) - Juveniles, food and the surf zone habitat, implications for teleost nursery areas.pdf","East","High",0,,"non_kelp","not_applicable","not_applicable","juvenile","not_applicable","no","Juvenile white stumpnose diet at King's Beach (East, no kelp) is dominated by non-kelp prey (Macropetasma africanus, Callianassa kraussi). Documented consumption of non-kelp food; level-0 observed_alternative on the trophic route.",,"agent:opus:rfbf-v7.1"
27,"White stumpnose","Rhabdosargus globiceps","T","Talbots (1955)-Notes on the biology of Rhabdosargus globiceps.pdf","West","High",0,,"non_kelp","not_applicable","not_applicable","both","not_applicable","no","Talbot's own gut-content data (Tables IV-VI, Fig. 3) document the trophic ecology of R. globiceps in detail: juveniles in the Klein River estuary eat filamentous algae (Enteromorpha), Zostera and Ruppia, amphipods, isopods and molluscs, while adults at sea crush mussels, barnacles and echinoids off ",,"agent:opus:rfbf-v7.1"
28,"Yellow-belly rockcod","Epinephelus marginatus","H","Attwood et al. (2013) - the Proceedings of the 4th Linefish symposium.pdf","East","Low",0,,"not_applicable","not_applicable","non-kelp","adult","not_applicable","no","Epinephelus marginatus tagged as a resident species on offshore rocky reef (10-30 m) in the Pondoland MPA (East); kelp is never mentioned, a level-0 habitat observed alternative (non-kelp reef).",,"agent:opus:rfbf-v7.1"
28,"Yellow-belly rockcod","Epinephelus marginatus","H","Attwood et al. (2016) - Seasonally and spatially referenced estimates of recreational shore-angling effort, catch composition, catch rates and total catch in the Goukamma Marine Protected Area, South Africa.pdf","East","Low",0,,"not_applicable","not_applicable","non-kelp","unspecified","not_applicable","no","Yellowbelly rockcod (5 fish) caught in the non-kelp Goukamma MPA. Presence-only observation of an in-scope species in non-kelp reef/shore habitat, level-0 observed_alternative on the habitat route.",,"agent:opus:rfbf-v7.1"
28,"Yellow-belly rockcod","Epinephelus marginatus","H","Beckley (1983) - The ichthyofauna associated with Zostera capensis Setchell in the Swartkops estuary, South Africa.pdf","East","Low",0,,"not_applicable","not_applicable","non-kelp","juvenile","not_applicable","yes","A single 57 mm specimen recorded as 'Epinephelus guaza', a rocky-shore resident, was caught in the Zostera beds of an East-coast estuary, documenting occupancy of a non-kelp habitat (level-0 observed_alternative, habitat route). Identity is mapped to Epinephelus marginatus (guaza being the historica",,"agent:opus:rfbf-v7.1"
28,"Yellow-belly rockcod","Epinephelus marginatus","H","Beckley and Buxton (1989) - UNDERWATER OBSERVATIONS OF REEF FISH IN AND AROUND ALGOA BAY, SOUTH AFRICA.pdf","East","Medium",0,,"not_applicable","not_applicable","non-kelp","adult","not_applicable","yes","Yellowbelly rockcod, recorded as Epinephalus guaza (a historical synonym for Epinephelus marginatus in South African usage), observed on ~11% of Philip's Reef dives on non-kelp rocky reef East of the kelp range. Level-0 observed_alternative on the habitat route. Identity flagged for review because t",,"agent:opus:rfbf-v7.1"
28,"Yellow-belly rockcod","Epinephelus marginatus","H","Beckley et al. (2008) - Few fish but many fishers, a case study of shore-based recreational angling in a major South African estuarine port.pdf","East","Medium",0,,"not_applicable","not_applicable","non-kelp","unspecified","not_applicable","no","East-region estuarine port; Epinephelus marginatus identified in the shore-angling catch (Table 3; 9 individuals, 0.53%, 3 retained), documenting occurrence in a non-kelp estuarine habitat. No kelp present or examined; no diet data. Level-0 observed_alternative habitat record.",,"agent:opus:rfbf-v7.1"
28,"Yellow-belly rockcod","Epinephelus marginatus","H","Bennett & Attwood (1993)-Shore-angling catches in the De Hoop Nature Reserve  South Africa  and further evidence for the protective value of marine reserves.pdf","East","Medium",0,,"not_applicable","not_applicable","non-kelp","unspecified","not_applicable","no","Epinephelus marginatus (n=2) was caught by shore-angling at De Hoop in a non-kelp aeolianite beach-rock and sand surf zone at the eastern edge of the Ecklonia maxima range. Documented occurrence in non-kelp habitat with no diet or kelp-structure observation gives a level-0 observed_alternative on th",,"agent:opus:rfbf-v7.1"
28,"Yellow-belly rockcod","Epinephelus marginatus","H","Brouwer and Buxton (2002) - Catch and effort of the shore and skiboat linefisheries along the South African Eastern Cape coast.pdf","East","Low",0,,"not_applicable","not_applicable","non-kelp","unspecified","not_applicable","no","Yellowbelly rockcod recorded across all three Eastern Cape sectors, east of the kelp limit: level-0 observed_alternative, habitat route.",,"agent:opus:rfbf-v7.1"
28,"Yellow-belly rockcod","Epinephelus marginatus","H","Bullock et al. (2021) - A decade of surf-zone linefish monitoring in the Dwesa-Cwebe Marine Protected Area.pdf","East","High",0,,"not_applicable","not_applicable","non-kelp","unspecified","not_applicable","no","Yellowbelly rockcod was one of the most frequently caught species (n=274) over rocky-reef habitat in the Dwesa-Cwebe MPA on the Eastern Cape east coast, beyond the eastern kelp limit. Observed occupying non-kelp East-coast reef habitat with no kelp or diet data: level-0 habitat observed_alternative.",,"agent:opus:rfbf-v7.1"
28,"Yellow-belly rockcod","Epinephelus marginatus","H","Burger (1990) - The distribution patterns and community structure of the Tsitsikamma rocky littoral ichthyofauna.pdf","East","Medium",0,,"not_applicable","not_applicable","non-kelp","unspecified","not_applicable","no","East-region record beyond the kelp coast. Epinephelus marginatus (recorded as E. guaza) occurred on non-kelp deep reef at Tsitsikamma, where no kelp forest occurs. Documented occurrence in a non-kelp habitat: level-0 observed_alternative on the habitat route.",,"agent:opus:rfbf-v7.1"
28,"Yellow-belly rockcod","Epinephelus marginatus","H","Button (2018) - Remotely operated vehicle exploring ichthyofauna association with habitat from shore-shelf, in an endemism hotspot in South Africa.pdf","East","Low",0,,"not_applicable","not_applicable","non-kelp","unspecified","not_applicable","no","ROV census off the Kei River mouth (East of the kelp limit) recorded yellowbelly rockcod (Epinephelus marginatus) in 3% of 58 grid cells on non-kelp shelf reef habitat. Documented occupancy of non-kelp habitat gives a level-0 observed_alternative on the habitat route; kelp absent and unassessed. No ",,"agent:opus:rfbf-v7.1"
28,"Yellow-belly rockcod","Epinephelus marginatus","H","Clarke (1988) - Biological aspects of Sparodon durbanensis and Pachymetopon grande.pdf","East","Low",0,,"not_applicable","not_applicable","non-kelp","unspecified","not_applicable","no","Epinephelus marginatus (recorded under the historical name Epinephelus guaza, n=2, measured specimens) is landed in the study's Port Elizabeth inshore rock-angling catch survey, an Eastern Cape rocky-reef fishery east of the kelp limit. Documented occurrence in non-kelp habitat; kelp never mentioned",,"agent:opus:rfbf-v7.1"
28,"Yellow-belly rockcod","Epinephelus marginatus","H","Coetzee and Baird (1981) - Catch composition and catch per unit effort of anglers' catches off St Croix Island.pdf","East","Low",0,,"not_applicable","not_applicable","non-kelp","unspecified","not_applicable","yes","Recorded as 'Epinephelus guaza', a historical synonym of Epinephelus marginatus (dusky grouper / yellowbelly rockcod). Occurs in the St Croix Island angler catch at a non-kelp East-region rocky reef → level-0 observed_alternative on the habitat route. No diet or kelp-structure evidence. Synonym mapp",,"agent:opus:rfbf-v7.1"
28,"Yellow-belly rockcod","Epinephelus marginatus","H","De Vos et al. (2014) - Optimal BRUVs survey design for reef fish monitoring in the Stilbaai Marine Protected Area.pdf","East","Low",0,,"not_applicable","not_applicable","non-kelp","unspecified","not_applicable","no","Recorded at 2 of 29 BRUVs sites on non-kelp sandstone reef at Stilbaai, east of the kelp limit. No kelp present or measured; a level-0 observed_alternative on the habitat route. Feeding guild is secondary; trophic route unassessed.",,"agent:opus:rfbf-v7.1"
28,"Yellow-belly rockcod","Epinephelus marginatus","H","Dicken (2010) - The ichthyofauna in the Port of Ngqura, South Africa.pdf","East","Medium",0,,"not_applicable","not_applicable","non-kelp","juvenile","not_applicable","no","Yellowbelly rockcod (immature) caught at dolosse and quay-wall (non-kelp) habitats in Algoa Bay east of the kelp limit. Level-0 observed_alternative on the habitat route.",,"agent:opus:rfbf-v7.1"
28,"Yellow-belly rockcod","Epinephelus marginatus","H","Dicken et al. (2012) - Long-term catch and effort trends in Eastern Cape Angling Week competitions.pdf","East","Low",0,,"not_applicable","not_applicable","non-kelp","juvenile","not_applicable","no","Eastern Cape shore fishery east of the kelp limit; Table 1 records Epinephelus marginatus caught in non-kelp habitat (3 fish). Level-0 observed_alternative on the habitat route. Trophic route unassessed (no diet data).",,"agent:opus:rfbf-v7.1"
28,"Yellow-belly rockcod","Epinephelus marginatus","H","Dunlop & Mann (2013)-An assessment of participation catch and effort in the offshore boat based line fishery in KZN.pdf","East","Medium",0,,"not_applicable","not_applicable","non-kelp","unspecified","not_applicable","no","East-region KZN catch survey; no kelp. Yellowbelly rockcod (reef serranid) retained across all sectors, documenting occupation of non-kelp KZN reef habitat. Level-0 observed_alternative, habitat route.",,"agent:opus:rfbf-v7.1"
28,"Yellow-belly rockcod","Epinephelus marginatus","H","Dunlop and Mann (2012) - An assessment of participation, catch and effort in the KwaZulu-Natal shore-based marine linefishery, with comments on management effectiveness.pdf","East","High",0,,"not_applicable","not_applicable","non-kelp","unspecified","not_applicable","no","Epinephelus marginatus was caught (15) in the KZN (East) non-kelp shore fishery. Documented occurrence in non-kelp east-coast habitat = level-0 observed_alternative (habitat route). No diet or kelp data.",,"agent:opus:rfbf-v7.1"
28,"Yellow-belly rockcod","Epinephelus marginatus","H","Dyer (2018) - The role of ecological processes in structuring reef fish communities in the Agulhas ecoregion South Africa.pdf","East","High",0,,"not_applicable","not_applicable","non-kelp","unspecified","not_applicable","no","Recorded on rocky reef via stereo-BRUVs in the Agulhas Ecoregion, east of the eastern kelp limit. Occupancy of non-kelp rocky-reef habitat; no kelp action observed and diet not examined. Level-0 observed_alternative on the habitat route.",,"agent:opus:rfbf-v7.1"
28,"Yellow-belly rockcod","Epinephelus marginatus","H","Fennessy (2000) - Comparitive life histories and stock assessments of rockcods from the east coast of South Africa.pdf","East","Medium",0,,"not_applicable","not_applicable","non-kelp","both","not_applicable","no","The thesis documents Epinephelus marginatus as a reef-associated serranid caught by the East-coast (KwaZulu-Natal, plus southern Mozambique) line fishery from the shore to about 90 m, across juvenile-to-adult sizes (TL 57-1125 mm). The habitat is subtidal rocky reef (coral-veneered or algae/ascidian",,"agent:opus:rfbf-v7.1"
28,"Yellow-belly rockcod","Epinephelus marginatus","H","Fennessy (2006) - Reproductive biology and growth of the yellowbelly rockcod Epinephelus marginatus Serranidae from South East Africa.pdf","East","Medium",0,,"not_applicable","not_applicable","non-kelp","both","not_applicable","no","This is a reproductive-biology and growth study of Epinephelus marginatus based on commercial linefish catches from KwaZulu-Natal and southern Mozambique - all in the East region, east of the Cape Agulhas/De Hoop kelp limit (confirmed visually in Figure 1). The study documents the species occupying ",,"agent:opus:rfbf-v7.1"
28,"Yellow-belly rockcod","Epinephelus marginatus","H","Fennessy et al. (1998) - Fish species composition and abundance on a subtropical, artificial reef on the east coast of South Africa.pdf","East","High",0,,"not_applicable","not_applicable","non-kelp","juvenile","not_applicable","no","Epinephelus marginatus (yellowbelly rockcod) was recorded in visual transects in both months and noted as juveniles recruiting to the Durban artificial reef, an east-coast non-kelp locality. Documented occurrence of an in-scope species in non-kelp habitat, coded as a level-0 observed_alternative hab",,"agent:opus:rfbf-v7.1"
28,"Yellow-belly rockcod","Epinephelus marginatus","H","Fennessy et al. (2003) - An assessment of the recreational and commercial skiboat fishery in the Transkei.pdf","East","Medium",0,,"not_applicable","not_applicable","non-kelp","unspecified","not_applicable","no","Yellowbelly rockcod was retained in the Transkei reef fishery in both regions, east of the kelp limit with no kelp mentioned. Documented non-kelp reef occurrence. Level-0 observed_alternative, habitat route; trophic route unassessed.",,"agent:opus:rfbf-v7.1"
28,"Yellow-belly rockcod","Epinephelus marginatus","H","Geldenhuys (2015) - Quantitative fish survey of the submarine canyons of the iSimangaliso Wetland Park.pdf","East","High",0,,"not_applicable","not_applicable","non-kelp","unspecified","not_applicable","no","Deep-reef ROV video census off Sodwana Bay (northern KwaZulu-Natal), far east of the kelp limit; region East, non-kelp habitat. Epinephelus marginatus (yellowbelly rockcod) was recorded occupying deep subtropical reef/canyon habitat in five of eight canyons (Wright, Jesser, Diepgat, Leadsman, Chaka)",,"agent:opus:rfbf-v7.1"
28,"Yellow-belly rockcod","Epinephelus marginatus","H","Gonzalez (2024) - Baited remote underwater video surveys report, Stilbaai Marine Protected Area (2013-2016).pdf","East","Medium",0,,"not_applicable","not_applicable","non-kelp","unspecified","not_applicable","no","Epinephelus marginatus was recorded by baited remote underwater video in the Stilbaai MPA (Table 3; present in 2013, 2015 per Table 4). Stilbaai lies on the warm-temperate south coast east of Cape Agulhas/De Hoop, beyond the eastern range limit of Ecklonia maxima, and the report explicitly states th",,"agent:opus:rfbf-v7.1"
28,"Yellow-belly rockcod","Epinephelus marginatus","H","Götz et al. (2008) - Selected fishery and population parameters of eight shore-angling species in the Tsitsikamma National Park no-take marine reserve.pdf","East","Medium",0,,"not_applicable","not_applicable","non-kelp","unspecified","not_applicable","no","Yellowbelly rockcod caught in the TNP shore-angling survey (Table 1, n=21) at a non-kelp rocky-reef site on the Eastern Cape coast. Occurrence documented; no diet data and no kelp structural action. Level-0 observed_alternative on the habitat route. Trophic route unassessed.",,"agent:opus:rfbf-v7.1"
28,"Yellow-belly rockcod","Epinephelus marginatus","H","Griffiths (2000) - Long-term trends in catch and effort of commercial linefish off South Africa's Cape Province.pdf","East","Low",0,,"not_applicable","not_applicable","non-kelp","unspecified","not_applicable","no","Fishery-independent survey documents yellowbelly rockcod (Epinephelus marginatus) on Southern Cape reef complexes in the second survey. Non-kelp reef habitat occurrence; kelp not measured or mentioned. Level-0 observed_alternative, habitat route, region East, Low specificity.",,"agent:opus:rfbf-v7.1"
28,"Yellow-belly rockcod","Epinephelus marginatus","H","Hanekom et al. (1989) - Sea temperature variations in the Tsitsikamma Coastal National Park, South Africa, with notes on the effect of cold conditions on some fish populations.pdf","East","Low",0,,"not_applicable","not_applicable","non-kelp","unspecified","not_applicable","no","Yellowbelly rockcod found dead in the January 1984 nearshore cold-water event on the East coast (Table I). Documents occurrence in a non-kelp nearshore reef habitat at the sampled place/time; kelp not measured or mentioned. Level-0 observed_alternative habitat record.",,"agent:opus:rfbf-v7.1"
28,"Yellow-belly rockcod","Epinephelus marginatus","H","Hanekom et al. (1997) - Shore-angling catches in the Tsitsikamma National Park, 1989-1995.pdf","East","Medium",0,,"not_applicable","not_applicable","non-kelp","unspecified","not_applicable","no","Yellowbelly rockcod recorded in scientific fishing on the TNP non-kelp coast east of the kelp limit: level 0 observed_alternative, habitat route. Trophic route unassessed.",,"agent:opus:rfbf-v7.1"
28,"Yellow-belly rockcod","Epinephelus marginatus","H","Hecht and Tilney (1989) - The Port Alfred fishery.pdf","East","Low",0,,"not_applicable","not_applicable","non-kelp","unspecified","not_applicable","no","Yellowbelly rockcod (Epinephelus guaza, a synonym of E. marginatus) is documented as a caught reef species of the east-coast Port Alfred fishery, historically a principal component; observed in a non-kelp reef habitat with no kelp link, giving a level-0 observed_alternative habitat record.",,"agent:opus:rfbf-v7.1"
28,"Yellow-belly rockcod","Epinephelus marginatus","H","Heyns-Veale et al. (2019) - Community-wide effects of protection reveal insights into marine protected area effectiveness for reef fish.pdf","East","Medium",0,,"not_applicable","not_applicable","non-kelp","unspecified","not_applicable","no","Yellowbelly rockcod recorded on non-kelp reef via stereo-BRUVs at Pondoland (subtropical, far east of the kelp limit); kelp not measured or mentioned. Level-0 observed_alternative on the habitat route. Trophic route unassessed. Region 'East'.",,"agent:opus:rfbf-v7.1"
28,"Yellow-belly rockcod","Epinephelus marginatus","H","Jairam (2005) - COMMERCIAL AND RECREATIONAL MARINE SKIBOAT LINEFISHERIES IN RICHARDS BAY.pdf","East","Low",0,,"not_applicable","not_applicable","non-kelp","unspecified","not_applicable","no","Reef serranid caught on Richards Bay offshore reefs (200 commercial, 39 recreational), beyond the eastern kelp limit. Documents occupancy of non-kelp reef habitat (level-0 observed_alternative, habitat route). No kelp assessed; trophic route unassessed.",,"agent:opus:rfbf-v7.1"
28,"Yellow-belly rockcod","Epinephelus marginatus","H","James et al (2012)-Temporal variability of temperate fish assemblahe in Africas oldest MPA.pdf","East","Medium",0,,"not_applicable","not_applicable","non-kelp","unspecified","not_applicable","no","Recorded by shore-angling on the non-kelp East-region reef of TNP under the synonym Epinephelus guaza (= E. marginatus); occupancy of non-kelp habitat only. Level-0 observed_alternative on the habitat route; trophic route unassessed.",,"agent:opus:rfbf-v7.1"
28,"Yellow-belly rockcod","Epinephelus marginatus","H","Joubert and Hanekom (1980) - A study of feeding in some inshore reef fish of the Natal Coast, South Africa.pdf","East","Low",0,,"not_applicable","not_applicable","non-kelp","adult","not_applicable","yes","Grouper recorded as 'Epinephelus guaza' as a benthic feeder on the non-kelp Natal east-coast reef. Observed_alternative on the habitat route, level 0. Review flagged for identity (E. guaza / E. marginatus synonymy).",,"agent:opus:rfbf-v7.1"
28,"Yellow-belly rockcod","Epinephelus marginatus","H","Maggs et al (2013)-Contribution of a large no take zone to the management of vulnerable reef fishes in the south western indian ocean.pdf","East","High",0,,"not_applicable","not_applicable","non-kelp","unspecified","not_applicable","no","Epinephelus marginatus (yellowbelly rockcod), a study species, was caught abundantly on East-Coast Pondoland rocky reef at 10–30 m (310 individuals; Table A1), well east of the kelp limit, with quantified CPUE (Table 1) and mean length (Table 2). This documents occupancy of a non-kelp reef habitat: ",,"agent:opus:rfbf-v7.1"
28,"Yellow-belly rockcod","Epinephelus marginatus","H","Maggs et al. (2013) - Reef fish display station-keeping and ranging behaviour in the Pondoland Marine Protected Area on the east coast of South Africa.pdf","East","Medium",0,,"not_applicable","not_applicable","non-kelp","adult","not_applicable","no","This is a tag-recapture movement study conducted entirely in the Pondoland MPA on the Eastern Cape east coast (Figure 1), beyond the eastern limit of Ecklonia maxima, over scattered reef and sand at 10-30 m depth. E. marginatus (model_scope=true) is a primary study species and is documented occupyin",,"agent:opus:rfbf-v7.1"
28,"Yellow-belly rockcod","Epinephelus marginatus","H","Mann and Pradervand (2007) - Declining catch per unit effort of an estuarine-dependent fish, Rhabdosargus sarba (Teleostei, Sparidae), in the marine environment following closure of the St Lucia Estuarine System, South Africa.pdf","East","Low",0,,"not_applicable","not_applicable","non-kelp","unspecified","not_applicable","no","Caught in the northern KZN marine surf/reef zone (Table 1, 82 fish); documented occurrence in a non-kelp habitat outside the kelp range. Level-0 observed_alternative on the habitat route. No trophic data.",,"agent:opus:rfbf-v7.1"
28,"Yellow-belly rockcod","Epinephelus marginatus","H","Mann et al. (2003) - Evaluation of participation in and management of the Transkei shore linefishery.pdf","East","Medium",0,,"not_applicable","not_applicable","non-kelp","unspecified","not_applicable","no","Yellowbelly rockcod caught along the non-kelp Transkei (East) shore-fishery (Table IV, n=8). Level-0 observed-alternative habitat record; no kelp-structural or diet observation.",,"agent:opus:rfbf-v7.1"
28,"Yellow-belly rockcod","Epinephelus marginatus","H","Mann et al. (2006) - Towards the declaration of a large marine protected area, a subtidal ichthyofaunal survey of the Pondoland coast in the Eastern Cape, South Africa.pdf","East","High",0,,"not_applicable","not_applicable","non-kelp","both","not_applicable","no","Counted in the Pondoland UVC (Table 1: N=55, density 4.09 per 1 000 m2) on non-kelp reefs, Eastern Cape; Figure 3 shows a ~15-105 cm size range spanning juveniles and adults. Level-0 observed_alternative on the habitat route.",,"agent:opus:rfbf-v7.1"
28,"Yellow-belly rockcod","Epinephelus marginatus","H","Mann et al. (2015) - Movement patterns of surf-zone fish species in a subtropical MPA on the east coast of South Africa.pdf","East","High",0,,"not_applicable","not_applicable","non-kelp","both","not_applicable","no","St Lucia Marine Reserve is a subtropical east-coast (northern KwaZulu-Natal) MPA well beyond the eastern kelp limit; no kelp is present or mentioned. E. marginatus was caught (436), tagged (295) and recaptured (73) by hook and line in the surf zone (sand and scattered low-relief beach-rock reef), an",,"agent:opus:rfbf-v7.1"
28,"Yellow-belly rockcod","Epinephelus marginatus","H","Mann et al. (2016) - Monitoring the recovery of a previously exploited surf-zone fish community in the St Lucia Marine Reserve, South Africa.pdf","East","Medium",0,,"not_applicable","not_applicable","non-kelp","both","not_applicable","no","Epinephelus marginatus was captured (n=335; 231 tagged) in the St Lucia surf zone on the KwaZulu-Natal east coast, documenting occupancy of a non-kelp reef/sand habitat, with the surf zone described as serranid nursery habitat. Level-0 observed_alternative on the habitat route; region East, no kelp ",,"agent:opus:rfbf-v7.1"
28,"Yellow-belly rockcod","Epinephelus marginatus","H","Mann et al. (2022) - Monitoring the effects of spatial protection on the reef fish communities of the Pondoland Marine Protected Area, Eastern Cape Province, South Africa.pdf","East","Medium",0,,"not_applicable","not_applicable","non-kelp","unspecified","not_applicable","no","In-scope yellowbelly rockcod (Epinephelus marginatus), an a priori focal reef species, recorded on Pondoland reef (10–30 m, Eastern Cape east coast), east of the kelp range. Occupies non-kelp reef habitat; kelp neither measured nor mentioned. Protection contrasts concern reef fishing, not kelp. Leve",,"agent:opus:rfbf-v7.1"
28,"Yellow-belly rockcod","Epinephelus marginatus","H","Osgood et al. (2020) - Chondrichthyans as an umbrella species-complex for conserving South African biodiversity.pdf","West","Low",0,,"not_applicable","not_applicable","non-kelp","unspecified","not_applicable","no","Yellowbelly rockcod is recorded once on BRUV in the kelp region at a non-kelp (reef) site. Level-0 observed_alternative on the habitat route, Low specificity. Trophic route unassessed.",,"agent:opus:rfbf-v7.1"
28,"Yellow-belly rockcod","Epinephelus marginatus","H","Penney et al. (1999) - Long-term trends in catch and effort in the KwaZulu-Natal nearshore linefisheries.pdf","East","Low",0,,"not_applicable","not_applicable","non-kelp","unspecified","not_applicable","no","Yellowbelly rockcod (Epinephelus marginatus, listed in the source as E. guaza) is documented in the KwaZulu-Natal reef catch as a highly resident serranid (East region, no kelp present). Occupation of a non-kelp reef habitat by an in-scope species is a level-0 observed_alternative on the habitat rou",,"agent:opus:rfbf-v7.1"
28,"Yellow-belly rockcod","Epinephelus marginatus","H","Pradervand (2004) - Long-term trends in the shore fishery of the Transkei coast, South Africa.pdf","East","Medium",0,,"not_applicable","not_applicable","non-kelp","unspecified","not_applicable","no","E. marginatus recorded (n=147) in the Transkei shore fishery (East, non-kelp); no diet or kelp-structure observation. Level-0 observed_alternative on the habitat route.",,"agent:opus:rfbf-v7.1"
28,"Yellow-belly rockcod","Epinephelus marginatus","H","Pradervand and Govender (2003) - Assessment of catches in shore angling competitions from the border region of the Eastern Cape, South Africa.pdf","East","Medium",0,,"not_applicable","not_applicable","non-kelp","unspecified","not_applicable","no","Yellowbelly rockcod positively identified (n=7) in the Border surf-zone catch, Eastern Cape (East of kelp limit). Level-0 observed_alternative habitat record. No diet data; trophic route unassessed.",,"agent:opus:rfbf-v7.1"
28,"Yellow-belly rockcod","Epinephelus marginatus","H","Pradervand et al. (2007) - Long-term trends in the competitive shore fishery along the KwaZulu-Natal coast, South Africa.pdf","East","Low",0,,"not_applicable","not_applicable","non-kelp","unspecified","not_applicable","no","Yellowbelly rockcod recorded (n=294) in the East-coast non-kelp shore fishery. Documents occurrence on non-kelp inshore reef habitat; kelp not assessed. Level-0 observed_alternative, habitat route.",,"agent:opus:rfbf-v7.1"
28,"Yellow-belly rockcod","Epinephelus marginatus","H","Sink et al (2006)_observations-of-the-habitats-and-biodiversity-of-the-submarine-canyons-at-sodwana-bay-coelacanth.pdf","East","High",0,,"not_applicable","not_applicable","non-kelp","unspecified","not_applicable","no","Epinephelus marginatus was recorded on video census in two submarine canyons off Sodwana Bay, northern KwaZulu-Natal, at 75-110 m on deep rocky-reef and canyon substrate. This is a documented observation of an in-scope species occupying a non-kelp habitat at the sampled place and time, far east of t",,"agent:opus:rfbf-v7.1"
28,"Yellow-belly rockcod","Epinephelus marginatus","H","Smale (1983) - Resource partitioning by top predatory teleosts in the eastern cape coastal waters South Africa.pdf","East","Medium",0,,"not_applicable","not_applicable","non-kelp","both","not_applicable","no","Epinephelus marginatus (as E. guaza) occupies scattered/massive reefs, caves and artificial structures (shipwrecks) in the eastern Cape, sheltering in caves; juveniles use intertidal-subtidal rock pools. This is documented occupancy of non-kelp physical habitat east of the kelp range, hence level-0 ",,"agent:opus:rfbf-v7.1"
28,"Yellow-belly rockcod","Epinephelus marginatus","H","Smale (1986) - Feeding biology of four predatory reef fishes off the south-eastern Cape coast.pdf","East","Medium",0,,"not_applicable","not_applicable","non-kelp","both","not_applicable","no","Epinephelus marginatus (E. guaza) is documented as a benthic reef-associated ambush predator resting on the bottom and near caves in the south-eastern Cape (East region, no kelp). A documented observation of an in-scope species occupying non-kelp reef habitat: a level-0 observed_alternative on the h",,"agent:opus:rfbf-v7.1"
28,"Yellow-belly rockcod","Epinephelus marginatus","H","Smale (1987) - Food paritioning by coastal pedatory teleosts in South Africa.pdf","East","Medium",0,,"not_applicable","not_applicable","non-kelp","unspecified","not_applicable","yes","The source documents E. guaza occupying non-kelp habitat at the sampled place, time and life stage: all three size groups (90 specimens) are classified among the reef predators in this paper's own classification and ordination, and all were taken inshore of Cape Recife, east of the eastern kelp limi",,"agent:opus:rfbf-v7.1"
28,"Yellow-belly rockcod","Epinephelus marginatus","H","Smale and Buxton (1985) - recreational ski-boat fishery off the Eastern Cape.pdf","East","Medium",0,,"not_applicable","not_applicable","non-kelp","unspecified","not_applicable","no","Yellowbelly rockcod (E. marginatus) is caught (quantified) in the Algoa Bay reef fishery, east of the kelp limit; documents occurrence in non-kelp reef habitat, a level-0 observed alternative. No diet data; trophic route unassessed.",,"agent:opus:rfbf-v7.1"
28,"Yellow-belly rockcod","Epinephelus marginatus","H","Smale and Buxton (1988) - The subtidal gully fish community of the eastern Cape and the role of this habitat as a nursery area.pdf","East","Medium",0,,"not_applicable","not_applicable","non-kelp","juvenile","not_applicable","yes","The rockcod Epinephelus guaza (a historical name for the yellowbelly rockcod Epinephelus marginatus) was caught only as juveniles (n=22, 86–357 mm; smallest 86 mm) from non-kelp red-algae rocky gullies in the eastern Cape (East, beyond the kelp limit). A level-0 observed_alternative on the habitat r",,"agent:opus:rfbf-v7.1"
28,"Yellow-belly rockcod","Epinephelus marginatus","H","Sowman (1984) - An assessment of recreational carrying capacity at Infanta, South Cape.pdf","East","Medium",0,,"not_applicable","not_applicable","non-kelp","unspecified","not_applicable","no","Table 11 records 1 yellowbelly rockcod (1.5 kg) under the synonym Epinephelus guaza (= E. marginatus). The species is documented occupying non-kelp East-coast reef habitat east of the kelp limit; no trophic or kelp-structural observation: level-0 observed_alternative on the habitat route. Trophic ro",,"agent:opus:rfbf-v7.1"
28,"Yellow-belly rockcod","Epinephelus marginatus","H","Venter and Mann (2012) - Preliminary assessment of surf-zone and estuarine line-fish species of the Dwesa-Cwebe Marine Protected Area.pdf","East","Medium",0,,"not_applicable","not_applicable","non-kelp","unspecified","not_applicable","no","Recorded in the East-region non-kelp surf-zone/rocky reef (30 individuals, 2.82%). Kelp neither measured nor mentioned. Level-0 observed_alternative on the habitat route. No diet data, trophic route unassessed.",,"agent:opus:rfbf-v7.1"
28,"Yellow-belly rockcod","Epinephelus marginatus","T","Joubert and Hanekom (1980) - A study of feeding in some inshore reef fish of the Natal Coast, South Africa.pdf","East","Low",0,,"non_kelp","not_applicable","not_applicable","adult","not_applicable","yes","Primary qualitative diet data (5 stomachs) for a grouper recorded as 'Epinephelus guaza' on Natal east-coast reefs, no kelp in region. Documented carnivory on non-kelp reef prey: observed_alternative on the trophic route, level 0. Review flagged for the E. guaza-to-E. marginatus synonymy.",,"agent:opus:rfbf-v7.1"
28,"Yellow-belly rockcod","Epinephelus marginatus","T","Smale (1983) - Resource partitioning by top predatory teleosts in the eastern cape coastal waters South Africa.pdf","East","High",0,,"non_kelp","not_applicable","not_applicable","both","not_applicable","no","Epinephelus marginatus (as E. guaza) on eastern Cape reefs feeds principally on crustaceans (crabs), octopus and reef fishes, all non-kelp prey east of the kelp range. Level-0 observed_alternative on the trophic route. Identity of E. guaza with E. marginatus (yellowbelly rockcod) is well established",,"agent:opus:rfbf-v7.1"
28,"Yellow-belly rockcod","Epinephelus marginatus","T","Smale (1986) - Feeding biology of four predatory reef fishes off the south-eastern Cape coast.pdf","East","High",0,,"non_kelp","not_applicable","not_applicable","both","not_applicable","no","Diet study showing Epinephelus marginatus (named E. guaza in the source) in the south-eastern Cape (East region, no kelp) feeds on crabs (Plagusia chabrus), Octopus vulgaris and reef fishes. Documented consumption of non-kelp food by an in-scope species: a level-0 observed_alternative on the trophic",,"agent:opus:rfbf-v7.1"
28,"Yellow-belly rockcod","Epinephelus marginatus","T","Smale (1987) - Food paritioning by coastal pedatory teleosts in South Africa.pdf","East","Medium",0,,"non_kelp","outside","not_applicable","unspecified","not_applicable","yes","The source documents E. guaza (90 stomachs across three size groups from 30 to 70 cm, all taken inshore of Cape Recife, east of the eastern kelp limit) consuming exclusively non-kelp prey: Octopus vulgaris, Cheilodactylidae and Acanthistius sebastoides, and taking similar prey across the size range ",,"agent:opus:rfbf-v7.1"
30,"Zebra fish","Diplodus hottentotus","H","Attwood et al. (2016) - Seasonally and spatially referenced estimates of recreational shore-angling effort, catch composition, catch rates and total catch in the Goukamma Marine Protected Area, South Africa.pdf","East","Medium",0,,"not_applicable","not_applicable","non-kelp","unspecified","not_applicable","no","Zebra (16 fish, 1.3%) caught in the non-kelp Goukamma MPA; SIMPER identifies it as a predominantly rocky-shore fish. Level-0 observed_alternative on the habitat route.",,"agent:opus:rfbf-v7.1"
30,"Zebra fish","Diplodus hottentotus","H","Bailey and James (2013) - Fish sampling in the marine-dominated Kariega Estuary, South Africa, using a demersal otter trawl, day night effects.pdf","East","Medium",0,,"not_applicable","not_applicable","non-kelp","unspecified","not_applicable","no","Diplodus hottentotus (listed as Diplodus cervinus hottentotus, the zebra) is caught in the soft-sediment channel of an Eastern Cape estuary outside the kelp range (Table 1), a documented observation of an in-scope species using a non-kelp habitat, coded level-0 observed_alternative on the habitat ro",,"agent:opus:rfbf-v7.1"
30,"Zebra fish","Diplodus hottentotus","H","Beckley (1983) - The ichthyofauna associated with Zostera capensis Setchell in the Swartkops estuary, South Africa.pdf","East","Medium",0,,"not_applicable","not_applicable","non-kelp","juvenile","not_applicable","yes","Juvenile fish recorded as 'Diplodus cervinus' were caught in the Zostera beds and channel of an East-coast estuary with spring/summer recruitment, documenting occupancy of a non-kelp seagrass habitat (level-0 observed_alternative, habitat route). The identity is mapped to Diplodus hottentotus (the e",,"agent:opus:rfbf-v7.1"
30,"Zebra fish","Diplodus hottentotus","H","Beckley (1985) - Tidal exchange of ichthyoplankton in the Swartkops estuary mouth, South Africa.pdf","East","Medium",0,,"not_applicable","not_applicable","non-kelp","juvenile","not_applicable","no","A single 7 mm juvenile zebra was captured in the Swartkops estuary mouth (East coast, non-kelp habitat) in Session 1. Diplodus cervinus with common name zebra corresponds to Diplodus hottentotus in South African usage. No kelp relationship is examined. Level-0 observed_alternative on the habitat rou",,"agent:opus:rfbf-v7.1"
30,"Zebra fish","Diplodus hottentotus","H","Beckley and Buxton (1989) - UNDERWATER OBSERVATIONS OF REEF FISH IN AND AROUND ALGOA BAY, SOUTH AFRICA.pdf","East","High",0,,"not_applicable","not_applicable","non-kelp","both","not_applicable","no","Zebra (Diplodus cervinus hottentotus = Diplodus hottentotus) observed on Algoa Bay non-kelp rocky reef at high frequency (89% at Philip's Reef, category A), adults and juveniles. Non-kelp habitat occupancy East of the kelp range is a level-0 observed_alternative on the habitat route.",,"agent:opus:rfbf-v7.1"
30,"Zebra fish","Diplodus hottentotus","H","Bennett & Attwood (1993)-Shore-angling catches in the De Hoop Nature Reserve  South Africa  and further evidence for the protective value of marine reserves.pdf","East","Medium",0,,"not_applicable","not_applicable","non-kelp","unspecified","not_applicable","no","Diplodus hottentotus (reported as Diplodus cervinus hottentotus; n=465) was caught by shore-angling at De Hoop in a non-kelp aeolianite beach-rock and sand surf zone at the eastern edge of the Ecklonia maxima range. Documented occurrence in non-kelp habitat with no diet or kelp-structure observation",,"agent:opus:rfbf-v7.1"
30,"Zebra fish","Diplodus hottentotus","H","Brouwer and Buxton (2002) - Catch and effort of the shore and skiboat linefisheries along the South African Eastern Cape coast.pdf","East","Low",0,,"not_applicable","not_applicable","non-kelp","unspecified","not_applicable","no","Zebra recorded in the Eastern Cape shore and commercial skiboat catches, east of the kelp limit: level-0 observed_alternative, habitat route.",,"agent:opus:rfbf-v7.1"
30,"Zebra fish","Diplodus hottentotus","H","Bullock et al. (2021) - A decade of surf-zone linefish monitoring in the Dwesa-Cwebe Marine Protected Area.pdf","East","High",0,,"not_applicable","not_applicable","non-kelp","unspecified","not_applicable","no","Zebra was captured (n=108) over rocky-reef habitat in the Dwesa-Cwebe MPA on the Eastern Cape east coast, beyond the eastern kelp limit. Observed occupying non-kelp East-coast habitat with no kelp or diet data: level-0 habitat observed_alternative. Trophic route unassessed.",,"agent:opus:rfbf-v7.1"
30,"Zebra fish","Diplodus hottentotus","H","Burger (1990) - The distribution patterns and community structure of the Tsitsikamma rocky littoral ichthyofauna.pdf","East","High",0,,"not_applicable","not_applicable","non-kelp","unspecified","not_applicable","no","East-region record beyond the kelp coast. Diplodus hottentotus (as D. cervinus) was recorded in non-kelp subtidal gullies at Tsitsikamma, where no kelp forest occurs. Documented occurrence in a non-kelp habitat: level-0 observed_alternative on the habitat route.",,"agent:opus:rfbf-v7.1"
30,"Zebra fish","Diplodus hottentotus","H","Button (2018) - Remotely operated vehicle exploring ichthyofauna association with habitat from shore-shelf, in an endemism hotspot in South Africa.pdf","East","Low",0,,"not_applicable","not_applicable","non-kelp","unspecified","not_applicable","no","ROV census off the Kei River mouth (East of the kelp limit) recorded zebra (listed as Diplodus cervinus; the South African zebra is the frame species Diplodus hottentotus, formerly D. cervinus hottentotus) in 2% of 58 grid cells on non-kelp shelf reef habitat. Documented occupancy of non-kelp habita",,"agent:opus:rfbf-v7.1"
30,"Zebra fish","Diplodus hottentotus","H","Clarke (1988) - Biological aspects of Sparodon durbanensis and Pachymetopon grande.pdf","East","Low",0,,"not_applicable","not_applicable","non-kelp","unspecified","not_applicable","no","Diplodus hottentotus (recorded as Diplodus cervinus hottentotus, n=26) is landed in the study's Port Elizabeth inshore rock-angling catch survey, an Eastern Cape rocky-reef fishery east of the kelp limit. Documented occurrence in non-kelp habitat; kelp never mentioned. Level-0 observed_alternative o",,"agent:opus:rfbf-v7.1"
30,"Zebra fish","Diplodus hottentotus","H","Coetzee and Baird (1981) - Catch composition and catch per unit effort of anglers' catches off St Croix Island.pdf","East","Medium",0,,"not_applicable","not_applicable","non-kelp","unspecified","not_applicable","no","Zebra, recorded as 'Diplodus cervinus' (D. cervinus hottentotus) = Diplodus hottentotus. Among predominant species in the St Croix Island angler catch at a non-kelp East-region rocky reef → level-0 observed_alternative on the habitat route.",,"agent:opus:rfbf-v7.1"
30,"Zebra fish","Diplodus hottentotus","H","Cottrant (2024) - Assessing conservation measures for five southern African endemic shark species.pdf","West","Low",0,,"not_applicable","not_applicable","non-kelp","unspecified","not_applicable","no","Recorded on baited remote underwater video in Walker Bay across a kelp/reef/sand survey (Table 2, Zebra). Presence documented but substrate not resolved. Coded Level-0 observed-alternative.",,"agent:opus:rfbf-v7.1"
30,"Zebra fish","Diplodus hottentotus","H","Cowley et al (2002)_Role of Tsitsikamma National Park in the management of four shore angling fish along the south eastern Cape coast of SA.pdf","East","Medium",0,,"not_applicable","not_applicable","non-kelp","both","not_applicable","no","Diplodus hottentotus (as D. cervinus hottentotus) is a study species documented as resident on non-kelp rocky reef in the Tsitsikamma National Park and adjacent south-east Cape open-access areas, entirely east of the eastern kelp limit. Kelp is never mentioned or measured. Table I shows 100% of reca",,"agent:opus:rfbf-v7.1"
30,"Zebra fish","Diplodus hottentotus","H","Day (1970) - The biology of False Bay, South Africa.pdf","West","Low",0,,"not_applicable","not_applicable","non-kelp","unspecified","not_applicable","no","The zebra is a permanent reef/shore inhabitant that 'haunts the shore', an occupied non-kelp habitat (level 0 observed alternative).",,"agent:opus:rfbf-v7.1"
30,"Zebra fish","Diplodus hottentotus","H","De Vos et al. (2014) - Optimal BRUVs survey design for reef fish monitoring in the Stilbaai Marine Protected Area.pdf","East","High",0,,"not_applicable","not_applicable","non-kelp","unspecified","not_applicable","no","Recorded at 20 of 29 BRUVs sites on non-kelp sandstone reef at Stilbaai, east of the kelp limit. No kelp present or measured; a level-0 observed_alternative on the habitat route. Feeding guild is secondary; trophic route unassessed.",,"agent:opus:rfbf-v7.1"
30,"Zebra fish","Diplodus hottentotus","H","Dicken (2010) - The ichthyofauna in the Port of Ngqura, South Africa.pdf","East","Low",0,,"not_applicable","not_applicable","non-kelp","juvenile","not_applicable","no","Zebra (juvenile) caught at the dolosse (non-kelp) habitat in Algoa Bay east of the kelp limit. Level-0 observed_alternative on the habitat route; low specificity given n=2.",,"agent:opus:rfbf-v7.1"
30,"Zebra fish","Diplodus hottentotus","H","Dicken et al. (2012) - Long-term catch and effort trends in Eastern Cape Angling Week competitions.pdf","East","Medium",0,,"not_applicable","not_applicable","non-kelp","adult","not_applicable","no","Eastern Cape shore fishery east of the kelp limit; Table 1 records Diplodus hottentotus caught in non-kelp habitat (35 fish). Level-0 observed_alternative on the habitat route. Trophic route unassessed (no diet data).",,"agent:opus:rfbf-v7.1"
30,"Zebra fish","Diplodus hottentotus","H","Dopolo et al. (2013) - Line Fish conference paper.pdf","Both","Low",0,,"not_applicable","not_applicable","non-kelp","unspecified","not_applicable","no","Zebra caught by shore anglers adjacent to Agulhas NP (n=4); catch record with no kelp or diet observation. Level-0 observed_alternative on the habitat route. Region Both (ANP straddles the kelp limit).",,"agent:opus:rfbf-v7.1"
30,"Zebra fish","Diplodus hottentotus","H","Dunlop & Mann (2013)-An assessment of participation catch and effort in the offshore boat based line fishery in KZN.pdf","East","Low",0,,"not_applicable","not_applicable","non-kelp","unspecified","not_applicable","no","East-region KZN catch survey; no kelp. Zebra (reef sparid) retained in small numbers across sectors, documenting occurrence in non-kelp KZN reef habitat. Level-0 observed_alternative, habitat route.",,"agent:opus:rfbf-v7.1"
30,"Zebra fish","Diplodus hottentotus","H","Dunlop and Mann (2012) - An assessment of participation, catch and effort in the KwaZulu-Natal shore-based marine linefishery, with comments on management effectiveness.pdf","East","High",0,,"not_applicable","not_applicable","non-kelp","unspecified","not_applicable","no","Diplodus hottentotus was caught (20) in the KZN (East) non-kelp shore fishery. Documented occurrence in non-kelp east-coast habitat = level-0 observed_alternative (habitat route). No diet or kelp data.",,"agent:opus:rfbf-v7.1"
30,"Zebra fish","Diplodus hottentotus","H","Dyer (2018) - The role of ecological processes in structuring reef fish communities in the Agulhas ecoregion South Africa.pdf","East","High",0,,"not_applicable","not_applicable","non-kelp","unspecified","not_applicable","no","Recorded on rocky reef via stereo-BRUVs at all four reefs in the Agulhas Ecoregion, east of the eastern kelp limit. Occupancy of non-kelp rocky-reef habitat; no kelp action observed and diet not examined. Level-0 observed_alternative on the habitat route.",,"agent:opus:rfbf-v7.1"
30,"Zebra fish","Diplodus hottentotus","H","Fennessy et al. (1998) - Fish species composition and abundance on a subtropical, artificial reef on the east coast of South Africa.pdf","East","High",0,,"not_applicable","not_applicable","non-kelp","juvenile","not_applicable","no","Diplodus hottentotus (as D. cervinus hottentotus, zebra) was recorded in visual transects and identified as juveniles recruiting to the Durban artificial reef, an east-coast non-kelp locality. Documented occurrence of an in-scope species in non-kelp habitat, coded as a level-0 observed_alternative h",,"agent:opus:rfbf-v7.1"
30,"Zebra fish","Diplodus hottentotus","H","Fennessy et al. (2003) - An assessment of the recreational and commercial skiboat fishery in the Transkei.pdf","East","Low",0,,"not_applicable","not_applicable","non-kelp","unspecified","not_applicable","no","Zebra (Diplodus hottentotus) was retained in the Transkei reef fishery in both regions, east of the kelp limit; no kelp mentioned. Documented non-kelp reef occurrence. Level-0 observed_alternative, habitat route; trophic route unassessed.",,"agent:opus:rfbf-v7.1"
30,"Zebra fish","Diplodus hottentotus","H","Gonzalez (2024) - Baited remote underwater video surveys report, Stilbaai Marine Protected Area (2013-2016).pdf","East","Medium",0,,"not_applicable","not_applicable","non-kelp","unspecified","not_applicable","no","Diplodus hottentotus was recorded by baited remote underwater video in the Stilbaai MPA (Table 3; present in 2013, 2014, 2015, 2016 per Table 4). Stilbaai lies on the warm-temperate south coast east of Cape Agulhas/De Hoop, beyond the eastern range limit of Ecklonia maxima, and the report explicitly",,"agent:opus:rfbf-v7.1"
30,"Zebra fish","Diplodus hottentotus","H","Götz et al. (2008) - Selected fishery and population parameters of eight shore-angling species in the Tsitsikamma National Park no-take marine reserve.pdf","East","High",0,,"not_applicable","not_applicable","non-kelp","unspecified","not_applicable","no","Zebra caught in the TNP shore-angling survey (Table 1, n=345) at a non-kelp rocky-reef site on the Eastern Cape coast. Occurrence documented; no diet data and no kelp structural action. Level-0 observed_alternative on the habitat route. Trophic route unassessed.",,"agent:opus:rfbf-v7.1"
30,"Zebra fish","Diplodus hottentotus","H","Gotz et al. (2009) - Effects of fishing on a temperate reef community in South Africa 1, ichthyofauna.pdf","East","Medium",0,,"not_applicable","not_applicable","non-kelp","unspecified","not_applicable","no","Zebra was recorded by angling and UVC at Goukamma rocky-reef sites in the East region, occupying non-kelp rocky reef without kelp measured or mentioned: Level 0 observed alternative on the habitat route. Identity from vernacular 'Zebra' = Diplodus hottentotus.",,"agent:opus:rfbf-v7.1"
30,"Zebra fish","Diplodus hottentotus","H","Götz et al. (2009) - fishing on a temperate reef community in South Africa 1- ichthyofauna.pdf","East","Medium",0,,"not_applicable","not_applicable","non-kelp","unspecified","not_applicable","no","Diplodus hottentotus (recorded as the zebra, Diplodus cervinus capensis) was recorded on warm-temperate rocky reef at the Goukamma MPA study area (south-east coast, near Knysna), which lies east of the Cape Agulhas kelp limit and outside the Ecklonia maxima range. The survey (standardised angling an",,"agent:opus:rfbf-v7.1"
30,"Zebra fish","Diplodus hottentotus","H","Götz et al. (2014) - An exploratory investigation of the fish communities associated with reefs on the central Agulhas Bank, South Africa.pdf","East","Low",0,,"not_applicable","not_applicable","non-kelp","unspecified","not_applicable","no","Caught (n=1) over the non-kelp offshore Agulhas Bank (East, beyond the eastern kelp limit; Table 2). Level-0 observed_alternative on the habitat route. Kelp not present/measured; baited-gear capture is not diet evidence, so no trophic record.",,"agent:opus:rfbf-v7.1"
30,"Zebra fish","Diplodus hottentotus","H","Griffiths (2000) - Long-term trends in catch and effort of commercial linefish off South Africa's Cape Province.pdf","East","Low",0,,"not_applicable","not_applicable","non-kelp","unspecified","not_applicable","no","Fishery-independent survey documents zebra (Diplodus hottentotus) on Southern Cape reef complexes in the second survey. Non-kelp reef habitat occurrence; kelp not measured or mentioned. Level-0 observed_alternative, habitat route, region East, Low specificity.",,"agent:opus:rfbf-v7.1"
30,"Zebra fish","Diplodus hottentotus","H","Hanekom and Baird (1984) - Fish community structures in Zostera and non-Zostera regions of the Kromme estuary, St Francis Bay.pdf","East","Low",0,,"not_applicable","not_applicable","non-kelp","juvenile","not_applicable","yes","A single juvenile sparid recorded as 'Diplodus cervinus' (in South African usage the zebra Diplodus cervinus hottentotus = Diplodus hottentotus, a frame synonym) was netted in a non-Zostera region of the Kromme estuary, an East-coast estuarine non-kelp habitat. Level-0 observed_alternative on the ha",,"agent:opus:rfbf-v7.1"
30,"Zebra fish","Diplodus hottentotus","H","Hanekom et al. (1989) - Sea temperature variations in the Tsitsikamma Coastal National Park, South Africa, with notes on the effect of cold conditions on some fish populations.pdf","East","Low",0,,"not_applicable","not_applicable","non-kelp","unspecified","not_applicable","no","Zebra recorded sheltering in the warm Storms River mouth during cold declines on the East coast (Table I). Non-kelp river-mouth occupancy; kelp not measured or mentioned. Level-0 observed_alternative habitat record.",,"agent:opus:rfbf-v7.1"
30,"Zebra fish","Diplodus hottentotus","H","Hanekom et al. (1997) - Shore-angling catches in the Tsitsikamma National Park, 1989-1995.pdf","East","High",0,,"not_applicable","not_applicable","non-kelp","unspecified","not_applicable","no","Zebra (Diplodus hottentotus) recorded and targeted in scientific fishing on the TNP non-kelp coast east of the kelp limit: level 0 observed_alternative, habitat route. Trophic route unassessed.",,"agent:opus:rfbf-v7.1"
30,"Zebra fish","Diplodus hottentotus","H","Harrison and Whitfield (2006) - Estuarine typology and the structuring of fish communities in South Africa.pdf","East","Medium",0,,"not_applicable","not_applicable","non-kelp","unspecified","not_applicable","no","Diplodus hottentotus was captured in predominantly open warm-temperate estuaries (Table 5), a non-kelp habitat; kelp and diet unassessed. Level-0 observed_alternative on the habitat route; trophic route unassessed.",,"agent:opus:rfbf-v7.1"
30,"Zebra fish","Diplodus hottentotus","H","Harrison and Whitfield (2008) - Geographical and typological changes in fish guilds of South African estuaries.pdf","Both","Low",0,,"not_applicable","not_applicable","non-kelp","unspecified","not_applicable","no","Zebra recorded incidentally in estuaries and listed in Appendix II as a marine straggler (MS), documenting occurrence in estuarine (non-kelp) habitat. No kelp co-occurrence, structural use, or trophic link observed. Level 0 observed_alternative on the habitat route; region pooled across West and Eas",,"agent:opus:rfbf-v7.1"
30,"Zebra fish","Diplodus hottentotus","H","Jairam (2005) - COMMERCIAL AND RECREATIONAL MARINE SKIBOAT LINEFISHERIES IN RICHARDS BAY.pdf","East","Low",0,,"not_applicable","not_applicable","non-kelp","unspecified","not_applicable","no","Zebra (Diplodus hottentotus, listed as D. cervinus hottentotus) caught on Richards Bay reefs (6 commercial, 33 recreational), beyond the eastern kelp limit. Documents occupancy of non-kelp reef habitat (level-0 observed_alternative, habitat route). No kelp assessed; trophic route unassessed.",,"agent:opus:rfbf-v7.1"
30,"Zebra fish","Diplodus hottentotus","H","James and Harrison (2008) - A preliminary survey of the estuaries on the south coast of South Africa, Cape St Blaize, Mossel Bay-Robberg Peninsula, Plettenberg Bay, with particular reference to the fish fauna.pdf","East","Low",0,,"not_applicable","not_applicable","non-kelp","unspecified","not_applicable","no","Region East estuarine survey. Diplodus hottentotus (zebra) was recorded as single individuals in the Klein Brak, Swartvlei and Noetsie estuaries, documenting occupancy of estuarine (non-kelp) habitat. No kelp or diet data. Level-0 observed_alternative on the habitat route; specificity Low given sing",,"agent:opus:rfbf-v7.1"
30,"Zebra fish","Diplodus hottentotus","H","James and Harrison (2010) - A preliminary survey of the estuaries on the southeast coast of South Africa, Cape Padrone-Great Fish River, with particular reference to the fish fauna.pdf","East","Medium",0,,"not_applicable","not_applicable","non-kelp","unspecified","not_applicable","no","Zebra recorded as a marine straggler in two southeast-coast estuaries, a non-kelp habitat. No kelp assessed, no diet examined; habitat-route level-0 observed_alternative. Region East.",,"agent:opus:rfbf-v7.1"
30,"Zebra fish","Diplodus hottentotus","H","James and Harrison (2011) - A preliminary survey of the estuaries on the southeast coast of South Africa, Old Woman's-Tyolomnqa, with particular reference to the fish fauna.pdf","East","Low",0,,"not_applicable","not_applicable","non-kelp","unspecified","not_applicable","no","Diplodus hottentotus was recorded as a single marine-straggler individual in the Tyolomnqa estuary (Eastern Cape) in September 1996, east of the kelp range, occupying non-kelp estuarine habitat (observed_alternative). Specificity is Low given the single passing record. Level-0 habitat record only.",,"agent:opus:rfbf-v7.1"
30,"Zebra fish","Diplodus hottentotus","H","James et al (2012)-Temporal variability of temperate fish assemblahe in Africas oldest MPA.pdf","East","High",0,,"not_applicable","not_applicable","non-kelp","unspecified","not_applicable","no","Abundant, consistently caught by shore-angling on the non-kelp East-region reef of TNP; occupancy of non-kelp habitat only. Level-0 observed_alternative on the habitat route; trophic route unassessed.",,"agent:opus:rfbf-v7.1"
30,"Zebra fish","Diplodus hottentotus","H","James et al. (2001) - The recreational fishery in the Kosi estuarine lake system, South Africa.pdf","East","Low",0,,"not_applicable","not_applicable","non-kelp","unspecified","not_applicable","yes","Zebra recorded (n=1) as a surf-zone shore catch on the northern KZN east coast, a non-kelp habitat. The appendix binomial Diplodus cervinus with common name Zebra maps to the SA zebra Diplodus hottentotus. Level-0 observed_alternative on the habitat route; Low specificity. Flagged for review because",,"agent:opus:rfbf-v7.1"
30,"Zebra fish","Diplodus hottentotus","H","Kisten and Strydom (2021) - Diel and tidal periodicity in the responses of early life stages of marine fishes to an estuary opening event in temperate South Africa.pdf","East","Medium",0,,"not_applicable","not_applicable","non-kelp","juvenile","not_applicable","yes","A single postflexion sparid larva tabulated as 'Diplodus cevinus' in the surf zone (Eastern Cape, East region). This is an apparent misspelling of Diplodus cervinus, the zebra, which corresponds to the in-scope Diplodus hottentotus. If accepted, it is a level-0 observed_alternative on the habitat ro",,"agent:opus:rfbf-v7.1"
30,"Zebra fish","Diplodus hottentotus","H","Kok and Whitfield (1986) - The influence of open and closed mouth phases on the marine fish fauna of the Swartvlei estuary.pdf","East","Medium",0,,"not_applicable","not_applicable","non-kelp","juvenile","not_applicable","yes","Captured by large-seine netting in the Swartvlei estuary (Cape south coast, 34°S 22°46′E), a seagrass and sand-flat estuarine system east of the Agulhas kelp limit (Table 1). This documents occupation of a non-kelp estuarine habitat; kelp is neither observed nor mentioned. Level 0 observed_alternati",,"agent:opus:rfbf-v7.1"
30,"Zebra fish","Diplodus hottentotus","H","Lamberth (2008) - Approaches to assessing the status of nearshore and estuarine fish and fisheries and their responses to environmental change.pdf","East","Low",0,,"not_applicable","not_applicable","non-kelp","unspecified","not_applicable","no","Zebra (Diplodus hottentotus, listed under the older name Diplodus cervinus) recorded in estuaries east of the kelp limit at trace level. Level-0 observed_alternative (non-kelp estuarine habitat). Region East.",,"agent:opus:rfbf-v7.1"
30,"Zebra fish","Diplodus hottentotus","H","Lamberth and Turpie (2003) - The role of estuaries in South African fisheries, economic importance and management implications.pdf","East","Medium",0,,"not_applicable","not_applicable","non-kelp","unspecified","not_applicable","no","Zebra (Diplodus hottentotus; Category III) is documented occurring in and caught from South/East/Transkei/KZN estuaries (Table II; Table V, 0.62 t), a non-kelp habitat. Level-0 observed_alternative on the habitat route; kelp never assessed. Region East (no West Coast presence in this source).",,"agent:opus:rfbf-v7.1"
30,"Zebra fish","Diplodus hottentotus","H","Lamberth et al. (2008) - Comparison of, and the effects of altered freshwater inflow on, fish assemblages of two contrasting South African estuaries, the cool-temperate Olifants and the warm-temperate Breede.pdf","East","Medium",0,,"not_applicable","not_applicable","non-kelp","adult","not_applicable","yes","The wildeperd/zebra (listed as Diplodus cervinus) was caught in the Breede Estuary gillnet samples. The SA form Diplodus cervinus hottentotus is the currently accepted Diplodus hottentotus (in-scope). Estuary is a non-kelp habitat; occurrence is a level-0 observed_alternative on the habitat route. F",,"agent:opus:rfbf-v7.1"
30,"Zebra fish","Diplodus hottentotus","H","Lasiak (1981) - Nursery grounds of juvenile teleosts, evidence from the surf zone of King's Beach, Port Elizabeth.pdf","East","Low",0,,"not_applicable","not_applicable","non-kelp","both","not_applicable","yes","Diplodus hottentotus (zebra) is recorded in the King's Beach surf-zone juvenile ichthyofauna under the name 'Diplodus cervinus' (Table 1), with an asterisk indicating adults were also caught, so life stage is both. In 1981 South African usage 'Diplodus cervinus' denotes the zebra (Diplodus cervinus ",,"agent:opus:rfbf-v7.1"
30,"Zebra fish","Diplodus hottentotus","H","Lechanteur (1999) - The ecology and management of false bay reef fish.pdf","West","Medium",1,,"not_applicable","not_applicable","uncertain","unspecified","within","no","Zebra (Diplodus hottentotus) was recorded across the Ecklonia/Laminaria kelp zone, establishing co-occurrence with kelp. No documented action involving kelp structure, so level 1 co-occurrence.",,"agent:opus:rfbf-v7.1"
30,"Zebra fish","Diplodus hottentotus","H","Lechanteur and Griffiths (2001) - Fish associated with artificial reefs in False Bay, South Africa, a preliminary survey.pdf","West","High",0,,"not_applicable","not_applicable","non-kelp","unspecified","not_applicable","no","Zebra (as Diplodus cervinus hottentotus) was recorded on the shallow-water Clan Stuart wreck (25 fishes) in False Bay, a non-kelp artificial-reef habitat. Kelp not measured. Level-0 observed_alternative, habitat route.",,"agent:opus:rfbf-v7.1"
30,"Zebra fish","Diplodus hottentotus","H","Lechanteur and Griffiths (2002) - Composition and seasonal variability of the suprabenthic reef-fish assemblage in False Bay.pdf","West","Low",1,,"not_applicable","not_applicable","not_applicable","unspecified","not_applicable","no","Recorded at low density across the Ecklonia/Laminaria kelp strata (0-16 m), giving habitat co-occurrence with kelp (level 1). The species is also present in kelp-free deep strata and no kelp-structure action is documented.",,"agent:opus:rfbf-v7.1"
30,"Zebra fish","Diplodus hottentotus","H","Lechanteur and Griffiths (2002) - Diets of common suprabenthic reef fish in False Bay, South Africa.pdf","West","Low",0,,"not_applicable","not_applicable","non-kelp","adult","not_applicable","no","Documented among the suprabenthic reef fish observed on natural False Bay reefs; occupies non-kelp reef habitat. Habitat observed_alternative, level 0, low specificity (general framing).",,"agent:opus:rfbf-v7.1"
30,"Zebra fish","Diplodus hottentotus","H","Lloyd et al. (2011) - Ocean warming alters species abundance patterns and increases species diversity in an African sub-tropical reef-fish community.pdf","East","Medium",0,,"not_applicable","not_applicable","non-kelp","unspecified","not_applicable","no","Diplodus hottentotus (zebra) is recorded in the KwaZulu-Natal offshore-reef spear-fishing catch (28.0–31.6°S; East region), with 69 individuals shot 1989–2007 (Appendix A), at its northern range limit. Documents a reef sparid occupying non-kelp subtropical reef habitat; kelp is not measured or menti",,"agent:opus:rfbf-v7.1"
30,"Zebra fish","Diplodus hottentotus","H","Maggs et al (2013)-Contribution of a large no take zone to the management of vulnerable reef fishes in the south western indian ocean.pdf","East","Medium",0,,"not_applicable","not_applicable","non-kelp","unspecified","not_applicable","no","Diplodus hottentotus (zebra) was caught in the Pondoland MPA survey on East-Coast reef at 10–30 m (15 individuals, Table A1), east of the kelp limit. Level-0 observed_alternative on the habitat route; trophic route unassessed. Region East.",,"agent:opus:rfbf-v7.1"
30,"Zebra fish","Diplodus hottentotus","H","Mann (1992) - Biological aspects of two sparid fishes.pdf","East","High",0,,"not_applicable","not_applicable","non-kelp","both","not_applicable","no","The source reports a quantified diver visual census of Diplodus hottentotus across six explicitly defined, entirely non-kelp reef habitat types in the Tsitsikamma National Park, on the south-eastern Cape coast east of the eastern kelp limit (E25, E26, E27). Table 10 documents occupancy of all six ha",,"agent:opus:rfbf-v7.1"
30,"Zebra fish","Diplodus hottentotus","H","Mann & Buxton (1998)-The reproductive biology of Diplodus sargus capensis and D cervinus hottentotus (Sparidae) off the south-east cape coast, south africa.pdf","East","Low",0,,"not_applicable","not_applicable","non-kelp","both","not_applicable","no","The source documents Diplodus hottentotus occupying a non-kelp setting: 304 specimens spanning juveniles (from 41 mm FL) to large adults (480 mm FL) were sampled by spearfishing and linefishing on the reefs of Tsitsikamma National Park, east of the Ecklonia maxima kelp limit (Fig. 1). This documente",,"agent:opus:rfbf-v7.1"
30,"Zebra fish","Diplodus hottentotus","H","Mann and Buxton (1992) - Diets of Diplodus sargus capensis and D. cervinus hottentotus.pdf","East","Medium",0,,"not_applicable","not_applicable","non-kelp","both","not_applicable","no","The source documents D. hottentotus occupying non-kelp habitats: juveniles in rock pools and sublittoral areas in association with (rocky) cover, sub-adults on inshore reefs, and adults associated with caves and boulder-strewn high-relief reefs to ~25 m, all at Tsitsikamma east of the kelp range. Th",,"agent:opus:rfbf-v7.1"
30,"Zebra fish","Diplodus hottentotus","H","Mann and Pradervand (2007) - Declining catch per unit effort of an estuarine-dependent fish, Rhabdosargus sarba (Teleostei, Sparidae), in the marine environment following closure of the St Lucia Estuarine System, South Africa.pdf","East","Low",0,,"not_applicable","not_applicable","non-kelp","unspecified","not_applicable","no","Caught in the northern KZN marine surf/reef zone (Table 1, 19 fish); documented occurrence in a non-kelp habitat outside the kelp range. Level-0 observed_alternative on the habitat route. No trophic data.",,"agent:opus:rfbf-v7.1"
30,"Zebra fish","Diplodus hottentotus","H","Mann et al. (2003) - Evaluation of participation in and management of the Transkei shore linefishery.pdf","East","Low",0,,"not_applicable","not_applicable","non-kelp","unspecified","not_applicable","no","Zebra caught (n=3) along the non-kelp Transkei (East) shore-fishery (Table IV). The source name Diplodus cervinus refers to the SA zebra (D. cervinus hottentotus = frame's Diplodus hottentotus); common name 'Zebra' and East-coast context make the identity clear. Level-0 observed-alternative habitat ",,"agent:opus:rfbf-v7.1"
30,"Zebra fish","Diplodus hottentotus","H","Mann et al. (2006) - Towards the declaration of a large marine protected area, a subtidal ichthyofaunal survey of the Pondoland coast in the Eastern Cape, South Africa.pdf","East","High",0,,"not_applicable","not_applicable","non-kelp","both","not_applicable","no","Counted in the Pondoland UVC (Table 1: N=302, density 22.94 per 1 000 m2; listed as D. cervinus hottentotus) on non-kelp reefs, Eastern Cape; Figure 3 shows juveniles and adults. Level-0 observed_alternative on the habitat route.",,"agent:opus:rfbf-v7.1"
30,"Zebra fish","Diplodus hottentotus","H","Mann et al. (2015) - Movement patterns of surf-zone fish species in a subtropical MPA on the east coast of South Africa.pdf","East","Medium",0,,"not_applicable","not_applicable","non-kelp","adult","not_applicable","no","East-coast subtropical MPA beyond the kelp limit; no kelp present. D. hottentotus was caught (28) and one tagged fish recaptured (resident) in the surf zone (sand and scattered low-relief beach-rock reef), documenting occupancy of a non-kelp habitat. Level-0 observed_alternative on the habitat route",,"agent:opus:rfbf-v7.1"
30,"Zebra fish","Diplodus hottentotus","H","Mann et al. (2016) - Monitoring the recovery of a previously exploited surf-zone fish community in the St Lucia Marine Reserve, South Africa.pdf","East","Medium",0,,"not_applicable","not_applicable","non-kelp","unspecified","not_applicable","no","Diplodus hottentotus was captured (n=24) in the St Lucia surf zone on the KwaZulu-Natal east coast, documenting occupancy of a non-kelp surf-zone habitat. Level-0 observed_alternative on the habitat route; region East, no kelp present. No diet or kelp comparison.",,"agent:opus:rfbf-v7.1"
30,"Zebra fish","Diplodus hottentotus","H","Mann et al. (2022) - Monitoring the effects of spatial protection on the reef fish communities of the Pondoland Marine Protected Area, Eastern Cape Province, South Africa.pdf","East","Medium",0,,"not_applicable","not_applicable","non-kelp","unspecified","not_applicable","no","In-scope zebra (Diplodus hottentotus) recorded on Pondoland reef (10–30 m, Eastern Cape east coast), east of the kelp range. Occupies non-kelp reef habitat; kelp neither measured nor mentioned. Level-0 observed_alternative on the habitat route; trophic route unassessed.",,"agent:opus:rfbf-v7.1"
30,"Zebra fish","Diplodus hottentotus","H","McGregor and Strydom (2018) - The abundance, diversity and distribution of small fishes in mangrove and non-mangrove estuaries in warm temperate South Africa.pdf","East","Medium",0,,"not_applicable","not_applicable","non-kelp","both","not_applicable","yes","The table lists Diplodus cervinus (N=2 Nahoon, 7 Gonubie), which in southern Africa refers to the zebra Diplodus cervinus hottentotus, the species entered as Diplodus hottentotus in the frame. Caught east of the kelp limit in estuarine non-kelp habitat: a level-0 observed_alternative on the habitat ",,"agent:opus:rfbf-v7.1"
30,"Zebra fish","Diplodus hottentotus","H","Mkhize et al. (2024) - Habitat use by juvenile fish in macroalgae and seagrass beds in a temperate seascape.pdf","East","High",0,,"not_applicable","not_applicable","non-kelp","juvenile","not_applicable","no","Non-kelp study region and habitats. Juvenile Diplodus hottentotus (YOY-dominated) occupied the non-kelp Plocamium macroalga (MaxN 1.9) and marginally the seagrass, significantly more abundant in the macroalga. No kelp assessed. Level-0 observed_alternative on the habitat route.",,"agent:opus:rfbf-v7.1"
30,"Zebra fish","Diplodus hottentotus","H","Mkhize et al. (2025) - Habitat use by juvenile fish in macroalgae and seagrass beds in a temperate South African seascape.pdf","East","High",0,,"not_applicable","not_applicable","non-kelp","juvenile","not_applicable","no","Zebra (young-of-the-year and larger juveniles) recorded by sRUV occupying non-kelp Plocamium corallorhiza macroalgae and, in low numbers, Zostera capensis seagrass in Algoa Bay (East). No kelp present. Documented occupancy of non-kelp habitats gives a level-0 observed_alternative on the habitat rout",,"agent:opus:rfbf-v7.1"
30,"Zebra fish","Diplodus hottentotus","H","Nodo et al. (2018) - Response of demersal fish assemblages to an extreme flood event in a freshwater-deprived estuary in South Africa.pdf","East","Medium",0,,"not_applicable","not_applicable","non-kelp","juvenile","not_applicable","no","Diplodus hottentotus (recorded under the synonym Diplodus cervinus hottentotus; in-scope) was caught (n=3, juveniles 50–70 mm SL) in the middle reaches of the Kariega Estuary (Eastern Cape, East region). This documents an in-scope species occupying a non-kelp estuarine habitat: level-0 observed_alte",,"agent:opus:rfbf-v7.1"
30,"Zebra fish","Diplodus hottentotus","H","Osgood et al. (2020) - Chondrichthyans as an umbrella species-complex for conserving South African biodiversity.pdf","West","Low",0,,"not_applicable","not_applicable","non-kelp","unspecified","not_applicable","no","Zebra is observed on BRUV in the kelp region (only opportunistically) at non-kelp sites; the RDA places it in the central non-kelp cluster. Level-0 observed_alternative on the habitat route, Low specificity given the opportunistic sighting. Trophic route unassessed.",,"agent:opus:rfbf-v7.1"
30,"Zebra fish","Diplodus hottentotus","H","Pattrick and Strydom (2014) - Recruitment of fish larvae and juveniles into two estuarine nursery areas with evidence of ebb tide use.pdf","East","High",0,,"not_applicable","not_applicable","non-kelp","juvenile","not_applicable","no","Zebra (Diplodus hottentotus) postflexion larvae and early juveniles were caught in both estuaries (East, non-kelp estuarine nursery). A level-0 observed_alternative habitat record.",,"agent:opus:rfbf-v7.1"
30,"Zebra fish","Diplodus hottentotus","H","Pattrick and Strydom (2014) - The effects of exposure in sandy beach surf zones on larval fishes.pdf","East","Medium",0,,"not_applicable","not_applicable","non-kelp","juvenile","not_applicable","no","Diplodus hottentotus (tabulated as Diplodus cervinus hottentotus and named in the discussion as the zebra Diplodus hottentotus) was captured as larvae/early juveniles (n=3; Table I) in the sandy beach surf zones of Algoa Bay (East of the kelp limit). This documents the in-scope species occupying a n",,"agent:opus:rfbf-v7.1"
30,"Zebra fish","Diplodus hottentotus","H","Pollard et al. (2017) - Eelgrass beds and bare substrata, sparid and mugilid composition in contrasting littoral estuarine habitats.pdf","East","Low",0,,"not_applicable","not_applicable","non-kelp","unspecified","not_applicable","no","Knysna Estuary is east of the kelp limit, no kelp present. D. hottentotus was caught in the survey and contributed to the SIMPER dissimilarity between eelgrass and bare sediment (Table 3: 3.56% and 5.94%), confirming presence in these non-kelp estuarine habitats. Level-0 observed_alternative on the ",,"agent:opus:rfbf-v7.1"
30,"Zebra fish","Diplodus hottentotus","H","Pradervand (2004) - Long-term trends in the shore fishery of the Transkei coast, South Africa.pdf","East","Medium",0,,"not_applicable","not_applicable","non-kelp","unspecified","not_applicable","no","D. hottentotus recorded (n=42) in the Transkei shore fishery (East, non-kelp); no diet or kelp-structure observation. Level-0 observed_alternative on the habitat route.",,"agent:opus:rfbf-v7.1"
30,"Zebra fish","Diplodus hottentotus","H","Pradervand and Govender (2003) - Assessment of catches in shore angling competitions from the border region of the Eastern Cape, South Africa.pdf","East","Medium",0,,"not_applicable","not_applicable","non-kelp","unspecified","not_applicable","no","Zebra (Diplodus hottentotus) positively identified (n=37) in the Border surf-zone catch, Eastern Cape (East of kelp limit). Level-0 observed_alternative habitat record. No diet data; trophic route unassessed.",,"agent:opus:rfbf-v7.1"
30,"Zebra fish","Diplodus hottentotus","H","Pradervand and Hiseman (2006) - An analysis of the recreational shore fishery in the Goukamma Marine Protected Area.pdf","East","Medium",0,,"not_applicable","not_applicable","non-kelp","both","not_applicable","no","Table 1 records 217 zebra (Diplodus hottentotus, printed as D. cervinus hottentotus) in the Goukamma MPA shore fishery, east of the eastern kelp limit, in non-kelp coastal habitat. Occurrence only, no diet or kelp-structure use, no measured availability. Level-0 observed-alternative habitat record. ",,"agent:opus:rfbf-v7.1"
30,"Zebra fish","Diplodus hottentotus","H","Pradervand et al. (2007) - Long-term trends in the competitive shore fishery along the KwaZulu-Natal coast, South Africa.pdf","East","Low",0,,"not_applicable","not_applicable","non-kelp","unspecified","not_applicable","no","Zebra (Diplodus hottentotus) recorded (n=297) in the East-coast non-kelp shore fishery. Documents occurrence on non-kelp inshore reef habitat; kelp not assessed. Level-0 observed_alternative, habitat route.",,"agent:opus:rfbf-v7.1"
30,"Zebra fish","Diplodus hottentotus","H","Reddy et al. (2011) - Marine connectivity and fish length frequencies of selected species in two adjacent temporarily open closed estuaries in the Eastern Cape Province, South Africa.pdf","East","Medium",0,,"not_applicable","not_applicable","non-kelp","unspecified","not_applicable","no","Diplodus hottentotus (zebra), in scope, is recorded (only in the West Kleinemonde) in an Eastern Cape estuary (non-kelp habitat). Level-0 observed_alternative habitat record. Region East; kelp not addressed. No diet data, so trophic route unassessed.",,"agent:opus:rfbf-v7.1"
30,"Zebra fish","Diplodus hottentotus","H","Richardson et al. (2006) - The influence of selected environmental parameters on the distribution of the dominant demersal fishes in the Kariega Estuary channel, South Africa.pdf","East","Medium",0,,"not_applicable","not_applicable","non-kelp","juvenile","not_applicable","no","Zebra (Diplodus hottentotus, recorded under the historical name Diplodus cervinus hottentotus) juveniles were trawled in the Kariega Estuary channel (East region, non-kelp estuarine habitat), documenting occupancy of a non-kelp habitat and supporting a level-0 observed_alternative on the habitat rou",,"agent:opus:rfbf-v7.1"
30,"Zebra fish","Diplodus hottentotus","H","Roberson et al. (2015) - First survey of fishes in Betty's bay along South Africa s temperate south west coast.pdf","West","Low",0,,"not_applicable","not_applicable","non-kelp","unspecified","not_applicable","no","D. hottentotus was recorded at 5 of 58 sites without resolution to kelp habitat. Observed occupancy of the surveyed inshore habitat (Level 0 observed alternative); kelp co-occurrence not established.",,"agent:opus:rfbf-v7.1"
30,"Zebra fish","Diplodus hottentotus","H","Sink et al (2006)_observations-of-the-habitats-and-biodiversity-of-the-submarine-canyons-at-sodwana-bay-coelacanth.pdf","East","Medium",0,,"not_applicable","not_applicable","non-kelp","unspecified","not_applicable","yes","The 'Zebra' recorded on video census in Wright and Jesser canyons off Sodwana Bay is the in-scope Diplodus hottentotus (the paper uses the older binomial Diplodus cervinus; the South African zebra was formerly Diplodus cervinus hottentotus). This is an observation of an in-scope species occupying a ",,"agent:opus:rfbf-v7.1"
30,"Zebra fish","Diplodus hottentotus","H","Smale and Buxton (1988) - The subtidal gully fish community of the eastern Cape and the role of this habitat as a nursery area.pdf","East","Medium",0,,"not_applicable","not_applicable","non-kelp","juvenile","not_applicable","no","Diplodus hottentotus (zebra, as Diplodus cervinus hottentotus) was collected largely as juveniles (n=68, 53–194 mm) from non-kelp red-algae rocky gullies in the eastern Cape (East, beyond the kelp limit); one of Beckley's nursery species. A level-0 observed_alternative on the habitat route. No diet ",,"agent:opus:rfbf-v7.1"
30,"Zebra fish","Diplodus hottentotus","H","Smale et al. (1993) - Analysis of the demersal community of fish and cephalopods on the Agulhas Bank, South Africa.pdf","East","Low",0,,"not_applicable","not_applicable","non-kelp","unspecified","not_applicable","no","Zebra (Diplodus hottentotus) taken in Agulhas Bank demersal trawls (Appendix 1); occurrence in non-kelp shelf/reef habitat east of the kelp limit. Level-0 observed_alternative on the habitat route.",,"agent:opus:rfbf-v7.1"
30,"Zebra fish","Diplodus hottentotus","H","Strydom et al. (2014) - Occurrence of larval fishes in a rocky shore-associated nursery area in temperate South Africa.pdf","East","Low",0,,"not_applicable","not_applicable","non-kelp","juvenile","not_applicable","yes","The source records 'Diplodus cervinus' (11 early-juvenile/juvenile individuals) in Shark Bay. In South African waters this name denotes the zebra, Diplodus cervinus hottentotus, mapped to the frame species Diplodus hottentotus. It is a documented occupancy of a non-kelp East-coast habitat: level-0 o",,"agent:opus:rfbf-v7.1"
30,"Zebra fish","Diplodus hottentotus","H","Talbots (1955)-Notes on the biology of Rhabdosargus globiceps.pdf","West","Low",0,,"not_applicable","not_applicable","non-kelp","juvenile","not_applicable","yes","A species recorded as Diplodus trifasciatus (Rafinesque) occupies the Klein River estuary and is described as omnivorous on non-kelp plant and invertebrate matter. If this is the zebra Diplodus hottentotus it is a level-0 observed_alternative on the habitat route (with a coincident non-kelp trophic ",,"agent:opus:rfbf-v7.1"
30,"Zebra fish","Diplodus hottentotus","H","Ter Morshuizen and Whitfield (1994) - The distribution of littoral fish associated with eelgrass Zostera capensis beds in the Kariega Estuary.pdf","East","Medium",0,,"not_applicable","not_applicable","non-kelp","juvenile","not_applicable","no","Diplodus hottentotus (zebra, as Diplodus cervinus hottentotus) was captured at low density in the lower-reach eelgrass beds (Table II) of a non-kelp Eastern Cape estuary. A direct, quantified occurrence in a non-kelp habitat with no kelp or diet observation: level-0 observed_alternative, habitat rou",,"agent:opus:rfbf-v7.1"
30,"Zebra fish","Diplodus hottentotus","H","Venter and Mann (2012) - Preliminary assessment of surf-zone and estuarine line-fish species of the Dwesa-Cwebe Marine Protected Area.pdf","East","Medium",0,,"not_applicable","not_applicable","non-kelp","unspecified","not_applicable","no","Recorded in the East-region non-kelp surf-zone (11 individuals, 1.03%). Kelp neither measured nor mentioned. Level-0 observed_alternative on the habitat route. No diet data, trophic route unassessed.",,"agent:opus:rfbf-v7.1"
30,"Zebra fish","Diplodus hottentotus","H","Wallace et al. (1984) - Inshore small-mesh trawling survey of the Cape south coast. Part 1. Introduction, methods, stations and catches.pdf","East","Low",0,,"not_applicable","not_applicable","non-kelp","unspecified","not_applicable","yes","Zebra (recorded as Diplodus cervinus) taken in the soft-bottom trawl survey east of the kelp coast; non-kelp habitat occurrence. Level 0 observed_alternative on the habitat route. Nomenclature flagged for review because 'Diplodus cervinus' could be read as the Mediterranean species.",,"agent:opus:rfbf-v7.1"
30,"Zebra fish","Diplodus hottentotus","H","Watt-pringle et al. (2013) - Residency and small-scale movement of three sparid fishes.pdf","East","High",0,,"not_applicable","not_applicable","non-kelp","juvenile","not_applicable","no","Diplodus hottentotus is model_scope=true. Tagged juvenile zebra are directly observed as highly resident within rocky subtidal gullies at Schoenmakerskop (Eastern Cape, east of the kelp limit), a non-kelp habitat where kelp is neither measured nor mentioned. This documented occupancy of a non-kelp h",,"agent:opus:rfbf-v7.1"
30,"Zebra fish","Diplodus hottentotus","H","Whitfield (2005) - Preliminary documentation and assessment of fish diversity in sub-Saharan African estuaries.pdf","East","Low",0,,"not_applicable","not_applicable","non-kelp","unspecified","not_applicable","yes","Diplodus cervinus hottentotus (= Diplodus hottentotus, zebra; marine straggler) is listed in south-eastern warm-temperate estuaries (Table 3 cont.), documenting non-kelp (estuarine) habitat occupancy in the East region -> level-0 observed_alternative, habitat route. Secondary compilation.",,"agent:opus:rfbf-v7.1"
30,"Zebra fish","Diplodus hottentotus","H","Whitfield et al. (1993) - A comparison of the ichthyofaunas in two permanently open eastern Cape estuaries.pdf","East","Medium",0,,"not_applicable","not_applicable","non-kelp","juvenile","not_applicable","no","Diplodus hottentotus (as Diplodus cervinus hottentotus, the zebra) was captured by seine in both eastern Cape estuaries (Kowie 5,7; Great Fish 0,6 per 10 hauls), documenting occupancy of non-kelp estuarine habitat: level-0 observed_alternative on the habitat route.",,"agent:opus:rfbf-v7.1"
30,"Zebra fish","Diplodus hottentotus","T","Day (1970) - The biology of False Bay, South Africa.pdf","West","Low",0,,"non_kelp","not_applicable","not_applicable","unspecified","not_applicable","no","The zebra (wildeperd), named among the reef fish feeding on a variety of invertebrates, has a documented non-kelp diet (level 0 observed alternative).",,"agent:opus:rfbf-v7.1"
30,"Zebra fish","Diplodus hottentotus","T","Lechanteur (1999) - The ecology and management of false bay reef fish.pdf","West","High",0,,"non_kelp","not_applicable","not_applicable","adult","not_applicable","no","Zebra's False Bay diet is dominated by polychaete worms with sand- and reef-dwelling amphipods and hermit crabs; no kelp or kelp-linked prey. Level-0 observed alternative on the trophic route.",,"agent:opus:rfbf-v7.1"
30,"Zebra fish","Diplodus hottentotus","T","Lechanteur and Griffiths (2002) - Diets of common suprabenthic reef fish in False Bay, South Africa.pdf","West","High",0,,"non_kelp","not_applicable","not_applicable","adult","not_applicable","no","Primary quantified diet (24 stomachs, adult) in False Bay documents feeding on polychaetes and amphipods, non-kelp prey with no source-stated kelp link. Trophic observed_alternative, level 0. (Diplodus cervinus hottentotus = accepted Diplodus hottentotus, the zebra.)",,"agent:opus:rfbf-v7.1"
30,"Zebra fish","Diplodus hottentotus","T","Mann (1992) - Biological aspects of two sparid fishes.pdf","East","High",0,,"non_kelp","outside","not_applicable","both","not_applicable","no","Mann (1992) reports a primary stomach-content study of Diplodus cervinus hottentotus (accepted name Diplodus hottentotus) from 189 fish taken in the Tsitsikamma National Park and adjacent areas between April 1989 and December 1990, on the south-eastern Cape coast east of the eastern kelp limit (E19)",,"agent:opus:rfbf-v7.1"
30,"Zebra fish","Diplodus hottentotus","T","Mann and Buxton (1992) - Diets of Diplodus sargus capensis and D. cervinus hottentotus.pdf","East","High",0,,"non_kelp","outside","not_applicable","both","not_applicable","no","At Tsitsikamma, east of the kelp range, the source's stomach-content analysis documents D. hottentotus (zebra) feeding on non-kelp reef invertebrates: gammarid and caprellid amphipods and polychaetes dominate across all sizes, with decapods, ophiuroids, echinoids, gastropods and cephalopods in large",,"agent:opus:rfbf-v7.1"
30,"Zebra fish","Diplodus hottentotus","T","Whitfield et al. (2023) - Fishes of the Knysna Estuary.pdf","East","Medium",0,,"non_kelp","not_applicable","not_applicable","unspecified","not_applicable","no","Zebra (Diplodus hottentotus) is documented feeding on eelgrass leaves/epiphytic diatoms in the estuary, a non-kelp food source, giving a level-0 observed_alternative trophic record.",,"agent:opus:rfbf-v7.1"
